respondent_id,factor_type,factor_name,factor_rank_in_answer
1,choose,Команда и корпоративная культура,1
1,choose,Нахождение офиса компании,2
1,choose,Интересные задачи / проекты,3
2,choose,Личный бренд основателя / руководителя компании,1
2,choose,Команда и корпоративная культура,2
2,choose,Интересные задачи / проекты,3
3,choose,Интересные задачи / проекты,1
3,choose,Репутация компании на рынке,2
3,choose,Команда и корпоративная культура,3
4,choose,Удаленный / гибридный формат работы,1
4,choose,Баланс работы и личной жизни,2
4,choose,Моё профессиональное развитие,3
5,choose,Удаленный / гибридный формат работы,1
5,choose,Репутация компании на рынке,2
5,choose,Стабильность компании (финансовая устойчивость),3
6,choose,Баланс работы и личной жизни,1
6,choose,Моё профессиональное развитие,2
6,choose,Удаленный / гибридный формат работы,3
7,choose,Репутация компании на рынке,1
7,choose,Моё профессиональное развитие,2
7,choose,Команда и корпоративная культура,3
8,choose,Баланс работы и личной жизни,1
8,choose,Команда и корпоративная культура,2
8,choose,Интересные задачи / проекты,3
9,choose,Интересные задачи / проекты,1
9,choose,Стабильность компании (финансовая устойчивость),2
9,choose,Команда и корпоративная культура,3
10,choose,Баланс работы и личной жизни,1
10,choose,Стабильность компании (финансовая устойчивость),2
10,choose,Команда и корпоративная культура,3
11,choose,Команда и корпоративная культура,1
11,choose,Моё профессиональное развитие,2
11,choose,Интересные задачи / проекты,3
12,choose,Стабильность компании (финансовая устойчивость),1
12,choose,Удаленный / гибридный формат работы,2
12,choose,Команда и корпоративная культура,3
13,choose,Интересные задачи / проекты,1
13,choose,Команда и корпоративная культура,2
13,choose,Стабильность компании (финансовая устойчивость),3
14,choose,Интересные задачи / проекты,1
14,choose,Команда и корпоративная культура,2
14,choose,Удаленный / гибридный формат работы,3
15,choose,Баланс работы и личной жизни,1
15,choose,Нахождение офиса компании,2
15,choose,Стабильность компании (финансовая устойчивость),3
16,choose,Репутация компании на рынке,1
16,choose,Интересные задачи / проекты,2
16,choose,Удаленный / гибридный формат работы,3
17,choose,Интересные задачи / проекты,1
17,choose,Удаленный / гибридный формат работы,2
17,choose,Моё профессиональное развитие,3
18,choose,Удаленный / гибридный формат работы,1
18,choose,Команда и корпоративная культура,2
18,choose,Нахождение офиса компании,3
19,choose,Стабильность компании (финансовая устойчивость),1
19,choose,Репутация компании на рынке,2
19,choose,Моё профессиональное развитие,3
20,choose,Стабильность компании (финансовая устойчивость),1
20,choose,Моё профессиональное развитие,2
20,choose,Баланс работы и личной жизни,3
21,choose,Стабильность компании (финансовая устойчивость),1
21,choose,Удаленный / гибридный формат работы,2
21,choose,Интересные задачи / проекты,3
22,choose,Удаленный / гибридный формат работы,1
22,choose,Стабильность компании (финансовая устойчивость),2
22,choose,Баланс работы и личной жизни,3
23,choose,Команда и корпоративная культура,1
23,choose,Баланс работы и личной жизни,2
23,choose,Цифровые продукт компании,3
24,choose,Репутация компании на рынке,1
24,choose,Баланс работы и личной жизни,2
24,choose,Команда и корпоративная культура,3
25,choose,Баланс работы и личной жизни,1
25,choose,Репутация компании на рынке,2
25,choose,Стабильность компании (финансовая устойчивость),3
26,choose,Моё профессиональное развитие,1
26,choose,Стабильность компании (финансовая устойчивость),2
26,choose,Команда и корпоративная культура,3
27,choose,Баланс работы и личной жизни,1
27,choose,Команда и корпоративная культура,2
27,choose,Стабильность компании (финансовая устойчивость),3
28,choose,Моё профессиональное развитие,1
28,choose,Интересные задачи / проекты,2
28,choose,Команда и корпоративная культура,3
29,choose,Удаленный / гибридный формат работы,1
29,choose,Моё профессиональное развитие,2
29,choose,Баланс работы и личной жизни,3
30,choose,Интересные задачи / проекты,1
30,choose,Команда и корпоративная культура,2
30,choose,Баланс работы и личной жизни,3
31,choose,Репутация компании на рынке,1
31,choose,Интересные задачи / проекты,2
31,choose,Нахождение офиса компании,3
32,choose,Моё профессиональное развитие,1
32,choose,Репутация компании на рынке,2
32,choose,Удаленный / гибридный формат работы,3
33,choose,Команда и корпоративная культура,1
33,choose,Моё профессиональное развитие,2
33,choose,Удаленный / гибридный формат работы,3
34,choose,Удаленный / гибридный формат работы,1
34,choose,Интересные задачи / проекты,2
34,choose,Цифровые продукт компании,3
35,choose,Моё профессиональное развитие,1
35,choose,Интересные задачи / проекты,2
35,choose,Команда и корпоративная культура,3
36,choose,Интересные задачи / проекты,1
36,choose,Репутация компании на рынке,2
36,choose,Стабильность компании (финансовая устойчивость),3
37,choose,Моё профессиональное развитие,1
37,choose,Стабильность компании (финансовая устойчивость),2
37,choose,Интересные задачи / проекты,3
38,choose,Баланс работы и личной жизни,1
38,choose,Стабильность компании (финансовая устойчивость),2
38,choose,Нахождение офиса компании,3
39,choose,Стабильность компании (финансовая устойчивость),1
39,choose,Нахождение офиса компании,2
39,choose,Команда и корпоративная культура,3
40,choose,Стабильность компании (финансовая устойчивость),1
40,choose,Моё профессиональное развитие,2
40,choose,Интересные задачи / проекты,3
41,choose,Репутация компании на рынке,1
41,choose,Интересные задачи / проекты,2
41,choose,Команда и корпоративная культура,3
42,choose,Команда и корпоративная культура,1
42,choose,Баланс работы и личной жизни,2
42,choose,Интересные задачи / проекты,3
43,choose,Стабильность компании (финансовая устойчивость),1
43,choose,Команда и корпоративная культура,2
43,choose,Удаленный / гибридный формат работы,3
44,choose,Стабильность компании (финансовая устойчивость),1
44,choose,Баланс работы и личной жизни,2
44,choose,Репутация компании на рынке,3
45,choose,Удаленный / гибридный формат работы,1
45,choose,Стабильность компании (финансовая устойчивость),2
45,choose,Баланс работы и личной жизни,3
46,choose,Нахождение офиса компании,1
46,choose,Интересные задачи / проекты,2
46,choose,Удаленный / гибридный формат работы,3
47,choose,Интересные задачи / проекты,1
47,choose,Удаленный / гибридный формат работы,2
47,choose,Личный бренд основателя / руководителя компании,3
48,choose,Репутация компании на рынке,1
48,choose,Нахождение офиса компании,2
48,choose,Моё профессиональное развитие,3
49,choose,Цифровые продукт компании,1
50,choose,Стабильность компании (финансовая устойчивость),1
50,choose,Команда и корпоративная культура,2
50,choose,Репутация компании на рынке,3
51,choose,Моё профессиональное развитие,1
51,choose,Удаленный / гибридный формат работы,2
51,choose,Баланс работы и личной жизни,3
52,choose,Баланс работы и личной жизни,1
52,choose,Удаленный / гибридный формат работы,2
52,choose,Интересные задачи / проекты,3
53,choose,Команда и корпоративная культура,1
53,choose,Баланс работы и личной жизни,2
53,choose,Стабильность компании (финансовая устойчивость),3
54,choose,Интересные задачи / проекты,1
54,choose,Стабильность компании (финансовая устойчивость),2
54,choose,Моё профессиональное развитие,3
55,choose,Баланс работы и личной жизни,1
55,choose,Удаленный / гибридный формат работы,2
55,choose,Моё профессиональное развитие,3
56,choose,Команда и корпоративная культура,1
56,choose,Баланс работы и личной жизни,2
56,choose,Стабильность компании (финансовая устойчивость),3
57,choose,Стабильность компании (финансовая устойчивость),1
57,choose,Нахождение офиса компании,2
57,choose,Команда и корпоративная культура,3
58,choose,Команда и корпоративная культура,1
58,choose,Стабильность компании (финансовая устойчивость),2
58,choose,Репутация компании на рынке,3
59,choose,Стабильность компании (финансовая устойчивость),1
59,choose,Интересные задачи / проекты,2
59,choose,Команда и корпоративная культура,3
60,choose,Репутация компании на рынке,1
60,choose,Стабильность компании (финансовая устойчивость),2
61,choose,Цифровые продукт компании,1
61,choose,Баланс работы и личной жизни,2
61,choose,Моё профессиональное развитие,3
62,choose,Баланс работы и личной жизни,1
62,choose,Удаленный / гибридный формат работы,2
62,choose,Другое: Жалақы,3
63,choose,Интересные задачи / проекты,1
63,choose,Команда и корпоративная культура,2
63,choose,Стабильность компании (финансовая устойчивость),3
64,choose,Баланс работы и личной жизни,1
64,choose,Моё профессиональное развитие,2
64,choose,Интересные задачи / проекты,3
65,choose,Моё профессиональное развитие,1
65,choose,Нахождение офиса компании,2
65,choose,Стабильность компании (финансовая устойчивость),3
66,choose,Моё профессиональное развитие,1
67,choose,Интересные задачи / проекты,1
67,choose,Стабильность компании (финансовая устойчивость),2
67,choose,Команда и корпоративная культура,3
68,choose,Удаленный / гибридный формат работы,1
68,choose,Баланс работы и личной жизни,2
68,choose,Стабильность компании (финансовая устойчивость),3
69,choose,Баланс работы и личной жизни,1
69,choose,Команда и корпоративная культура,2
69,choose,Удаленный / гибридный формат работы,3
70,choose,Баланс работы и личной жизни,1
70,choose,Моё профессиональное развитие,2
70,choose,Удаленный / гибридный формат работы,3
71,choose,Стабильность компании (финансовая устойчивость),1
71,choose,Интересные задачи / проекты,2
71,choose,Удаленный / гибридный формат работы,3
72,choose,Команда и корпоративная культура,1
72,choose,Удаленный / гибридный формат работы,2
72,choose,Стабильность компании (финансовая устойчивость),3
73,choose,Моё профессиональное развитие,1
73,choose,Репутация компании на рынке,2
73,choose,Стабильность компании (финансовая устойчивость),3
74,choose,Команда и корпоративная культура,1
74,choose,Удаленный / гибридный формат работы,2
74,choose,Стабильность компании (финансовая устойчивость),3
75,choose,Удаленный / гибридный формат работы,1
75,choose,Баланс работы и личной жизни,2
75,choose,Интересные задачи / проекты,3
76,choose,Удаленный / гибридный формат работы,1
76,choose,Цифровые продукт компании,2
76,choose,Стабильность компании (финансовая устойчивость),3
77,choose,Стабильность компании (финансовая устойчивость),1
77,choose,Баланс работы и личной жизни,2
77,choose,Нахождение офиса компании,3
78,choose,Интересные задачи / проекты,1
78,choose,Удаленный / гибридный формат работы,2
78,choose,Стабильность компании (финансовая устойчивость),3
79,choose,Стабильность компании (финансовая устойчивость),1
79,choose,Репутация компании на рынке,2
79,choose,Интересные задачи / проекты,3
80,choose,Моё профессиональное развитие,1
80,choose,Стабильность компании (финансовая устойчивость),2
80,choose,Репутация компании на рынке,3
81,choose,Интересные задачи / проекты,1
81,choose,Нахождение офиса компании,2
81,choose,Удаленный / гибридный формат работы,3
82,choose,Баланс работы и личной жизни,1
82,choose,Репутация компании на рынке,2
82,choose,Команда и корпоративная культура,3
83,choose,Стабильность компании (финансовая устойчивость),1
83,choose,Интересные задачи / проекты,2
83,choose,Моё профессиональное развитие,3
84,choose,Команда и корпоративная культура,1
84,choose,Цифровые продукт компании,2
84,choose,Интересные задачи / проекты,3
85,choose,Удаленный / гибридный формат работы,1
85,choose,Баланс работы и личной жизни,2
85,choose,Стабильность компании (финансовая устойчивость),3
86,choose,Интересные задачи / проекты,1
86,choose,Цифровые продукт компании,2
86,choose,Репутация компании на рынке,3
87,choose,Баланс работы и личной жизни,1
87,choose,Удаленный / гибридный формат работы,2
87,choose,Стабильность компании (финансовая устойчивость),3
88,choose,Интересные задачи / проекты,1
88,choose,Команда и корпоративная культура,2
88,choose,Моё профессиональное развитие,3
89,choose,Команда и корпоративная культура,1
89,choose,Интересные задачи / проекты,2
89,choose,Удаленный / гибридный формат работы,3
90,choose,Репутация компании на рынке,1
90,choose,Интересные задачи / проекты,2
90,choose,Баланс работы и личной жизни,3
91,choose,Репутация компании на рынке,1
91,choose,Команда и корпоративная культура,2
91,choose,Моё профессиональное развитие,3
92,choose,Удаленный / гибридный формат работы,1
92,choose,Баланс работы и личной жизни,2
92,choose,Команда и корпоративная культура,3
93,choose,Репутация компании на рынке,1
93,choose,Интересные задачи / проекты,2
93,choose,Моё профессиональное развитие,3
94,choose,Команда и корпоративная культура,1
94,choose,Удаленный / гибридный формат работы,2
94,choose,Стабильность компании (финансовая устойчивость),3
95,choose,Удаленный / гибридный формат работы,1
95,choose,Баланс работы и личной жизни,2
95,choose,Стабильность компании (финансовая устойчивость),3
96,choose,Баланс работы и личной жизни,1
96,choose,Команда и корпоративная культура,2
96,choose,Моё профессиональное развитие,3
97,choose,Баланс работы и личной жизни,1
97,choose,Стабильность компании (финансовая устойчивость),2
97,choose,Моё профессиональное развитие,3
98,choose,Интересные задачи / проекты,1
98,choose,Стабильность компании (финансовая устойчивость),2
98,choose,Удаленный / гибридный формат работы,3
99,choose,Цифровые продукт компании,1
99,choose,Стабильность компании (финансовая устойчивость),2
99,choose,Удаленный / гибридный формат работы,3
100,choose,Стабильность компании (финансовая устойчивость),1
100,choose,Баланс работы и личной жизни,2
100,choose,Моё профессиональное развитие,3
101,choose,Интересные задачи / проекты,1
101,choose,Стабильность компании (финансовая устойчивость),2
101,choose,Репутация компании на рынке,3
102,choose,Стабильность компании (финансовая устойчивость),1
102,choose,Удаленный / гибридный формат работы,2
102,choose,Репутация компании на рынке,3
103,choose,Интересные задачи / проекты,1
103,choose,Команда и корпоративная культура,2
103,choose,Стабильность компании (финансовая устойчивость),3
104,choose,Удаленный / гибридный формат работы,1
104,choose,Баланс работы и личной жизни,2
104,choose,Стабильность компании (финансовая устойчивость),3
105,choose,Репутация компании на рынке,1
105,choose,Интересные задачи / проекты,2
105,choose,Стабильность компании (финансовая устойчивость),3
106,choose,Интересные задачи / проекты,1
106,choose,Моё профессиональное развитие,2
106,choose,Репутация компании на рынке,3
107,choose,Репутация компании на рынке,1
107,choose,Моё профессиональное развитие,2
107,choose,Удаленный / гибридный формат работы,3
108,choose,Удаленный / гибридный формат работы,1
108,choose,Интересные задачи / проекты,2
108,choose,Команда и корпоративная культура,3
109,choose,Команда и корпоративная культура,1
109,choose,Баланс работы и личной жизни,2
109,choose,Интересные задачи / проекты,3
110,choose,Удаленный / гибридный формат работы,1
110,choose,Репутация компании на рынке,2
110,choose,Интересные задачи / проекты,3
111,choose,Стабильность компании (финансовая устойчивость),1
111,choose,Баланс работы и личной жизни,2
111,choose,Моё профессиональное развитие,3
112,choose,Команда и корпоративная культура,1
112,choose,Интересные задачи / проекты,2
112,choose,Моё профессиональное развитие,3
113,choose,Интересные задачи / проекты,1
113,choose,Стабильность компании (финансовая устойчивость),2
113,choose,Моё профессиональное развитие,3
114,choose,Стабильность компании (финансовая устойчивость),1
114,choose,Моё профессиональное развитие,2
114,choose,Интересные задачи / проекты,3
115,choose,Интересные задачи / проекты,1
115,choose,Моё профессиональное развитие,2
115,choose,Цифровые продукт компании,3
116,choose,Репутация компании на рынке,1
116,choose,Интересные задачи / проекты,2
116,choose,Моё профессиональное развитие,3
117,choose,Баланс работы и личной жизни,1
117,choose,Интересные задачи / проекты,2
117,choose,Команда и корпоративная культура,3
118,choose,Удаленный / гибридный формат работы,1
118,choose,Баланс работы и личной жизни,2
118,choose,Команда и корпоративная культура,3
119,choose,Команда и корпоративная культура,1
119,choose,Интересные задачи / проекты,2
119,choose,Репутация компании на рынке,3
120,choose,Баланс работы и личной жизни,1
120,choose,Моё профессиональное развитие,2
120,choose,Стабильность компании (финансовая устойчивость),3
121,choose,Репутация компании на рынке,1
121,choose,Моё профессиональное развитие,2
121,choose,Интересные задачи / проекты,3
122,choose,Стабильность компании (финансовая устойчивость),1
122,choose,Удаленный / гибридный формат работы,2
122,choose,Команда и корпоративная культура,3
123,choose,Моё профессиональное развитие,1
123,choose,Команда и корпоративная культура,2
123,choose,Удаленный / гибридный формат работы,3
124,choose,Команда и корпоративная культура,1
124,choose,Баланс работы и личной жизни,2
124,choose,Моё профессиональное развитие,3
125,choose,Баланс работы и личной жизни,1
125,choose,Интересные задачи / проекты,2
125,choose,Моё профессиональное развитие,3
126,choose,Интересные задачи / проекты,1
126,choose,Моё профессиональное развитие,2
126,choose,Стабильность компании (финансовая устойчивость),3
127,choose,Команда и корпоративная культура,1
127,choose,Удаленный / гибридный формат работы,2
127,choose,Интересные задачи / проекты,3
128,choose,Команда и корпоративная культура,1
128,choose,Моё профессиональное развитие,2
128,choose,Репутация компании на рынке,3
129,choose,Баланс работы и личной жизни,1
129,choose,Моё профессиональное развитие,2
129,choose,Команда и корпоративная культура,3
130,choose,Команда и корпоративная культура,1
130,choose,Удаленный / гибридный формат работы,2
130,choose,Интересные задачи / проекты,3
131,choose,Репутация компании на рынке,1
131,choose,Моё профессиональное развитие,2
131,choose,Команда и корпоративная культура,3
132,choose,Интересные задачи / проекты,1
132,choose,Баланс работы и личной жизни,2
132,choose,Моё профессиональное развитие,3
133,choose,Стабильность компании (финансовая устойчивость),1
133,choose,Удаленный / гибридный формат работы,2
133,choose,Нахождение офиса компании,3
134,choose,Репутация компании на рынке,1
134,choose,Удаленный / гибридный формат работы,2
134,choose,Команда и корпоративная культура,3
135,choose,Удаленный / гибридный формат работы,1
135,choose,Моё профессиональное развитие,2
135,choose,Баланс работы и личной жизни,3
136,choose,Репутация компании на рынке,1
136,choose,Удаленный / гибридный формат работы,2
136,choose,Стабильность компании (финансовая устойчивость),3
137,choose,Репутация компании на рынке,1
137,choose,Моё профессиональное развитие,2
137,choose,Удаленный / гибридный формат работы,3
138,choose,Стабильность компании (финансовая устойчивость),1
138,choose,Интересные задачи / проекты,2
138,choose,Удаленный / гибридный формат работы,3
139,choose,Стабильность компании (финансовая устойчивость),1
139,choose,Команда и корпоративная культура,2
139,choose,Удаленный / гибридный формат работы,3
140,choose,Интересные задачи / проекты,1
140,choose,Команда и корпоративная культура,2
140,choose,Моё профессиональное развитие,3
141,choose,Баланс работы и личной жизни,1
141,choose,Стабильность компании (финансовая устойчивость),2
141,choose,Моё профессиональное развитие,3
142,choose,Интересные задачи / проекты,1
142,choose,Удаленный / гибридный формат работы,2
142,choose,Баланс работы и личной жизни,3
143,choose,Стабильность компании (финансовая устойчивость),1
143,choose,Репутация компании на рынке,2
143,choose,Моё профессиональное развитие,3
144,choose,Команда и корпоративная культура,1
144,choose,Моё профессиональное развитие,2
144,choose,Интересные задачи / проекты,3
145,choose,Баланс работы и личной жизни,1
145,choose,Интересные задачи / проекты,2
145,choose,Команда и корпоративная культура,3
146,choose,Удаленный / гибридный формат работы,1
146,choose,Интересные задачи / проекты,2
146,choose,Моё профессиональное развитие,3
147,choose,Стабильность компании (финансовая устойчивость),1
147,choose,Моё профессиональное развитие,2
147,choose,Баланс работы и личной жизни,3
148,choose,Баланс работы и личной жизни,1
148,choose,Команда и корпоративная культура,2
148,choose,Стабильность компании (финансовая устойчивость),3
149,choose,Репутация компании на рынке,1
149,choose,Стабильность компании (финансовая устойчивость),2
149,choose,Интересные задачи / проекты,3
150,choose,Интересные задачи / проекты,1
150,choose,Баланс работы и личной жизни,2
150,choose,Моё профессиональное развитие,3
151,choose,Цифровые продукт компании,1
151,choose,Стабильность компании (финансовая устойчивость),2
151,choose,Баланс работы и личной жизни,3
152,choose,Репутация компании на рынке,1
152,choose,Стабильность компании (финансовая устойчивость),2
152,choose,Моё профессиональное развитие,3
153,choose,Репутация компании на рынке,1
153,choose,Интересные задачи / проекты,2
153,choose,Моё профессиональное развитие,3
154,choose,Баланс работы и личной жизни,1
154,choose,Репутация компании на рынке,2
154,choose,Команда и корпоративная культура,3
155,choose,Репутация компании на рынке,1
155,choose,Удаленный / гибридный формат работы,2
155,choose,Команда и корпоративная культура,3
156,choose,Личный бренд основателя / руководителя компании,1
156,choose,Репутация компании на рынке,2
156,choose,Моё профессиональное развитие,3
157,choose,Моё профессиональное развитие,1
157,choose,Баланс работы и личной жизни,2
157,choose,Интересные задачи / проекты,3
158,choose,Стабильность компании (финансовая устойчивость),1
158,choose,Команда и корпоративная культура,2
158,choose,Интересные задачи / проекты,3
159,choose,Команда и корпоративная культура,1
159,choose,Интересные задачи / проекты,2
159,choose,Цифровые продукт компании,3
160,choose,Удаленный / гибридный формат работы,1
160,choose,Команда и корпоративная культура,2
160,choose,Стабильность компании (финансовая устойчивость),3
161,choose,Интересные задачи / проекты,1
161,choose,Команда и корпоративная культура,2
161,choose,Цифровые продукт компании,3
162,choose,Команда и корпоративная культура,1
162,choose,Интересные задачи / проекты,2
162,choose,Моё профессиональное развитие,3
163,choose,Стабильность компании (финансовая устойчивость),1
163,choose,Баланс работы и личной жизни,2
163,choose,Интересные задачи / проекты,3
164,choose,Баланс работы и личной жизни,1
164,choose,Репутация компании на рынке,2
164,choose,Стабильность компании (финансовая устойчивость),3
165,choose,Удаленный / гибридный формат работы,1
165,choose,Нахождение офиса компании,2
165,choose,Интересные задачи / проекты,3
166,choose,Интересные задачи / проекты,1
166,choose,Моё профессиональное развитие,2
166,choose,Баланс работы и личной жизни,3
167,choose,Моё профессиональное развитие,1
167,choose,Стабильность компании (финансовая устойчивость),2
167,choose,Команда и корпоративная культура,3
168,choose,Моё профессиональное развитие,1
168,choose,Репутация компании на рынке,2
168,choose,Стабильность компании (финансовая устойчивость),3
169,choose,Репутация компании на рынке,1
169,choose,Нахождение офиса компании,2
169,choose,Удаленный / гибридный формат работы,3
170,choose,Удаленный / гибридный формат работы,1
170,choose,Репутация компании на рынке,2
170,choose,Стабильность компании (финансовая устойчивость),3
171,choose,Интересные задачи / проекты,1
171,choose,Баланс работы и личной жизни,2
171,choose,Моё профессиональное развитие,3
172,choose,Баланс работы и личной жизни,1
172,choose,Удаленный / гибридный формат работы,2
172,choose,Команда и корпоративная культура,3
173,choose,Интересные задачи / проекты,1
173,choose,Баланс работы и личной жизни,2
173,choose,Команда и корпоративная культура,3
174,choose,Стабильность компании (финансовая устойчивость),1
174,choose,Моё профессиональное развитие,2
174,choose,Команда и корпоративная культура,3
175,choose,Стабильность компании (финансовая устойчивость),1
175,choose,Моё профессиональное развитие,2
175,choose,Команда и корпоративная культура,3
176,choose,Репутация компании на рынке,1
176,choose,Цифровые продукт компании,2
176,choose,Команда и корпоративная культура,3
177,choose,Моё профессиональное развитие,1
177,choose,Удаленный / гибридный формат работы,2
177,choose,Команда и корпоративная культура,3
178,choose,Интересные задачи / проекты,1
178,choose,Моё профессиональное развитие,2
178,choose,Команда и корпоративная культура,3
179,choose,Моё профессиональное развитие,1
179,choose,Личный бренд основателя / руководителя компании,2
179,choose,Репутация компании на рынке,3
180,choose,Команда и корпоративная культура,1
180,choose,Баланс работы и личной жизни,2
180,choose,Стабильность компании (финансовая устойчивость),3
181,choose,Команда и корпоративная культура,1
181,choose,Удаленный / гибридный формат работы,2
181,choose,Моё профессиональное развитие,3
182,choose,Команда и корпоративная культура,1
182,choose,Удаленный / гибридный формат работы,2
182,choose,Стабильность компании (финансовая устойчивость),3
183,choose,Интересные задачи / проекты,1
183,choose,Баланс работы и личной жизни,2
183,choose,Репутация компании на рынке,3
184,choose,Личный бренд основателя / руководителя компании,1
184,choose,Команда и корпоративная культура,2
184,choose,Моё профессиональное развитие,3
185,choose,Личный бренд основателя / руководителя компании,1
185,choose,Цифровые продукт компании,2
185,choose,Репутация компании на рынке,3
186,choose,Цифровые продукт компании,1
186,choose,Моё профессиональное развитие,2
186,choose,Команда и корпоративная культура,3
187,choose,Стабильность компании (финансовая устойчивость),1
187,choose,Нахождение офиса компании,2
187,choose,Баланс работы и личной жизни,3
188,choose,Команда и корпоративная культура,1
188,choose,Моё профессиональное развитие,2
188,choose,Интересные задачи / проекты,3
189,choose,Команда и корпоративная культура,1
189,choose,Цифровые продукт компании,2
189,choose,Репутация компании на рынке,3
190,choose,Интересные задачи / проекты,1
190,choose,Стабильность компании (финансовая устойчивость),2
190,choose,Моё профессиональное развитие,3
191,choose,Моё профессиональное развитие,1
191,choose,Стабильность компании (финансовая устойчивость),2
191,choose,Баланс работы и личной жизни,3
192,choose,Удаленный / гибридный формат работы,1
192,choose,Стабильность компании (финансовая устойчивость),2
192,choose,Моё профессиональное развитие,3
193,choose,Личный бренд основателя / руководителя компании,1
193,choose,Интересные задачи / проекты,2
193,choose,Репутация компании на рынке,3
194,choose,Команда и корпоративная культура,1
194,choose,Моё профессиональное развитие,2
194,choose,Нахождение офиса компании,3
195,choose,Репутация компании на рынке,1
195,choose,Моё профессиональное развитие,2
196,choose,Удаленный / гибридный формат работы,1
196,choose,Интересные задачи / проекты,2
196,choose,Команда и корпоративная культура,3
197,choose,Удаленный / гибридный формат работы,1
197,choose,Интересные задачи / проекты,2
197,choose,Моё профессиональное развитие,3
198,choose,Команда и корпоративная культура,1
198,choose,Удаленный / гибридный формат работы,2
198,choose,Баланс работы и личной жизни,3
199,choose,Удаленный / гибридный формат работы,1
199,choose,Моё профессиональное развитие,2
199,choose,Команда и корпоративная культура,3
200,choose,Стабильность компании (финансовая устойчивость),1
200,choose,Команда и корпоративная культура,2
200,choose,Моё профессиональное развитие,3
201,choose,Репутация компании на рынке,1
201,choose,Команда и корпоративная культура,2
201,choose,Интересные задачи / проекты,3
202,choose,Моё профессиональное развитие,1
202,choose,Цифровые продукт компании,2
202,choose,Интересные задачи / проекты,3
203,choose,Баланс работы и личной жизни,1
203,choose,Удаленный / гибридный формат работы,2
203,choose,Стабильность компании (финансовая устойчивость),3
204,choose,Репутация компании на рынке,1
204,choose,Баланс работы и личной жизни,2
204,choose,Стабильность компании (финансовая устойчивость),3
205,choose,Репутация компании на рынке,1
205,choose,Команда и корпоративная культура,2
205,choose,Интересные задачи / проекты,3
206,choose,Моё профессиональное развитие,1
206,choose,Стабильность компании (финансовая устойчивость),2
206,choose,Команда и корпоративная культура,3
207,choose,Моё профессиональное развитие,1
207,choose,Репутация компании на рынке,2
207,choose,Команда и корпоративная культура,3
208,choose,Команда и корпоративная культура,1
208,choose,Удаленный / гибридный формат работы,2
208,choose,Баланс работы и личной жизни,3
209,choose,Интересные задачи / проекты,1
209,choose,Команда и корпоративная культура,2
209,choose,Цифровые продукт компании,3
210,choose,Удаленный / гибридный формат работы,1
210,choose,Команда и корпоративная культура,2
210,choose,Моё профессиональное развитие,3
211,choose,Репутация компании на рынке,1
211,choose,Баланс работы и личной жизни,2
211,choose,Команда и корпоративная культура,3
212,choose,Личный бренд основателя / руководителя компании,1
212,choose,Репутация компании на рынке,2
212,choose,Интересные задачи / проекты,3
213,choose,Удаленный / гибридный формат работы,1
213,choose,Моё профессиональное развитие,2
213,choose,Интересные задачи / проекты,3
214,choose,Удаленный / гибридный формат работы,1
214,choose,Моё профессиональное развитие,2
214,choose,Баланс работы и личной жизни,3
215,choose,Удаленный / гибридный формат работы,1
215,choose,Стабильность компании (финансовая устойчивость),2
215,choose,Баланс работы и личной жизни,3
216,choose,Интересные задачи / проекты,1
216,choose,Моё профессиональное развитие,2
216,choose,Стабильность компании (финансовая устойчивость),3
217,choose,Баланс работы и личной жизни,1
217,choose,Стабильность компании (финансовая устойчивость),2
217,choose,Удаленный / гибридный формат работы,3
218,choose,Стабильность компании (финансовая устойчивость),1
218,choose,Цифровые продукт компании,2
218,choose,Интересные задачи / проекты,3
219,choose,Нахождение офиса компании,1
219,choose,Стабильность компании (финансовая устойчивость),2
219,choose,Цифровые продукт компании,3
220,choose,Стабильность компании (финансовая устойчивость),1
220,choose,Команда и корпоративная культура,2
220,choose,Интересные задачи / проекты,3
221,choose,Команда и корпоративная культура,1
221,choose,Баланс работы и личной жизни,2
221,choose,Репутация компании на рынке,3
222,choose,Стабильность компании (финансовая устойчивость),1
222,choose,Удаленный / гибридный формат работы,2
222,choose,Интересные задачи / проекты,3
223,choose,Моё профессиональное развитие,1
223,choose,Интересные задачи / проекты,2
223,choose,Стабильность компании (финансовая устойчивость),3
224,choose,Баланс работы и личной жизни,1
224,choose,Удаленный / гибридный формат работы,2
224,choose,Моё профессиональное развитие,3
225,choose,Баланс работы и личной жизни,1
225,choose,Стабильность компании (финансовая устойчивость),2
225,choose,Нахождение офиса компании,3
226,choose,Удаленный / гибридный формат работы,1
226,choose,Моё профессиональное развитие,2
226,choose,Интересные задачи / проекты,3
227,choose,Репутация компании на рынке,1
227,choose,Стабильность компании (финансовая устойчивость),2
227,choose,Баланс работы и личной жизни,3
228,choose,Моё профессиональное развитие,1
228,choose,Стабильность компании (финансовая устойчивость),2
228,choose,Репутация компании на рынке,3
229,choose,Команда и корпоративная культура,1
229,choose,Стабильность компании (финансовая устойчивость),2
229,choose,Моё профессиональное развитие,3
230,choose,Моё профессиональное развитие,1
230,choose,Баланс работы и личной жизни,2
230,choose,Репутация компании на рынке,3
231,choose,Удаленный / гибридный формат работы,1
231,choose,Стабильность компании (финансовая устойчивость),2
231,choose,Моё профессиональное развитие,3
232,choose,Команда и корпоративная культура,1
232,choose,Моё профессиональное развитие,2
232,choose,Баланс работы и личной жизни,3
233,choose,Стабильность компании (финансовая устойчивость),1
233,choose,Удаленный / гибридный формат работы,2
233,choose,Команда и корпоративная культура,3
234,choose,Личный бренд основателя / руководителя компании,1
234,choose,Интересные задачи / проекты,2
234,choose,Команда и корпоративная культура,3
235,choose,Стабильность компании (финансовая устойчивость),1
235,choose,Удаленный / гибридный формат работы,2
235,choose,Интересные задачи / проекты,3
236,choose,Удаленный / гибридный формат работы,1
236,choose,Баланс работы и личной жизни,2
236,choose,Стабильность компании (финансовая устойчивость),3
237,choose,Интересные задачи / проекты,1
237,choose,Удаленный / гибридный формат работы,2
237,choose,Стабильность компании (финансовая устойчивость),3
238,choose,Стабильность компании (финансовая устойчивость),1
238,choose,Баланс работы и личной жизни,2
238,choose,Команда и корпоративная культура,3
239,choose,Команда и корпоративная культура,1
239,choose,Стабильность компании (финансовая устойчивость),2
239,choose,Моё профессиональное развитие,3
240,choose,Удаленный / гибридный формат работы,1
240,choose,Репутация компании на рынке,2
240,choose,Цифровые продукт компании,3
241,choose,Моё профессиональное развитие,1
241,choose,Команда и корпоративная культура,2
241,choose,Стабильность компании (финансовая устойчивость),3
242,choose,Личный бренд основателя / руководителя компании,1
242,choose,Удаленный / гибридный формат работы,2
242,choose,Баланс работы и личной жизни,3
243,choose,Команда и корпоративная культура,1
243,choose,Баланс работы и личной жизни,2
243,choose,Репутация компании на рынке,3
244,choose,Удаленный / гибридный формат работы,1
244,choose,Моё профессиональное развитие,2
244,choose,Стабильность компании (финансовая устойчивость),3
245,choose,Моё профессиональное развитие,1
245,choose,Стабильность компании (финансовая устойчивость),2
245,choose,Интересные задачи / проекты,3
246,choose,Стабильность компании (финансовая устойчивость),1
246,choose,Репутация компании на рынке,2
246,choose,Удаленный / гибридный формат работы,3
247,choose,Интересные задачи / проекты,1
247,choose,Удаленный / гибридный формат работы,2
247,choose,Стабильность компании (финансовая устойчивость),3
248,choose,Стабильность компании (финансовая устойчивость),1
248,choose,Моё профессиональное развитие,2
248,choose,Репутация компании на рынке,3
249,choose,Моё профессиональное развитие,1
249,choose,Удаленный / гибридный формат работы,2
249,choose,Интересные задачи / проекты,3
250,choose,Удаленный / гибридный формат работы,1
250,choose,Моё профессиональное развитие,2
250,choose,Стабильность компании (финансовая устойчивость),3
251,choose,Удаленный / гибридный формат работы,1
251,choose,Стабильность компании (финансовая устойчивость),2
251,choose,Команда и корпоративная культура,3
252,choose,Стабильность компании (финансовая устойчивость),1
252,choose,Моё профессиональное развитие,2
252,choose,Интересные задачи / проекты,3
253,choose,Моё профессиональное развитие,1
253,choose,Нахождение офиса компании,2
253,choose,Личный бренд основателя / руководителя компании,3
254,choose,Моё профессиональное развитие,1
254,choose,Интересные задачи / проекты,2
254,choose,Удаленный / гибридный формат работы,3
255,choose,Удаленный / гибридный формат работы,1
255,choose,Репутация компании на рынке,2
255,choose,Моё профессиональное развитие,3
256,choose,Баланс работы и личной жизни,1
256,choose,Репутация компании на рынке,2
256,choose,Интересные задачи / проекты,3
257,choose,Стабильность компании (финансовая устойчивость),1
257,choose,Моё профессиональное развитие,2
257,choose,Интересные задачи / проекты,3
258,choose,Стабильность компании (финансовая устойчивость),1
258,choose,Репутация компании на рынке,2
258,choose,Интересные задачи / проекты,3
259,choose,Моё профессиональное развитие,1
259,choose,Интересные задачи / проекты,2
259,choose,Команда и корпоративная культура,3
260,choose,Стабильность компании (финансовая устойчивость),1
260,choose,Моё профессиональное развитие,2
260,choose,Репутация компании на рынке,3
261,choose,Интересные задачи / проекты,1
261,choose,Нахождение офиса компании,2
261,choose,Репутация компании на рынке,3
262,choose,Стабильность компании (финансовая устойчивость),1
262,choose,Баланс работы и личной жизни,2
262,choose,Моё профессиональное развитие,3
263,choose,Интересные задачи / проекты,1
263,choose,Команда и корпоративная культура,2
263,choose,Моё профессиональное развитие,3
264,choose,Интересные задачи / проекты,1
264,choose,Баланс работы и личной жизни,2
264,choose,Стабильность компании (финансовая устойчивость),3
265,choose,Стабильность компании (финансовая устойчивость),1
265,choose,Интересные задачи / проекты,2
265,choose,Моё профессиональное развитие,3
266,choose,Команда и корпоративная культура,1
266,choose,Репутация компании на рынке,2
266,choose,Стабильность компании (финансовая устойчивость),3
267,choose,Цифровые продукт компании,1
267,choose,Моё профессиональное развитие,2
267,choose,Стабильность компании (финансовая устойчивость),3
268,choose,Команда и корпоративная культура,1
268,choose,Удаленный / гибридный формат работы,2
268,choose,Баланс работы и личной жизни,3
269,choose,Удаленный / гибридный формат работы,1
269,choose,Моё профессиональное развитие,2
269,choose,Баланс работы и личной жизни,3
270,choose,Моё профессиональное развитие,1
270,choose,Интересные задачи / проекты,2
270,choose,Команда и корпоративная культура,3
271,choose,Репутация компании на рынке,1
271,choose,Моё профессиональное развитие,2
271,choose,Интересные задачи / проекты,3
272,choose,Стабильность компании (финансовая устойчивость),1
272,choose,Моё профессиональное развитие,2
272,choose,Баланс работы и личной жизни,3
273,choose,Интересные задачи / проекты,1
273,choose,Моё профессиональное развитие,2
273,choose,Удаленный / гибридный формат работы,3
274,choose,Интересные задачи / проекты,1
274,choose,Моё профессиональное развитие,2
274,choose,Баланс работы и личной жизни,3
275,choose,Моё профессиональное развитие,1
275,choose,Репутация компании на рынке,2
275,choose,Интересные задачи / проекты,3
276,choose,Интересные задачи / проекты,1
276,choose,Стабильность компании (финансовая устойчивость),2
276,choose,Моё профессиональное развитие,3
277,choose,Моё профессиональное развитие,1
277,choose,Команда и корпоративная культура,2
277,choose,Интересные задачи / проекты,3
278,choose,Нахождение офиса компании,1
278,choose,Баланс работы и личной жизни,2
278,choose,Моё профессиональное развитие,3
279,choose,Команда и корпоративная культура,1
279,choose,Моё профессиональное развитие,2
279,choose,Интересные задачи / проекты,3
280,choose,Команда и корпоративная культура,1
280,choose,Баланс работы и личной жизни,2
280,choose,Стабильность компании (финансовая устойчивость),3
281,choose,Репутация компании на рынке,1
281,choose,Команда и корпоративная культура,2
281,choose,Моё профессиональное развитие,3
282,choose,Репутация компании на рынке,1
282,choose,Команда и корпоративная культура,2
282,choose,Интересные задачи / проекты,3
283,choose,Стабильность компании (финансовая устойчивость),1
283,choose,Удаленный / гибридный формат работы,2
283,choose,Моё профессиональное развитие,3
284,choose,Стабильность компании (финансовая устойчивость),1
284,choose,Репутация компании на рынке,2
284,choose,Команда и корпоративная культура,3
285,choose,Стабильность компании (финансовая устойчивость),1
285,choose,Удаленный / гибридный формат работы,2
285,choose,Моё профессиональное развитие,3
286,choose,Стабильность компании (финансовая устойчивость),1
286,choose,Репутация компании на рынке,2
286,choose,Моё профессиональное развитие,3
287,choose,Интересные задачи / проекты,1
287,choose,Цифровые продукт компании,2
287,choose,Удаленный / гибридный формат работы,3
288,choose,Удаленный / гибридный формат работы,1
288,choose,Нахождение офиса компании,2
288,choose,Стабильность компании (финансовая устойчивость),3
289,choose,Репутация компании на рынке,1
289,choose,Команда и корпоративная культура,2
289,choose,Моё профессиональное развитие,3
290,choose,Интересные задачи / проекты,1
290,choose,Баланс работы и личной жизни,2
290,choose,Удаленный / гибридный формат работы,3
291,choose,Удаленный / гибридный формат работы,1
291,choose,Команда и корпоративная культура,2
291,choose,Моё профессиональное развитие,3
292,choose,Интересные задачи / проекты,1
292,choose,Команда и корпоративная культура,2
292,choose,Моё профессиональное развитие,3
293,choose,Интересные задачи / проекты,1
293,choose,Удаленный / гибридный формат работы,2
293,choose,Моё профессиональное развитие,3
294,choose,Личный бренд основателя / руководителя компании,1
294,choose,Интересные задачи / проекты,2
294,choose,Команда и корпоративная культура,3
295,choose,Личный бренд основателя / руководителя компании,1
295,choose,Баланс работы и личной жизни,2
295,choose,Стабильность компании (финансовая устойчивость),3
296,choose,Стабильность компании (финансовая устойчивость),1
296,choose,Удаленный / гибридный формат работы,2
296,choose,Баланс работы и личной жизни,3
297,choose,Команда и корпоративная культура,1
297,choose,Интересные задачи / проекты,2
297,choose,Удаленный / гибридный формат работы,3
298,choose,Стабильность компании (финансовая устойчивость),1
298,choose,Моё профессиональное развитие,2
298,choose,Интересные задачи / проекты,3
299,choose,Репутация компании на рынке,1
299,choose,Стабильность компании (финансовая устойчивость),2
299,choose,Удаленный / гибридный формат работы,3
300,choose,Моё профессиональное развитие,1
300,choose,Интересные задачи / проекты,2
300,choose,Удаленный / гибридный формат работы,3
301,choose,Интересные задачи / проекты,1
301,choose,Стабильность компании (финансовая устойчивость),2
301,choose,Баланс работы и личной жизни,3
302,choose,Команда и корпоративная культура,1
302,choose,Интересные задачи / проекты,2
302,choose,Стабильность компании (финансовая устойчивость),3
303,choose,Стабильность компании (финансовая устойчивость),1
303,choose,Репутация компании на рынке,2
303,choose,Баланс работы и личной жизни,3
304,choose,Баланс работы и личной жизни,1
304,choose,Стабильность компании (финансовая устойчивость),2
304,choose,Удаленный / гибридный формат работы,3
305,choose,Стабильность компании (финансовая устойчивость),1
305,choose,Моё профессиональное развитие,2
305,choose,Удаленный / гибридный формат работы,3
306,choose,Репутация компании на рынке,1
306,choose,Интересные задачи / проекты,2
306,choose,Стабильность компании (финансовая устойчивость),3
307,choose,Моё профессиональное развитие,1
307,choose,Интересные задачи / проекты,2
307,choose,Удаленный / гибридный формат работы,3
308,choose,Репутация компании на рынке,1
308,choose,Моё профессиональное развитие,2
308,choose,Интересные задачи / проекты,3
309,choose,Удаленный / гибридный формат работы,1
309,choose,Команда и корпоративная культура,2
309,choose,Интересные задачи / проекты,3
310,choose,Стабильность компании (финансовая устойчивость),1
310,choose,Интересные задачи / проекты,2
310,choose,Баланс работы и личной жизни,3
311,choose,Удаленный / гибридный формат работы,1
311,choose,Моё профессиональное развитие,2
311,choose,Баланс работы и личной жизни,3
312,choose,Удаленный / гибридный формат работы,1
312,choose,Стабильность компании (финансовая устойчивость),2
312,choose,Интересные задачи / проекты,3
313,choose,Команда и корпоративная культура,1
313,choose,Баланс работы и личной жизни,2
313,choose,Стабильность компании (финансовая устойчивость),3
314,choose,Интересные задачи / проекты,1
314,choose,Репутация компании на рынке,2
314,choose,Моё профессиональное развитие,3
315,choose,Стабильность компании (финансовая устойчивость),1
315,choose,Личный бренд основателя / руководителя компании,2
315,choose,Команда и корпоративная культура,3
316,choose,Стабильность компании (финансовая устойчивость),1
316,choose,Команда и корпоративная культура,2
316,choose,Баланс работы и личной жизни,3
317,choose,Репутация компании на рынке,1
317,choose,Команда и корпоративная культура,2
317,choose,Моё профессиональное развитие,3
318,choose,Интересные задачи / проекты,1
318,choose,Баланс работы и личной жизни,2
318,choose,Команда и корпоративная культура,3
319,choose,Репутация компании на рынке,1
319,choose,Стабильность компании (финансовая устойчивость),2
319,choose,Интересные задачи / проекты,3
320,choose,Баланс работы и личной жизни,1
320,choose,Интересные задачи / проекты,2
320,choose,Команда и корпоративная культура,3
321,choose,Репутация компании на рынке,1
321,choose,Удаленный / гибридный формат работы,2
321,choose,Команда и корпоративная культура,3
322,choose,Моё профессиональное развитие,1
322,choose,Команда и корпоративная культура,2
322,choose,Удаленный / гибридный формат работы,3
323,choose,Стабильность компании (финансовая устойчивость),1
323,choose,Моё профессиональное развитие,2
323,choose,Баланс работы и личной жизни,3
324,choose,Стабильность компании (финансовая устойчивость),1
324,choose,Моё профессиональное развитие,2
324,choose,Интересные задачи / проекты,3
325,choose,Удаленный / гибридный формат работы,1
325,choose,Репутация компании на рынке,2
325,choose,Интересные задачи / проекты,3
326,choose,Удаленный / гибридный формат работы,1
326,choose,Баланс работы и личной жизни,2
326,choose,Интересные задачи / проекты,3
327,choose,Команда и корпоративная культура,1
327,choose,Интересные задачи / проекты,2
327,choose,Удаленный / гибридный формат работы,3
328,choose,Моё профессиональное развитие,1
328,choose,Удаленный / гибридный формат работы,2
328,choose,Команда и корпоративная культура,3
329,choose,Удаленный / гибридный формат работы,1
329,choose,Команда и корпоративная культура,2
329,choose,Интересные задачи / проекты,3
330,choose,Моё профессиональное развитие,1
330,choose,Стабильность компании (финансовая устойчивость),2
330,choose,Баланс работы и личной жизни,3
331,choose,Удаленный / гибридный формат работы,1
331,choose,Моё профессиональное развитие,2
331,choose,Стабильность компании (финансовая устойчивость),3
332,choose,Стабильность компании (финансовая устойчивость),1
332,choose,Удаленный / гибридный формат работы,2
332,choose,Моё профессиональное развитие,3
333,choose,Стабильность компании (финансовая устойчивость),1
333,choose,Команда и корпоративная культура,2
333,choose,Моё профессиональное развитие,3
334,choose,Команда и корпоративная культура,1
334,choose,Моё профессиональное развитие,2
334,choose,Стабильность компании (финансовая устойчивость),3
335,choose,Интересные задачи / проекты,1
335,choose,Моё профессиональное развитие,2
335,choose,Баланс работы и личной жизни,3
336,choose,Баланс работы и личной жизни,1
336,choose,Интересные задачи / проекты,2
336,choose,Удаленный / гибридный формат работы,3
337,choose,Стабильность компании (финансовая устойчивость),1
337,choose,Моё профессиональное развитие,2
337,choose,Интересные задачи / проекты,3
338,choose,Удаленный / гибридный формат работы,1
338,choose,Интересные задачи / проекты,2
338,choose,Стабильность компании (финансовая устойчивость),3
339,choose,Интересные задачи / проекты,1
339,choose,Команда и корпоративная культура,2
339,choose,Моё профессиональное развитие,3
340,choose,Интересные задачи / проекты,1
340,choose,Стабильность компании (финансовая устойчивость),2
340,choose,Моё профессиональное развитие,3
341,choose,Моё профессиональное развитие,1
341,choose,Репутация компании на рынке,2
341,choose,Команда и корпоративная культура,3
342,choose,Команда и корпоративная культура,1
342,choose,Удаленный / гибридный формат работы,2
342,choose,Стабильность компании (финансовая устойчивость),3
343,choose,Интересные задачи / проекты,1
343,choose,Баланс работы и личной жизни,2
343,choose,Моё профессиональное развитие,3
344,choose,Стабильность компании (финансовая устойчивость),1
344,choose,Команда и корпоративная культура,2
345,choose,Моё профессиональное развитие,1
345,choose,Удаленный / гибридный формат работы,2
345,choose,Стабильность компании (финансовая устойчивость),3
346,choose,Баланс работы и личной жизни,1
346,choose,Стабильность компании (финансовая устойчивость),2
346,choose,Нахождение офиса компании,3
347,choose,Удаленный / гибридный формат работы,1
347,choose,Моё профессиональное развитие,2
347,choose,Интересные задачи / проекты,3
348,choose,Личный бренд основателя / руководителя компании,1
348,choose,Моё профессиональное развитие,2
348,choose,Стабильность компании (финансовая устойчивость),3
349,choose,Удаленный / гибридный формат работы,1
349,choose,Цифровые продукт компании,2
349,choose,Репутация компании на рынке,3
350,choose,Моё профессиональное развитие,1
350,choose,Интересные задачи / проекты,2
350,choose,Команда и корпоративная культура,3
351,choose,Репутация компании на рынке,1
352,choose,Баланс работы и личной жизни,1
352,choose,Цифровые продукт компании,2
352,choose,Стабильность компании (финансовая устойчивость),3
353,choose,Команда и корпоративная культура,1
353,choose,Интересные задачи / проекты,2
353,choose,Цифровые продукт компании,3
354,choose,Интересные задачи / проекты,1
354,choose,Моё профессиональное развитие,2
354,choose,Репутация компании на рынке,3
355,choose,Моё профессиональное развитие,1
355,choose,Репутация компании на рынке,2
355,choose,Команда и корпоративная культура,3
356,choose,Нахождение офиса компании,1
356,choose,Моё профессиональное развитие,2
356,choose,Удаленный / гибридный формат работы,3
357,choose,Баланс работы и личной жизни,1
357,choose,Удаленный / гибридный формат работы,2
357,choose,Моё профессиональное развитие,3
358,choose,Репутация компании на рынке,1
358,choose,Баланс работы и личной жизни,2
358,choose,Удаленный / гибридный формат работы,3
359,choose,Репутация компании на рынке,1
359,choose,Команда и корпоративная культура,2
359,choose,Моё профессиональное развитие,3
360,choose,Баланс работы и личной жизни,1
360,choose,Стабильность компании (финансовая устойчивость),2
360,choose,Моё профессиональное развитие,3
361,choose,Интересные задачи / проекты,1
361,choose,Моё профессиональное развитие,2
361,choose,Команда и корпоративная культура,3
362,choose,Удаленный / гибридный формат работы,1
362,choose,Баланс работы и личной жизни,2
362,choose,Команда и корпоративная культура,3
363,choose,Моё профессиональное развитие,1
363,choose,Команда и корпоративная культура,2
363,choose,Стабильность компании (финансовая устойчивость),3
364,choose,Удаленный / гибридный формат работы,1
364,choose,Моё профессиональное развитие,2
364,choose,Стабильность компании (финансовая устойчивость),3
365,choose,Стабильность компании (финансовая устойчивость),1
365,choose,Баланс работы и личной жизни,2
365,choose,Интересные задачи / проекты,3
366,choose,Баланс работы и личной жизни,1
366,choose,Моё профессиональное развитие,2
366,choose,Команда и корпоративная культура,3
367,choose,Интересные задачи / проекты,1
367,choose,Баланс работы и личной жизни,2
367,choose,Команда и корпоративная культура,3
368,choose,Интересные задачи / проекты,1
368,choose,Репутация компании на рынке,2
368,choose,Моё профессиональное развитие,3
369,choose,Команда и корпоративная культура,1
369,choose,Баланс работы и личной жизни,2
369,choose,Моё профессиональное развитие,3
370,choose,Баланс работы и личной жизни,1
370,choose,Стабильность компании (финансовая устойчивость),2
370,choose,Интересные задачи / проекты,3
371,choose,Интересные задачи / проекты,1
371,choose,Команда и корпоративная культура,2
371,choose,Стабильность компании (финансовая устойчивость),3
372,choose,Интересные задачи / проекты,1
372,choose,Личный бренд основателя / руководителя компании,2
372,choose,Моё профессиональное развитие,3
373,choose,Репутация компании на рынке,1
373,choose,Интересные задачи / проекты,2
373,choose,Команда и корпоративная культура,3
374,choose,Репутация компании на рынке,1
374,choose,Интересные задачи / проекты,2
374,choose,Стабильность компании (финансовая устойчивость),3
375,choose,Удаленный / гибридный формат работы,1
375,choose,Моё профессиональное развитие,2
375,choose,Стабильность компании (финансовая устойчивость),3
376,choose,Репутация компании на рынке,1
376,choose,Баланс работы и личной жизни,2
376,choose,Стабильность компании (финансовая устойчивость),3
377,choose,Баланс работы и личной жизни,1
377,choose,Интересные задачи / проекты,2
377,choose,Стабильность компании (финансовая устойчивость),3
378,choose,Моё профессиональное развитие,1
378,choose,Интересные задачи / проекты,2
378,choose,Баланс работы и личной жизни,3
379,choose,Интересные задачи / проекты,1
379,choose,Моё профессиональное развитие,2
379,choose,Стабильность компании (финансовая устойчивость),3
380,choose,Интересные задачи / проекты,1
380,choose,Личный бренд основателя / руководителя компании,2
380,choose,Стабильность компании (финансовая устойчивость),3
381,choose,Удаленный / гибридный формат работы,1
381,choose,Интересные задачи / проекты,2
381,choose,Стабильность компании (финансовая устойчивость),3
382,choose,Баланс работы и личной жизни,1
382,choose,Удаленный / гибридный формат работы,2
382,choose,Стабильность компании (финансовая устойчивость),3
383,choose,Баланс работы и личной жизни,1
383,choose,Команда и корпоративная культура,2
384,choose,Баланс работы и личной жизни,1
384,choose,Моё профессиональное развитие,2
384,choose,Удаленный / гибридный формат работы,3
385,choose,Команда и корпоративная культура,1
385,choose,Интересные задачи / проекты,2
385,choose,Моё профессиональное развитие,3
386,choose,Репутация компании на рынке,1
386,choose,Баланс работы и личной жизни,2
386,choose,Интересные задачи / проекты,3
387,choose,Удаленный / гибридный формат работы,1
387,choose,Баланс работы и личной жизни,2
387,choose,Цифровые продукт компании,3
388,choose,Интересные задачи / проекты,1
388,choose,Команда и корпоративная культура,2
388,choose,Моё профессиональное развитие,3
389,choose,Моё профессиональное развитие,1
389,choose,Удаленный / гибридный формат работы,2
389,choose,Интересные задачи / проекты,3
390,choose,Репутация компании на рынке,1
390,choose,Интересные задачи / проекты,2
391,choose,Стабильность компании (финансовая устойчивость),1
391,choose,Нахождение офиса компании,2
391,choose,Интересные задачи / проекты,3
392,choose,Интересные задачи / проекты,1
392,choose,Удаленный / гибридный формат работы,2
392,choose,Стабильность компании (финансовая устойчивость),3
393,choose,Команда и корпоративная культура,1
393,choose,Удаленный / гибридный формат работы,2
393,choose,Моё профессиональное развитие,3
394,choose,Баланс работы и личной жизни,1
394,choose,Удаленный / гибридный формат работы,2
394,choose,Команда и корпоративная культура,3
395,choose,Удаленный / гибридный формат работы,1
395,choose,Команда и корпоративная культура,2
395,choose,Интересные задачи / проекты,3
396,choose,Удаленный / гибридный формат работы,1
396,choose,Баланс работы и личной жизни,2
396,choose,Моё профессиональное развитие,3
397,choose,Репутация компании на рынке,1
397,choose,Баланс работы и личной жизни,2
397,choose,Удаленный / гибридный формат работы,3
398,choose,Цифровые продукт компании,1
398,choose,Моё профессиональное развитие,2
398,choose,Интересные задачи / проекты,3
399,choose,Команда и корпоративная культура,1
399,choose,Цифровые продукт компании,2
399,choose,Моё профессиональное развитие,3
400,choose,Моё профессиональное развитие,1
400,choose,Стабильность компании (финансовая устойчивость),2
400,choose,Удаленный / гибридный формат работы,3
401,choose,Интересные задачи / проекты,1
401,choose,Удаленный / гибридный формат работы,2
401,choose,Стабильность компании (финансовая устойчивость),3
402,choose,Баланс работы и личной жизни,1
402,choose,Моё профессиональное развитие,2
402,choose,Стабильность компании (финансовая устойчивость),3
403,choose,Баланс работы и личной жизни,1
403,choose,Команда и корпоративная культура,2
403,choose,Интересные задачи / проекты,3
404,choose,Удаленный / гибридный формат работы,1
404,choose,Интересные задачи / проекты,2
404,choose,Репутация компании на рынке,3
405,choose,Удаленный / гибридный формат работы,1
405,choose,Репутация компании на рынке,2
405,choose,Стабильность компании (финансовая устойчивость),3
406,choose,Команда и корпоративная культура,1
406,choose,Баланс работы и личной жизни,2
406,choose,Стабильность компании (финансовая устойчивость),3
407,choose,Репутация компании на рынке,1
407,choose,Моё профессиональное развитие,2
407,choose,Интересные задачи / проекты,3
408,choose,Интересные задачи / проекты,1
408,choose,Удаленный / гибридный формат работы,2
408,choose,Команда и корпоративная культура,3
409,choose,Баланс работы и личной жизни,1
409,choose,Стабильность компании (финансовая устойчивость),2
409,choose,Репутация компании на рынке,3
410,choose,Стабильность компании (финансовая устойчивость),1
410,choose,Моё профессиональное развитие,2
410,choose,Команда и корпоративная культура,3
411,choose,Цифровые продукт компании,1
412,choose,Команда и корпоративная культура,1
412,choose,Стабильность компании (финансовая устойчивость),2
412,choose,Удаленный / гибридный формат работы,3
413,choose,Нахождение офиса компании,1
413,choose,Моё профессиональное развитие,2
413,choose,Стабильность компании (финансовая устойчивость),3
414,choose,Удаленный / гибридный формат работы,1
414,choose,Интересные задачи / проекты,2
414,choose,Репутация компании на рынке,3
415,choose,Команда и корпоративная культура,1
415,choose,Цифровые продукт компании,2
415,choose,Моё профессиональное развитие,3
416,choose,Репутация компании на рынке,1
416,choose,Моё профессиональное развитие,2
416,choose,Интересные задачи / проекты,3
417,choose,Репутация компании на рынке,1
417,choose,Удаленный / гибридный формат работы,2
417,choose,Личный бренд основателя / руководителя компании,3
418,choose,Моё профессиональное развитие,1
418,choose,Интересные задачи / проекты,2
418,choose,Удаленный / гибридный формат работы,3
419,choose,Моё профессиональное развитие,1
420,choose,Баланс работы и личной жизни,1
420,choose,Удаленный / гибридный формат работы,2
420,choose,Стабильность компании (финансовая устойчивость),3
421,choose,Баланс работы и личной жизни,1
421,choose,Команда и корпоративная культура,2
421,choose,Стабильность компании (финансовая устойчивость),3
422,choose,Репутация компании на рынке,1
422,choose,Баланс работы и личной жизни,2
422,choose,Стабильность компании (финансовая устойчивость),3
423,choose,Стабильность компании (финансовая устойчивость),1
423,choose,Баланс работы и личной жизни,2
423,choose,Команда и корпоративная культура,3
424,choose,Интересные задачи / проекты,1
424,choose,Стабильность компании (финансовая устойчивость),2
424,choose,Моё профессиональное развитие,3
425,choose,Удаленный / гибридный формат работы,1
425,choose,Стабильность компании (финансовая устойчивость),2
425,choose,Баланс работы и личной жизни,3
426,choose,Нахождение офиса компании,1
426,choose,Стабильность компании (финансовая устойчивость),2
426,choose,Моё профессиональное развитие,3
427,choose,Баланс работы и личной жизни,1
427,choose,Личный бренд основателя / руководителя компании,2
427,choose,Удаленный / гибридный формат работы,3
428,choose,Репутация компании на рынке,1
428,choose,Команда и корпоративная культура,2
428,choose,Удаленный / гибридный формат работы,3
429,choose,Баланс работы и личной жизни,1
429,choose,Репутация компании на рынке,2
429,choose,Интересные задачи / проекты,3
430,choose,Стабильность компании (финансовая устойчивость),1
430,choose,Интересные задачи / проекты,2
430,choose,Баланс работы и личной жизни,3
431,choose,Баланс работы и личной жизни,1
431,choose,Удаленный / гибридный формат работы,2
431,choose,Интересные задачи / проекты,3
432,choose,Баланс работы и личной жизни,1
432,choose,Моё профессиональное развитие,2
432,choose,Команда и корпоративная культура,3
433,choose,Удаленный / гибридный формат работы,1
433,choose,Команда и корпоративная культура,2
433,choose,Моё профессиональное развитие,3
434,choose,Интересные задачи / проекты,1
434,choose,Удаленный / гибридный формат работы,2
434,choose,Стабильность компании (финансовая устойчивость),3
435,choose,Удаленный / гибридный формат работы,1
435,choose,Интересные задачи / проекты,2
435,choose,Стабильность компании (финансовая устойчивость),3
436,choose,Удаленный / гибридный формат работы,1
436,choose,Стабильность компании (финансовая устойчивость),2
437,choose,Моё профессиональное развитие,1
437,choose,Команда и корпоративная культура,2
437,choose,Баланс работы и личной жизни,3
438,choose,Баланс работы и личной жизни,1
438,choose,Стабильность компании (финансовая устойчивость),2
438,choose,Команда и корпоративная культура,3
439,choose,Удаленный / гибридный формат работы,1
439,choose,Стабильность компании (финансовая устойчивость),2
439,choose,Баланс работы и личной жизни,3
440,choose,Удаленный / гибридный формат работы,1
440,choose,Стабильность компании (финансовая устойчивость),2
440,choose,Команда и корпоративная культура,3
441,choose,Удаленный / гибридный формат работы,1
441,choose,Моё профессиональное развитие,2
441,choose,Интересные задачи / проекты,3
442,choose,Удаленный / гибридный формат работы,1
442,choose,Интересные задачи / проекты,2
442,choose,Команда и корпоративная культура,3
443,choose,Моё профессиональное развитие,1
443,choose,Интересные задачи / проекты,2
443,choose,Команда и корпоративная культура,3
444,choose,Репутация компании на рынке,1
444,choose,Интересные задачи / проекты,2
444,choose,Моё профессиональное развитие,3
445,choose,Нахождение офиса компании,1
445,choose,Удаленный / гибридный формат работы,2
445,choose,Интересные задачи / проекты,3
446,choose,Команда и корпоративная культура,1
446,choose,Удаленный / гибридный формат работы,2
446,choose,Стабильность компании (финансовая устойчивость),3
447,choose,Интересные задачи / проекты,1
447,choose,Удаленный / гибридный формат работы,2
447,choose,Команда и корпоративная культура,3
448,choose,Моё профессиональное развитие,1
448,choose,Интересные задачи / проекты,2
448,choose,Удаленный / гибридный формат работы,3
449,choose,Баланс работы и личной жизни,1
449,choose,Стабильность компании (финансовая устойчивость),2
449,choose,Удаленный / гибридный формат работы,3
450,choose,Стабильность компании (финансовая устойчивость),1
450,choose,Баланс работы и личной жизни,2
450,choose,Личный бренд основателя / руководителя компании,3
451,choose,Удаленный / гибридный формат работы,1
451,choose,Моё профессиональное развитие,2
451,choose,Репутация компании на рынке,3
452,choose,Стабильность компании (финансовая устойчивость),1
452,choose,Моё профессиональное развитие,2
452,choose,Баланс работы и личной жизни,3
453,choose,Моё профессиональное развитие,1
453,choose,Стабильность компании (финансовая устойчивость),2
453,choose,Интересные задачи / проекты,3
454,choose,Нахождение офиса компании,1
454,choose,Интересные задачи / проекты,2
454,choose,Моё профессиональное развитие,3
455,choose,Удаленный / гибридный формат работы,1
455,choose,Репутация компании на рынке,2
455,choose,Моё профессиональное развитие,3
456,choose,Стабильность компании (финансовая устойчивость),1
456,choose,Удаленный / гибридный формат работы,2
457,choose,Интересные задачи / проекты,1
457,choose,Удаленный / гибридный формат работы,2
457,choose,Баланс работы и личной жизни,3
458,choose,Репутация компании на рынке,1
458,choose,Удаленный / гибридный формат работы,2
458,choose,Моё профессиональное развитие,3
459,choose,Стабильность компании (финансовая устойчивость),1
459,choose,Команда и корпоративная культура,2
459,choose,Репутация компании на рынке,3
460,choose,Моё профессиональное развитие,1
460,choose,Стабильность компании (финансовая устойчивость),2
460,choose,Баланс работы и личной жизни,3
461,choose,Удаленный / гибридный формат работы,1
461,choose,Стабильность компании (финансовая устойчивость),2
461,choose,Баланс работы и личной жизни,3
462,choose,Стабильность компании (финансовая устойчивость),1
462,choose,Удаленный / гибридный формат работы,2
462,choose,Интересные задачи / проекты,3
463,choose,Баланс работы и личной жизни,1
463,choose,Удаленный / гибридный формат работы,2
463,choose,Стабильность компании (финансовая устойчивость),3
464,choose,Моё профессиональное развитие,1
464,choose,Интересные задачи / проекты,2
464,choose,Баланс работы и личной жизни,3
465,choose,Команда и корпоративная культура,1
466,choose,Удаленный / гибридный формат работы,1
466,choose,Интересные задачи / проекты,2
466,choose,Баланс работы и личной жизни,3
467,choose,Удаленный / гибридный формат работы,1
467,choose,Моё профессиональное развитие,2
467,choose,Стабильность компании (финансовая устойчивость),3
468,choose,Репутация компании на рынке,1
468,choose,Интересные задачи / проекты,2
468,choose,Баланс работы и личной жизни,3
469,choose,Баланс работы и личной жизни,1
469,choose,Репутация компании на рынке,2
469,choose,Удаленный / гибридный формат работы,3
470,choose,Интересные задачи / проекты,1
470,choose,Удаленный / гибридный формат работы,2
470,choose,Баланс работы и личной жизни,3
471,choose,Моё профессиональное развитие,1
471,choose,Стабильность компании (финансовая устойчивость),2
471,choose,Баланс работы и личной жизни,3
472,choose,Репутация компании на рынке,1
472,choose,Команда и корпоративная культура,2
472,choose,Моё профессиональное развитие,3
473,choose,Стабильность компании (финансовая устойчивость),1
473,choose,Моё профессиональное развитие,2
473,choose,Команда и корпоративная культура,3
474,choose,Удаленный / гибридный формат работы,1
474,choose,Интересные задачи / проекты,2
474,choose,Моё профессиональное развитие,3
475,choose,Моё профессиональное развитие,1
475,choose,Команда и корпоративная культура,2
475,choose,Репутация компании на рынке,3
476,choose,Удаленный / гибридный формат работы,1
476,choose,Моё профессиональное развитие,2
476,choose,Команда и корпоративная культура,3
477,choose,Команда и корпоративная культура,1
477,choose,Удаленный / гибридный формат работы,2
477,choose,Моё профессиональное развитие,3
478,choose,Баланс работы и личной жизни,1
478,choose,Моё профессиональное развитие,2
478,choose,Стабильность компании (финансовая устойчивость),3
479,choose,Удаленный / гибридный формат работы,1
479,choose,Моё профессиональное развитие,2
479,choose,Команда и корпоративная культура,3
480,choose,Интересные задачи / проекты,1
480,choose,Команда и корпоративная культура,2
480,choose,Баланс работы и личной жизни,3
481,choose,Личный бренд основателя / руководителя компании,1
481,choose,Моё профессиональное развитие,2
481,choose,Команда и корпоративная культура,3
482,choose,Удаленный / гибридный формат работы,1
482,choose,Стабильность компании (финансовая устойчивость),2
482,choose,Интересные задачи / проекты,3
483,choose,Команда и корпоративная культура,1
483,choose,Стабильность компании (финансовая устойчивость),2
483,choose,Интересные задачи / проекты,3
484,choose,Интересные задачи / проекты,1
484,choose,Моё профессиональное развитие,2
484,choose,Стабильность компании (финансовая устойчивость),3
485,choose,Моё профессиональное развитие,1
485,choose,Репутация компании на рынке,2
485,choose,Команда и корпоративная культура,3
486,choose,Баланс работы и личной жизни,1
486,choose,Команда и корпоративная культура,2
486,choose,Интересные задачи / проекты,3
487,choose,Моё профессиональное развитие,1
487,choose,Интересные задачи / проекты,2
487,choose,Команда и корпоративная культура,3
488,choose,Удаленный / гибридный формат работы,1
488,choose,Команда и корпоративная культура,2
488,choose,Стабильность компании (финансовая устойчивость),3
489,choose,Репутация компании на рынке,1
489,choose,Удаленный / гибридный формат работы,2
489,choose,Стабильность компании (финансовая устойчивость),3
490,choose,Удаленный / гибридный формат работы,1
490,choose,Репутация компании на рынке,2
490,choose,Стабильность компании (финансовая устойчивость),3
491,choose,Другое: Продукт,1
491,choose,меняющий жизнь людей к лучшему,2
491,choose,Интересные задачи / проекты,3
491,choose,Команда и корпоративная культура,4
492,choose,Цифровые продукт компании,1
492,choose,Интересные задачи / проекты,2
492,choose,Моё профессиональное развитие,3
493,choose,Другое: зарплата,1
493,choose,Репутация компании на рынке,2
493,choose,Моё профессиональное развитие,3
494,choose,Баланс работы и личной жизни,1
494,choose,Удаленный / гибридный формат работы,2
494,choose,Моё профессиональное развитие,3
495,choose,Репутация компании на рынке,1
495,choose,Удаленный / гибридный формат работы,2
495,choose,Стабильность компании (финансовая устойчивость),3
496,choose,Команда и корпоративная культура,1
496,choose,Стабильность компании (финансовая устойчивость),2
496,choose,Личный бренд основателя / руководителя компании,3
497,choose,Стабильность компании (финансовая устойчивость),1
497,choose,Интересные задачи / проекты,2
497,choose,Моё профессиональное развитие,3
498,choose,Удаленный / гибридный формат работы,1
498,choose,Команда и корпоративная культура,2
498,choose,Моё профессиональное развитие,3
499,choose,Стабильность компании (финансовая устойчивость),1
499,choose,Баланс работы и личной жизни,2
499,choose,Команда и корпоративная культура,3
500,choose,Интересные задачи / проекты,1
500,choose,Удаленный / гибридный формат работы,2
500,choose,Моё профессиональное развитие,3
501,choose,Моё профессиональное развитие,1
501,choose,Стабильность компании (финансовая устойчивость),2
501,choose,Личный бренд основателя / руководителя компании,3
502,choose,Репутация компании на рынке,1
502,choose,Баланс работы и личной жизни,2
502,choose,Моё профессиональное развитие,3
503,choose,Стабильность компании (финансовая устойчивость),1
503,choose,Репутация компании на рынке,2
503,choose,Цифровые продукт компании,3
504,choose,Удаленный / гибридный формат работы,1
504,choose,Моё профессиональное развитие,2
504,choose,Стабильность компании (финансовая устойчивость),3
505,choose,Удаленный / гибридный формат работы,1
505,choose,Стабильность компании (финансовая устойчивость),2
505,choose,Интересные задачи / проекты,3
506,choose,Моё профессиональное развитие,1
506,choose,Интересные задачи / проекты,2
506,choose,Команда и корпоративная культура,3
507,choose,Репутация компании на рынке,1
507,choose,Команда и корпоративная культура,2
507,choose,Интересные задачи / проекты,3
508,choose,Моё профессиональное развитие,1
508,choose,Интересные задачи / проекты,2
508,choose,Удаленный / гибридный формат работы,3
509,choose,Удаленный / гибридный формат работы,1
509,choose,Стабильность компании (финансовая устойчивость),2
509,choose,Моё профессиональное развитие,3
510,choose,Удаленный / гибридный формат работы,1
510,choose,Моё профессиональное развитие,2
510,choose,Баланс работы и личной жизни,3
511,choose,Стабильность компании (финансовая устойчивость),1
511,choose,Моё профессиональное развитие,2
511,choose,Команда и корпоративная культура,3
512,choose,Баланс работы и личной жизни,1
512,choose,Моё профессиональное развитие,2
512,choose,Команда и корпоративная культура,3
513,choose,Баланс работы и личной жизни,1
513,choose,Интересные задачи / проекты,2
513,choose,Удаленный / гибридный формат работы,3
514,choose,Интересные задачи / проекты,1
514,choose,Баланс работы и личной жизни,2
514,choose,Моё профессиональное развитие,3
515,choose,Удаленный / гибридный формат работы,1
515,choose,Моё профессиональное развитие,2
515,choose,Интересные задачи / проекты,3
516,choose,Репутация компании на рынке,1
517,choose,Удаленный / гибридный формат работы,1
517,choose,Интересные задачи / проекты,2
517,choose,Баланс работы и личной жизни,3
518,choose,Баланс работы и личной жизни,1
518,choose,Удаленный / гибридный формат работы,2
518,choose,Интересные задачи / проекты,3
519,choose,Удаленный / гибридный формат работы,1
519,choose,Стабильность компании (финансовая устойчивость),2
519,choose,Моё профессиональное развитие,3
520,choose,Удаленный / гибридный формат работы,1
520,choose,Баланс работы и личной жизни,2
520,choose,Моё профессиональное развитие,3
521,choose,Удаленный / гибридный формат работы,1
521,choose,Цифровые продукт компании,2
521,choose,Моё профессиональное развитие,3
522,choose,Цифровые продукт компании,1
522,choose,Команда и корпоративная культура,2
522,choose,Интересные задачи / проекты,3
523,choose,Удаленный / гибридный формат работы,1
523,choose,Баланс работы и личной жизни,2
523,choose,Моё профессиональное развитие,3
524,choose,Стабильность компании (финансовая устойчивость),1
524,choose,Баланс работы и личной жизни,2
524,choose,Удаленный / гибридный формат работы,3
525,choose,Моё профессиональное развитие,1
525,choose,Удаленный / гибридный формат работы,2
525,choose,Интересные задачи / проекты,3
526,choose,Удаленный / гибридный формат работы,1
526,choose,Моё профессиональное развитие,2
526,choose,Баланс работы и личной жизни,3
527,choose,Баланс работы и личной жизни,1
527,choose,Стабильность компании (финансовая устойчивость),2
527,choose,Удаленный / гибридный формат работы,3
528,choose,Стабильность компании (финансовая устойчивость),1
528,choose,Баланс работы и личной жизни,2
528,choose,Удаленный / гибридный формат работы,3
529,choose,Баланс работы и личной жизни,1
529,choose,Команда и корпоративная культура,2
529,choose,Стабильность компании (финансовая устойчивость),3
530,choose,Стабильность компании (финансовая устойчивость),1
530,choose,Удаленный / гибридный формат работы,2
530,choose,Интересные задачи / проекты,3
531,choose,Стабильность компании (финансовая устойчивость),1
531,choose,Удаленный / гибридный формат работы,2
531,choose,Репутация компании на рынке,3
532,choose,Стабильность компании (финансовая устойчивость),1
532,choose,Баланс работы и личной жизни,2
532,choose,Команда и корпоративная культура,3
533,choose,Моё профессиональное развитие,1
533,choose,Цифровые продукт компании,2
533,choose,Интересные задачи / проекты,3
534,choose,Удаленный / гибридный формат работы,1
534,choose,Моё профессиональное развитие,2
534,choose,Стабильность компании (финансовая устойчивость),3
535,choose,Баланс работы и личной жизни,1
535,choose,Стабильность компании (финансовая устойчивость),2
535,choose,Удаленный / гибридный формат работы,3
536,choose,Удаленный / гибридный формат работы,1
536,choose,Стабильность компании (финансовая устойчивость),2
536,choose,Моё профессиональное развитие,3
537,choose,Интересные задачи / проекты,1
537,choose,Удаленный / гибридный формат работы,2
537,choose,Стабильность компании (финансовая устойчивость),3
538,choose,Команда и корпоративная культура,1
538,choose,Удаленный / гибридный формат работы,2
538,choose,Моё профессиональное развитие,3
539,choose,Удаленный / гибридный формат работы,1
539,choose,Интересные задачи / проекты,2
539,choose,Баланс работы и личной жизни,3
540,choose,Баланс работы и личной жизни,1
540,choose,Интересные задачи / проекты,2
540,choose,Моё профессиональное развитие,3
541,choose,Команда и корпоративная культура,1
541,choose,Интересные задачи / проекты,2
541,choose,Моё профессиональное развитие,3
542,choose,Удаленный / гибридный формат работы,1
542,choose,Баланс работы и личной жизни,2
542,choose,Стабильность компании (финансовая устойчивость),3
543,choose,Удаленный / гибридный формат работы,1
543,choose,Стабильность компании (финансовая устойчивость),2
543,choose,Баланс работы и личной жизни,3
544,choose,Стабильность компании (финансовая устойчивость),1
544,choose,Интересные задачи / проекты,2
544,choose,Удаленный / гибридный формат работы,3
545,choose,Моё профессиональное развитие,1
545,choose,Стабильность компании (финансовая устойчивость),2
545,choose,Команда и корпоративная культура,3
546,choose,Моё профессиональное развитие,1
546,choose,Интересные задачи / проекты,2
546,choose,Другое: Вознаграждение,3
547,choose,Баланс работы и личной жизни,1
547,choose,Удаленный / гибридный формат работы,2
547,choose,Стабильность компании (финансовая устойчивость),3
548,choose,Моё профессиональное развитие,1
548,choose,Стабильность компании (финансовая устойчивость),2
548,choose,Репутация компании на рынке,3
549,choose,Цифровые продукт компании,1
549,choose,Стабильность компании (финансовая устойчивость),2
549,choose,Баланс работы и личной жизни,3
550,choose,Репутация компании на рынке,1
550,choose,Команда и корпоративная культура,2
550,choose,Интересные задачи / проекты,3
551,choose,Моё профессиональное развитие,1
551,choose,Удаленный / гибридный формат работы,2
551,choose,Команда и корпоративная культура,3
552,choose,Стабильность компании (финансовая устойчивость),1
552,choose,Репутация компании на рынке,2
552,choose,Баланс работы и личной жизни,3
553,choose,Стабильность компании (финансовая устойчивость),1
553,choose,Удаленный / гибридный формат работы,2
553,choose,Интересные задачи / проекты,3
554,choose,Моё профессиональное развитие,1
554,choose,Стабильность компании (финансовая устойчивость),2
554,choose,Репутация компании на рынке,3
555,choose,Удаленный / гибридный формат работы,1
555,choose,Интересные задачи / проекты,2
555,choose,Стабильность компании (финансовая устойчивость),3
556,choose,Удаленный / гибридный формат работы,1
556,choose,Моё профессиональное развитие,2
556,choose,Стабильность компании (финансовая устойчивость),3
557,choose,Моё профессиональное развитие,1
557,choose,Интересные задачи / проекты,2
557,choose,Стабильность компании (финансовая устойчивость),3
558,choose,Моё профессиональное развитие,1
558,choose,Стабильность компании (финансовая устойчивость),2
558,choose,Удаленный / гибридный формат работы,3
559,choose,Стабильность компании (финансовая устойчивость),1
559,choose,Баланс работы и личной жизни,2
559,choose,Удаленный / гибридный формат работы,3
560,choose,Удаленный / гибридный формат работы,1
560,choose,Баланс работы и личной жизни,2
560,choose,Моё профессиональное развитие,3
561,choose,Цифровые продукт компании,1
561,choose,Моё профессиональное развитие,2
561,choose,Репутация компании на рынке,3
562,choose,Команда и корпоративная культура,1
562,choose,Стабильность компании (финансовая устойчивость),2
562,choose,Баланс работы и личной жизни,3
563,choose,Удаленный / гибридный формат работы,1
563,choose,Баланс работы и личной жизни,2
563,choose,Личный бренд основателя / руководителя компании,3
564,choose,Репутация компании на рынке,1
564,choose,Моё профессиональное развитие,2
564,choose,Команда и корпоративная культура,3
565,choose,Моё профессиональное развитие,1
565,choose,Репутация компании на рынке,2
565,choose,Баланс работы и личной жизни,3
566,choose,Баланс работы и личной жизни,1
566,choose,Моё профессиональное развитие,2
566,choose,Команда и корпоративная культура,3
567,choose,Баланс работы и личной жизни,1
567,choose,Удаленный / гибридный формат работы,2
567,choose,Стабильность компании (финансовая устойчивость),3
568,choose,Репутация компании на рынке,1
568,choose,Нахождение офиса компании,2
568,choose,Интересные задачи / проекты,3
569,choose,Интересные задачи / проекты,1
569,choose,Удаленный / гибридный формат работы,2
569,choose,Команда и корпоративная культура,3
570,choose,Моё профессиональное развитие,1
570,choose,Цифровые продукт компании,2
570,choose,Репутация компании на рынке,3
571,choose,Репутация компании на рынке,1
571,choose,Моё профессиональное развитие,2
571,choose,Баланс работы и личной жизни,3
572,choose,Цифровые продукт компании,1
572,choose,Баланс работы и личной жизни,2
572,choose,Интересные задачи / проекты,3
573,choose,Команда и корпоративная культура,1
573,choose,Интересные задачи / проекты,2
573,choose,Цифровые продукт компании,3
574,choose,Моё профессиональное развитие,1
574,choose,Репутация компании на рынке,2
574,choose,Баланс работы и личной жизни,3
575,choose,Репутация компании на рынке,1
575,choose,Интересные задачи / проекты,2
575,choose,Команда и корпоративная культура,3
576,choose,Баланс работы и личной жизни,1
576,choose,Интересные задачи / проекты,2
576,choose,Команда и корпоративная культура,3
577,choose,Удаленный / гибридный формат работы,1
577,choose,Интересные задачи / проекты,2
577,choose,Цифровые продукт компании,3
578,choose,Репутация компании на рынке,1
578,choose,Команда и корпоративная культура,2
578,choose,Удаленный / гибридный формат работы,3
579,choose,Баланс работы и личной жизни,1
579,choose,Удаленный / гибридный формат работы,2
579,choose,Стабильность компании (финансовая устойчивость),3
580,choose,Стабильность компании (финансовая устойчивость),1
580,choose,Удаленный / гибридный формат работы,2
580,choose,Репутация компании на рынке,3
581,choose,Стабильность компании (финансовая устойчивость),1
581,choose,Моё профессиональное развитие,2
581,choose,Репутация компании на рынке,3
582,choose,Цифровые продукт компании,1
582,choose,Интересные задачи / проекты,2
582,choose,Удаленный / гибридный формат работы,3
583,choose,Баланс работы и личной жизни,1
583,choose,Стабильность компании (финансовая устойчивость),2
583,choose,Команда и корпоративная культура,3
584,choose,Интересные задачи / проекты,1
584,choose,Команда и корпоративная культура,2
584,choose,Цифровые продукт компании,3
585,choose,Моё профессиональное развитие,1
585,choose,Репутация компании на рынке,2
585,choose,Баланс работы и личной жизни,3
586,choose,Команда и корпоративная культура,1
586,choose,Репутация компании на рынке,2
586,choose,Удаленный / гибридный формат работы,3
587,choose,Моё профессиональное развитие,1
587,choose,Репутация компании на рынке,2
587,choose,Команда и корпоративная культура,3
588,choose,Команда и корпоративная культура,1
588,choose,Моё профессиональное развитие,2
588,choose,Интересные задачи / проекты,3
589,choose,Интересные задачи / проекты,1
589,choose,Команда и корпоративная культура,2
589,choose,Моё профессиональное развитие,3
590,choose,Моё профессиональное развитие,1
590,choose,Команда и корпоративная культура,2
590,choose,Интересные задачи / проекты,3
591,choose,Репутация компании на рынке,1
591,choose,Моё профессиональное развитие,2
591,choose,Команда и корпоративная культура,3
592,choose,Интересные задачи / проекты,1
592,choose,Моё профессиональное развитие,2
592,choose,Стабильность компании (финансовая устойчивость),3
593,choose,Моё профессиональное развитие,1
593,choose,Нахождение офиса компании,2
593,choose,Баланс работы и личной жизни,3
594,choose,Интересные задачи / проекты,1
594,choose,Репутация компании на рынке,2
594,choose,Моё профессиональное развитие,3
595,choose,Команда и корпоративная культура,1
595,choose,Моё профессиональное развитие,2
595,choose,Стабильность компании (финансовая устойчивость),3
596,choose,Моё профессиональное развитие,1
596,choose,Цифровые продукт компании,2
596,choose,Интересные задачи / проекты,3
597,choose,Репутация компании на рынке,1
597,choose,Моё профессиональное развитие,2
597,choose,Баланс работы и личной жизни,3
598,choose,Моё профессиональное развитие,1
598,choose,Удаленный / гибридный формат работы,2
598,choose,Команда и корпоративная культура,3
599,choose,Интересные задачи / проекты,1
599,choose,Моё профессиональное развитие,2
599,choose,Репутация компании на рынке,3
600,choose,Моё профессиональное развитие,1
600,choose,Удаленный / гибридный формат работы,2
600,choose,Команда и корпоративная культура,3
601,choose,Интересные задачи / проекты,1
601,choose,Цифровые продукт компании,2
601,choose,Моё профессиональное развитие,3
602,choose,Нахождение офиса компании,1
602,choose,Интересные задачи / проекты,2
602,choose,Репутация компании на рынке,3
603,choose,Интересные задачи / проекты,1
603,choose,Нахождение офиса компании,2
603,choose,Моё профессиональное развитие,3
604,choose,Удаленный / гибридный формат работы,1
604,choose,Баланс работы и личной жизни,2
604,choose,Стабильность компании (финансовая устойчивость),3
605,choose,Команда и корпоративная культура,1
605,choose,Удаленный / гибридный формат работы,2
605,choose,Интересные задачи / проекты,3
606,choose,Интересные задачи / проекты,1
606,choose,Команда и корпоративная культура,2
606,choose,Удаленный / гибридный формат работы,3
607,choose,Удаленный / гибридный формат работы,1
607,choose,Баланс работы и личной жизни,2
607,choose,Интересные задачи / проекты,3
608,choose,Репутация компании на рынке,1
608,choose,Моё профессиональное развитие,2
608,choose,Личный бренд основателя / руководителя компании,3
609,choose,Баланс работы и личной жизни,1
609,choose,Команда и корпоративная культура,2
609,choose,Моё профессиональное развитие,3
610,choose,Репутация компании на рынке,1
610,choose,Стабильность компании (финансовая устойчивость),2
610,choose,Моё профессиональное развитие,3
611,choose,Удаленный / гибридный формат работы,1
611,choose,Команда и корпоративная культура,2
611,choose,Интересные задачи / проекты,3
612,choose,Цифровые продукт компании,1
612,choose,Команда и корпоративная культура,2
612,choose,Удаленный / гибридный формат работы,3
613,choose,Интересные задачи / проекты,1
613,choose,Баланс работы и личной жизни,2
613,choose,Стабильность компании (финансовая устойчивость),3
614,choose,Команда и корпоративная культура,1
614,choose,Интересные задачи / проекты,2
614,choose,Репутация компании на рынке,3
615,choose,Моё профессиональное развитие,1
615,choose,Команда и корпоративная культура,2
615,choose,Стабильность компании (финансовая устойчивость),3
616,choose,Стабильность компании (финансовая устойчивость),1
616,choose,Удаленный / гибридный формат работы,2
616,choose,Моё профессиональное развитие,3
617,choose,Команда и корпоративная культура,1
618,choose,Интересные задачи / проекты,1
618,choose,Команда и корпоративная культура,2
618,choose,Моё профессиональное развитие,3
619,choose,Интересные задачи / проекты,1
619,choose,Команда и корпоративная культура,2
619,choose,Цифровые продукт компании,3
620,choose,Моё профессиональное развитие,1
620,choose,Удаленный / гибридный формат работы,2
620,choose,Интересные задачи / проекты,3
621,choose,Личный бренд основателя / руководителя компании,1
621,choose,Цифровые продукт компании,2
621,choose,Интересные задачи / проекты,3
622,choose,Моё профессиональное развитие,1
622,choose,Стабильность компании (финансовая устойчивость),2
622,choose,Команда и корпоративная культура,3
623,choose,Удаленный / гибридный формат работы,1
623,choose,Баланс работы и личной жизни,2
623,choose,Стабильность компании (финансовая устойчивость),3
624,choose,Интересные задачи / проекты,1
624,choose,Моё профессиональное развитие,2
624,choose,Другое: Заработная плата,3
625,choose,Удаленный / гибридный формат работы,1
625,choose,Стабильность компании (финансовая устойчивость),2
625,choose,Интересные задачи / проекты,3
626,choose,Удаленный / гибридный формат работы,1
626,choose,Стабильность компании (финансовая устойчивость),2
626,choose,Баланс работы и личной жизни,3
627,choose,Моё профессиональное развитие,1
627,choose,Удаленный / гибридный формат работы,2
627,choose,Репутация компании на рынке,3
628,choose,Команда и корпоративная культура,1
628,choose,Баланс работы и личной жизни,2
628,choose,Интересные задачи / проекты,3
629,choose,Команда и корпоративная культура,1
629,choose,Цифровые продукт компании,2
629,choose,Стабильность компании (финансовая устойчивость),3
630,choose,Репутация компании на рынке,1
630,choose,Интересные задачи / проекты,2
630,choose,Удаленный / гибридный формат работы,3
631,choose,Репутация компании на рынке,1
631,choose,Стабильность компании (финансовая устойчивость),2
631,choose,Моё профессиональное развитие,3
632,choose,Команда и корпоративная культура,1
632,choose,Удаленный / гибридный формат работы,2
632,choose,Моё профессиональное развитие,3
633,choose,Удаленный / гибридный формат работы,1
633,choose,Баланс работы и личной жизни,2
633,choose,Интересные задачи / проекты,3
634,choose,Личный бренд основателя / руководителя компании,1
634,choose,Нахождение офиса компании,2
634,choose,Репутация компании на рынке,3
635,choose,Интересные задачи / проекты,1
635,choose,Репутация компании на рынке,2
635,choose,Команда и корпоративная культура,3
636,choose,Удаленный / гибридный формат работы,1
636,choose,Баланс работы и личной жизни,2
636,choose,Интересные задачи / проекты,3
637,choose,Интересные задачи / проекты,1
637,choose,Баланс работы и личной жизни,2
637,choose,Стабильность компании (финансовая устойчивость),3
638,choose,Удаленный / гибридный формат работы,1
638,choose,Баланс работы и личной жизни,2
638,choose,Стабильность компании (финансовая устойчивость),3
639,choose,Моё профессиональное развитие,1
639,choose,Удаленный / гибридный формат работы,2
639,choose,Интересные задачи / проекты,3
640,choose,Репутация компании на рынке,1
640,choose,Баланс работы и личной жизни,2
640,choose,Команда и корпоративная культура,3
641,choose,Репутация компании на рынке,1
641,choose,Удаленный / гибридный формат работы,2
641,choose,Интересные задачи / проекты,3
642,choose,Баланс работы и личной жизни,1
642,choose,Стабильность компании (финансовая устойчивость),2
642,choose,Команда и корпоративная культура,3
643,choose,Стабильность компании (финансовая устойчивость),1
643,choose,Команда и корпоративная культура,2
643,choose,Репутация компании на рынке,3
644,choose,Интересные задачи / проекты,1
644,choose,Моё профессиональное развитие,2
644,choose,Команда и корпоративная культура,3
645,choose,Баланс работы и личной жизни,1
645,choose,Стабильность компании (финансовая устойчивость),2
645,choose,Личный бренд основателя / руководителя компании,3
646,choose,Моё профессиональное развитие,1
646,choose,Стабильность компании (финансовая устойчивость),2
646,choose,Баланс работы и личной жизни,3
647,choose,Стабильность компании (финансовая устойчивость),1
647,choose,Команда и корпоративная культура,2
647,choose,Удаленный / гибридный формат работы,3
648,choose,Команда и корпоративная культура,1
648,choose,Баланс работы и личной жизни,2
648,choose,Удаленный / гибридный формат работы,3
649,choose,Стабильность компании (финансовая устойчивость),1
649,choose,Моё профессиональное развитие,2
649,choose,Баланс работы и личной жизни,3
650,choose,Моё профессиональное развитие,1
650,choose,Репутация компании на рынке,2
650,choose,Команда и корпоративная культура,3
651,choose,Репутация компании на рынке,1
651,choose,Моё профессиональное развитие,2
651,choose,Команда и корпоративная культура,3
652,choose,Интересные задачи / проекты,1
652,choose,Баланс работы и личной жизни,2
652,choose,Стабильность компании (финансовая устойчивость),3
653,choose,Стабильность компании (финансовая устойчивость),1
653,choose,Репутация компании на рынке,2
653,choose,Баланс работы и личной жизни,3
654,choose,Цифровые продукт компании,1
654,choose,Моё профессиональное развитие,2
654,choose,Личный бренд основателя / руководителя компании,3
655,choose,Моё профессиональное развитие,1
655,choose,Баланс работы и личной жизни,2
655,choose,Стабильность компании (финансовая устойчивость),3
656,choose,Моё профессиональное развитие,1
656,choose,Стабильность компании (финансовая устойчивость),2
656,choose,Интересные задачи / проекты,3
657,choose,Баланс работы и личной жизни,1
657,choose,Удаленный / гибридный формат работы,2
657,choose,Стабильность компании (финансовая устойчивость),3
658,choose,Стабильность компании (финансовая устойчивость),1
658,choose,Удаленный / гибридный формат работы,2
658,choose,Моё профессиональное развитие,3
659,choose,Репутация компании на рынке,1
659,choose,Моё профессиональное развитие,2
659,choose,Команда и корпоративная культура,3
660,choose,Стабильность компании (финансовая устойчивость),1
660,choose,Интересные задачи / проекты,2
660,choose,Команда и корпоративная культура,3
661,choose,Интересные задачи / проекты,1
661,choose,Моё профессиональное развитие,2
661,choose,Команда и корпоративная культура,3
662,choose,Репутация компании на рынке,1
662,choose,Удаленный / гибридный формат работы,2
662,choose,Стабильность компании (финансовая устойчивость),3
663,choose,Стабильность компании (финансовая устойчивость),1
663,choose,Команда и корпоративная культура,2
663,choose,Интересные задачи / проекты,3
664,choose,Стабильность компании (финансовая устойчивость),1
664,choose,Моё профессиональное развитие,2
664,choose,Баланс работы и личной жизни,3
665,choose,Команда и корпоративная культура,1
665,choose,Стабильность компании (финансовая устойчивость),2
665,choose,Баланс работы и личной жизни,3
666,choose,Личный бренд основателя / руководителя компании,1
666,choose,Стабильность компании (финансовая устойчивость),2
666,choose,Моё профессиональное развитие,3
667,choose,Стабильность компании (финансовая устойчивость),1
667,choose,Цифровые продукт компании,2
667,choose,Моё профессиональное развитие,3
668,choose,Стабильность компании (финансовая устойчивость),1
668,choose,Баланс работы и личной жизни,2
668,choose,Интересные задачи / проекты,3
669,choose,Баланс работы и личной жизни,1
669,choose,Репутация компании на рынке,2
669,choose,Команда и корпоративная культура,3
670,choose,Моё профессиональное развитие,1
670,choose,Интересные задачи / проекты,2
670,choose,Команда и корпоративная культура,3
671,choose,Репутация компании на рынке,1
671,choose,Команда и корпоративная культура,2
671,choose,Моё профессиональное развитие,3
672,choose,Удаленный / гибридный формат работы,1
672,choose,Стабильность компании (финансовая устойчивость),2
672,choose,Интересные задачи / проекты,3
673,choose,Интересные задачи / проекты,1
673,choose,Стабильность компании (финансовая устойчивость),2
673,choose,Команда и корпоративная культура,3
674,choose,Баланс работы и личной жизни,1
674,choose,Интересные задачи / проекты,2
674,choose,Моё профессиональное развитие,3
675,choose,Интересные задачи / проекты,1
675,choose,Команда и корпоративная культура,2
675,choose,Моё профессиональное развитие,3
676,choose,Стабильность компании (финансовая устойчивость),1
676,choose,Моё профессиональное развитие,2
676,choose,Удаленный / гибридный формат работы,3
677,choose,Удаленный / гибридный формат работы,1
677,choose,Стабильность компании (финансовая устойчивость),2
677,choose,Моё профессиональное развитие,3
678,choose,Удаленный / гибридный формат работы,1
678,choose,Моё профессиональное развитие,2
678,choose,Баланс работы и личной жизни,3
679,choose,Баланс работы и личной жизни,1
679,choose,Интересные задачи / проекты,2
679,choose,Удаленный / гибридный формат работы,3
680,choose,Баланс работы и личной жизни,1
680,choose,Стабильность компании (финансовая устойчивость),2
680,choose,Команда и корпоративная культура,3
681,choose,Удаленный / гибридный формат работы,1
681,choose,Команда и корпоративная культура,2
681,choose,Интересные задачи / проекты,3
682,choose,Моё профессиональное развитие,1
682,choose,Удаленный / гибридный формат работы,2
682,choose,Баланс работы и личной жизни,3
683,choose,Стабильность компании (финансовая устойчивость),1
683,choose,Моё профессиональное развитие,2
683,choose,Репутация компании на рынке,3
684,choose,Баланс работы и личной жизни,1
684,choose,Стабильность компании (финансовая устойчивость),2
684,choose,Моё профессиональное развитие,3
685,choose,Удаленный / гибридный формат работы,1
685,choose,Баланс работы и личной жизни,2
685,choose,Другое: высокая зарплата,3
686,choose,Баланс работы и личной жизни,1
686,choose,Моё профессиональное развитие,2
686,choose,Удаленный / гибридный формат работы,3
687,choose,Баланс работы и личной жизни,1
687,choose,Стабильность компании (финансовая устойчивость),2
687,choose,Репутация компании на рынке,3
688,choose,Команда и корпоративная культура,1
688,choose,Интересные задачи / проекты,2
688,choose,Моё профессиональное развитие,3
689,choose,Удаленный / гибридный формат работы,1
689,choose,Команда и корпоративная культура,2
689,choose,Моё профессиональное развитие,3
690,choose,Удаленный / гибридный формат работы,1
690,choose,Моё профессиональное развитие,2
690,choose,Команда и корпоративная культура,3
691,choose,Моё профессиональное развитие,1
691,choose,Команда и корпоративная культура,2
691,choose,Баланс работы и личной жизни,3
692,choose,Стабильность компании (финансовая устойчивость),1
692,choose,Репутация компании на рынке,2
692,choose,Моё профессиональное развитие,3
693,choose,Интересные задачи / проекты,1
693,choose,Моё профессиональное развитие,2
693,choose,Репутация компании на рынке,3
694,choose,Удаленный / гибридный формат работы,1
694,choose,Команда и корпоративная культура,2
694,choose,Баланс работы и личной жизни,3
695,choose,Удаленный / гибридный формат работы,1
695,choose,Команда и корпоративная культура,2
695,choose,Интересные задачи / проекты,3
696,choose,Команда и корпоративная культура,1
696,choose,Моё профессиональное развитие,2
696,choose,Баланс работы и личной жизни,3
697,choose,Моё профессиональное развитие,1
697,choose,Интересные задачи / проекты,2
697,choose,Удаленный / гибридный формат работы,3
698,choose,Баланс работы и личной жизни,1
698,choose,Удаленный / гибридный формат работы,2
698,choose,Моё профессиональное развитие,3
699,choose,Баланс работы и личной жизни,1
699,choose,Цифровые продукт компании,2
699,choose,Команда и корпоративная культура,3
700,choose,Стабильность компании (финансовая устойчивость),1
700,choose,Команда и корпоративная культура,2
700,choose,Баланс работы и личной жизни,3
701,choose,Личный бренд основателя / руководителя компании,1
701,choose,Удаленный / гибридный формат работы,2
701,choose,Моё профессиональное развитие,3
702,choose,Баланс работы и личной жизни,1
702,choose,Команда и корпоративная культура,2
702,choose,Удаленный / гибридный формат работы,3
703,choose,Моё профессиональное развитие,1
703,choose,Баланс работы и личной жизни,2
703,choose,Команда и корпоративная культура,3
704,choose,Команда и корпоративная культура,1
704,choose,Моё профессиональное развитие,2
704,choose,Интересные задачи / проекты,3
705,choose,Моё профессиональное развитие,1
705,choose,Интересные задачи / проекты,2
705,choose,Репутация компании на рынке,3
706,choose,Моё профессиональное развитие,1
706,choose,Интересные задачи / проекты,2
706,choose,Баланс работы и личной жизни,3
707,choose,Команда и корпоративная культура,1
707,choose,Репутация компании на рынке,2
707,choose,Цифровые продукт компании,3
708,choose,Удаленный / гибридный формат работы,1
708,choose,Стабильность компании (финансовая устойчивость),2
708,choose,Баланс работы и личной жизни,3
709,choose,Стабильность компании (финансовая устойчивость),1
709,choose,Баланс работы и личной жизни,2
709,choose,Удаленный / гибридный формат работы,3
710,choose,Команда и корпоративная культура,1
710,choose,Интересные задачи / проекты,2
710,choose,Баланс работы и личной жизни,3
711,choose,Стабильность компании (финансовая устойчивость),1
711,choose,Моё профессиональное развитие,2
711,choose,Баланс работы и личной жизни,3
712,choose,Баланс работы и личной жизни,1
712,choose,Удаленный / гибридный формат работы,2
712,choose,Стабильность компании (финансовая устойчивость),3
713,choose,Интересные задачи / проекты,1
713,choose,Стабильность компании (финансовая устойчивость),2
713,choose,Баланс работы и личной жизни,3
714,choose,Моё профессиональное развитие,1
714,choose,Интересные задачи / проекты,2
714,choose,Команда и корпоративная культура,3
715,choose,Удаленный / гибридный формат работы,1
715,choose,Моё профессиональное развитие,2
715,choose,Интересные задачи / проекты,3
716,choose,Баланс работы и личной жизни,1
716,choose,Удаленный / гибридный формат работы,2
716,choose,Стабильность компании (финансовая устойчивость),3
717,choose,Удаленный / гибридный формат работы,1
717,choose,Стабильность компании (финансовая устойчивость),2
717,choose,Баланс работы и личной жизни,3
718,choose,Стабильность компании (финансовая устойчивость),1
719,choose,Интересные задачи / проекты,1
719,choose,Стабильность компании (финансовая устойчивость),2
719,choose,Удаленный / гибридный формат работы,3
720,choose,Стабильность компании (финансовая устойчивость),1
720,choose,Баланс работы и личной жизни,2
720,choose,Команда и корпоративная культура,3
721,choose,Репутация компании на рынке,1
721,choose,Интересные задачи / проекты,2
721,choose,Удаленный / гибридный формат работы,3
722,choose,Моё профессиональное развитие,1
722,choose,Стабильность компании (финансовая устойчивость),2
722,choose,Команда и корпоративная культура,3
723,choose,Моё профессиональное развитие,1
723,choose,Репутация компании на рынке,2
723,choose,Интересные задачи / проекты,3
724,choose,Баланс работы и личной жизни,1
724,choose,Команда и корпоративная культура,2
724,choose,Интересные задачи / проекты,3
725,choose,Стабильность компании (финансовая устойчивость),1
725,choose,Баланс работы и личной жизни,2
725,choose,Интересные задачи / проекты,3
726,choose,Репутация компании на рынке,1
726,choose,Стабильность компании (финансовая устойчивость),2
726,choose,Баланс работы и личной жизни,3
727,choose,Интересные задачи / проекты,1
727,choose,Баланс работы и личной жизни,2
727,choose,Удаленный / гибридный формат работы,3
728,choose,Удаленный / гибридный формат работы,1
728,choose,Баланс работы и личной жизни,2
728,choose,Репутация компании на рынке,3
729,choose,Репутация компании на рынке,1
729,choose,Баланс работы и личной жизни,2
729,choose,Стабильность компании (финансовая устойчивость),3
730,choose,Команда и корпоративная культура,1
730,choose,Удаленный / гибридный формат работы,2
730,choose,Моё профессиональное развитие,3
731,choose,Репутация компании на рынке,1
731,choose,Интересные задачи / проекты,2
731,choose,Моё профессиональное развитие,3
732,choose,Баланс работы и личной жизни,1
732,choose,Нахождение офиса компании,2
732,choose,Команда и корпоративная культура,3
733,choose,Репутация компании на рынке,1
733,choose,Баланс работы и личной жизни,2
733,choose,Цифровые продукт компании,3
734,choose,Интересные задачи / проекты,1
734,choose,Моё профессиональное развитие,2
734,choose,Команда и корпоративная культура,3
735,choose,Стабильность компании (финансовая устойчивость),1
735,choose,Моё профессиональное развитие,2
735,choose,Команда и корпоративная культура,3
736,choose,Удаленный / гибридный формат работы,1
736,choose,Стабильность компании (финансовая устойчивость),2
736,choose,Баланс работы и личной жизни,3
737,choose,Интересные задачи / проекты,1
737,choose,Удаленный / гибридный формат работы,2
737,choose,Баланс работы и личной жизни,3
738,choose,Команда и корпоративная культура,1
738,choose,Стабильность компании (финансовая устойчивость),2
738,choose,Моё профессиональное развитие,3
739,choose,Моё профессиональное развитие,1
739,choose,Интересные задачи / проекты,2
740,choose,Моё профессиональное развитие,1
740,choose,Репутация компании на рынке,2
740,choose,Цифровые продукт компании,3
741,choose,Команда и корпоративная культура,1
741,choose,Баланс работы и личной жизни,2
741,choose,Удаленный / гибридный формат работы,3
742,choose,Баланс работы и личной жизни,1
742,choose,Репутация компании на рынке,2
742,choose,Моё профессиональное развитие,3
743,choose,Команда и корпоративная культура,1
743,choose,Моё профессиональное развитие,2
743,choose,Баланс работы и личной жизни,3
744,choose,Команда и корпоративная культура,1
744,choose,Баланс работы и личной жизни,2
744,choose,Удаленный / гибридный формат работы,3
745,choose,Удаленный / гибридный формат работы,1
745,choose,Моё профессиональное развитие,2
745,choose,Личный бренд основателя / руководителя компании,3
746,choose,Удаленный / гибридный формат работы,1
746,choose,Моё профессиональное развитие,2
746,choose,Команда и корпоративная культура,3
747,choose,Моё профессиональное развитие,1
747,choose,Команда и корпоративная культура,2
747,choose,Стабильность компании (финансовая устойчивость),3
748,choose,Нахождение офиса компании,1
748,choose,Репутация компании на рынке,2
748,choose,Моё профессиональное развитие,3
749,choose,Стабильность компании (финансовая устойчивость),1
749,choose,Репутация компании на рынке,2
749,choose,Команда и корпоративная культура,3
750,choose,Нахождение офиса компании,1
750,choose,Стабильность компании (финансовая устойчивость),2
750,choose,Удаленный / гибридный формат работы,3
751,choose,Удаленный / гибридный формат работы,1
751,choose,Команда и корпоративная культура,2
751,choose,Стабильность компании (финансовая устойчивость),3
752,choose,Стабильность компании (финансовая устойчивость),1
752,choose,Нахождение офиса компании,2
752,choose,Интересные задачи / проекты,3
753,choose,Репутация компании на рынке,1
753,choose,Команда и корпоративная культура,2
753,choose,Стабильность компании (финансовая устойчивость),3
754,choose,Интересные задачи / проекты,1
754,choose,Баланс работы и личной жизни,2
754,choose,Стабильность компании (финансовая устойчивость),3
755,choose,Стабильность компании (финансовая устойчивость),1
755,choose,Команда и корпоративная культура,2
755,choose,Интересные задачи / проекты,3
756,choose,Удаленный / гибридный формат работы,1
756,choose,Репутация компании на рынке,2
756,choose,Команда и корпоративная культура,3
757,choose,Стабильность компании (финансовая устойчивость),1
758,choose,Команда и корпоративная культура,1
758,choose,Баланс работы и личной жизни,2
758,choose,Репутация компании на рынке,3
759,choose,Интересные задачи / проекты,1
759,choose,Моё профессиональное развитие,2
759,choose,Команда и корпоративная культура,3
760,choose,Удаленный / гибридный формат работы,1
760,choose,Баланс работы и личной жизни,2
760,choose,Команда и корпоративная культура,3
761,choose,Стабильность компании (финансовая устойчивость),1
761,choose,Удаленный / гибридный формат работы,2
761,choose,Интересные задачи / проекты,3
762,choose,Команда и корпоративная культура,1
762,choose,Репутация компании на рынке,2
762,choose,Интересные задачи / проекты,3
763,choose,Удаленный / гибридный формат работы,1
763,choose,Стабильность компании (финансовая устойчивость),2
763,choose,Репутация компании на рынке,3
764,choose,Интересные задачи / проекты,1
764,choose,Баланс работы и личной жизни,2
764,choose,Моё профессиональное развитие,3
765,choose,Удаленный / гибридный формат работы,1
765,choose,Моё профессиональное развитие,2
765,choose,Команда и корпоративная культура,3
766,choose,Стабильность компании (финансовая устойчивость),1
766,choose,Удаленный / гибридный формат работы,2
766,choose,Репутация компании на рынке,3
767,choose,Стабильность компании (финансовая устойчивость),1
767,choose,Репутация компании на рынке,2
767,choose,Цифровые продукт компании,3
768,choose,Удаленный / гибридный формат работы,1
768,choose,Баланс работы и личной жизни,2
768,choose,Интересные задачи / проекты,3
769,choose,Команда и корпоративная культура,1
769,choose,Баланс работы и личной жизни,2
769,choose,Стабильность компании (финансовая устойчивость),3
770,choose,Удаленный / гибридный формат работы,1
770,choose,Баланс работы и личной жизни,2
770,choose,Репутация компании на рынке,3
771,choose,Команда и корпоративная культура,1
771,choose,Баланс работы и личной жизни,2
771,choose,Стабильность компании (финансовая устойчивость),3
772,choose,Моё профессиональное развитие,1
772,choose,Команда и корпоративная культура,2
772,choose,Баланс работы и личной жизни,3
773,choose,Баланс работы и личной жизни,1
773,choose,Стабильность компании (финансовая устойчивость),2
773,choose,Нахождение офиса компании,3
774,choose,Баланс работы и личной жизни,1
774,choose,Моё профессиональное развитие,2
774,choose,Удаленный / гибридный формат работы,3
775,choose,Репутация компании на рынке,1
775,choose,Интересные задачи / проекты,2
775,choose,Цифровые продукт компании,3
776,choose,Репутация компании на рынке,1
776,choose,Моё профессиональное развитие,2
776,choose,Команда и корпоративная культура,3
777,choose,Баланс работы и личной жизни,1
777,choose,Нахождение офиса компании,2
777,choose,Удаленный / гибридный формат работы,3
778,choose,Команда и корпоративная культура,1
779,choose,Стабильность компании (финансовая устойчивость),1
779,choose,Команда и корпоративная культура,2
779,choose,Интересные задачи / проекты,3
780,choose,Команда и корпоративная культура,1
780,choose,Интересные задачи / проекты,2
780,choose,Баланс работы и личной жизни,3
781,choose,Репутация компании на рынке,1
781,choose,Удаленный / гибридный формат работы,2
781,choose,Стабильность компании (финансовая устойчивость),3
782,choose,Репутация компании на рынке,1
782,choose,Команда и корпоративная культура,2
782,choose,Моё профессиональное развитие,3
783,choose,Интересные задачи / проекты,1
783,choose,Стабильность компании (финансовая устойчивость),2
783,choose,Команда и корпоративная культура,3
784,choose,Удаленный / гибридный формат работы,1
784,choose,Команда и корпоративная культура,2
784,choose,Интересные задачи / проекты,3
785,choose,Стабильность компании (финансовая устойчивость),1
786,choose,Моё профессиональное развитие,1
786,choose,Стабильность компании (финансовая устойчивость),2
786,choose,Удаленный / гибридный формат работы,3
787,choose,Моё профессиональное развитие,1
787,choose,Удаленный / гибридный формат работы,2
787,choose,Интересные задачи / проекты,3
788,choose,Цифровые продукт компании,1
788,choose,Баланс работы и личной жизни,2
788,choose,Интересные задачи / проекты,3
789,choose,Баланс работы и личной жизни,1
789,choose,Стабильность компании (финансовая устойчивость),2
789,choose,Удаленный / гибридный формат работы,3
790,choose,Стабильность компании (финансовая устойчивость),1
790,choose,Интересные задачи / проекты,2
790,choose,Моё профессиональное развитие,3
791,choose,Моё профессиональное развитие,1
791,choose,Баланс работы и личной жизни,2
791,choose,Стабильность компании (финансовая устойчивость),3
792,choose,Моё профессиональное развитие,1
792,choose,Личный бренд основателя / руководителя компании,2
792,choose,Стабильность компании (финансовая устойчивость),3
793,choose,Репутация компании на рынке,1
793,choose,Интересные задачи / проекты,2
793,choose,Команда и корпоративная культура,3
794,choose,Интересные задачи / проекты,1
794,choose,Команда и корпоративная культура,2
794,choose,Удаленный / гибридный формат работы,3
795,choose,Удаленный / гибридный формат работы,1
795,choose,Баланс работы и личной жизни,2
795,choose,Репутация компании на рынке,3
796,choose,Стабильность компании (финансовая устойчивость),1
796,choose,Моё профессиональное развитие,2
796,choose,Баланс работы и личной жизни,3
797,choose,Удаленный / гибридный формат работы,1
797,choose,Стабильность компании (финансовая устойчивость),2
798,choose,Другое: Кроме зп ничего,1
799,choose,Моё профессиональное развитие,1
799,choose,Баланс работы и личной жизни,2
799,choose,Команда и корпоративная культура,3
800,choose,Моё профессиональное развитие,1
800,choose,Стабильность компании (финансовая устойчивость),2
800,choose,Удаленный / гибридный формат работы,3
801,choose,Интересные задачи / проекты,1
801,choose,Баланс работы и личной жизни,2
801,choose,Моё профессиональное развитие,3
802,choose,Моё профессиональное развитие,1
802,choose,Баланс работы и личной жизни,2
802,choose,Стабильность компании (финансовая устойчивость),3
803,choose,Моё профессиональное развитие,1
803,choose,Команда и корпоративная культура,2
803,choose,Интересные задачи / проекты,3
804,choose,Удаленный / гибридный формат работы,1
804,choose,Стабильность компании (финансовая устойчивость),2
804,choose,Моё профессиональное развитие,3
805,choose,Моё профессиональное развитие,1
805,choose,Баланс работы и личной жизни,2
805,choose,Интересные задачи / проекты,3
806,choose,Удаленный / гибридный формат работы,1
806,choose,Нахождение офиса компании,2
806,choose,Баланс работы и личной жизни,3
807,choose,Команда и корпоративная культура,1
807,choose,Баланс работы и личной жизни,2
807,choose,Моё профессиональное развитие,3
808,choose,Моё профессиональное развитие,1
808,choose,Удаленный / гибридный формат работы,2
808,choose,Баланс работы и личной жизни,3
809,choose,Стабильность компании (финансовая устойчивость),1
809,choose,Команда и корпоративная культура,2
809,choose,Личный бренд основателя / руководителя компании,3
810,choose,Моё профессиональное развитие,1
810,choose,Баланс работы и личной жизни,2
810,choose,Удаленный / гибридный формат работы,3
811,choose,Репутация компании на рынке,1
811,choose,Стабильность компании (финансовая устойчивость),2
811,choose,Интересные задачи / проекты,3
812,choose,Команда и корпоративная культура,1
812,choose,Интересные задачи / проекты,2
812,choose,Цифровые продукт компании,3
813,choose,Удаленный / гибридный формат работы,1
813,choose,Моё профессиональное развитие,2
813,choose,Стабильность компании (финансовая устойчивость),3
814,choose,Моё профессиональное развитие,1
814,choose,Интересные задачи / проекты,2
814,choose,Репутация компании на рынке,3
815,choose,Команда и корпоративная культура,1
815,choose,Интересные задачи / проекты,2
815,choose,Стабильность компании (финансовая устойчивость),3
816,choose,Баланс работы и личной жизни,1
816,choose,Стабильность компании (финансовая устойчивость),2
816,choose,Репутация компании на рынке,3
817,choose,Репутация компании на рынке,1
817,choose,Цифровые продукт компании,2
817,choose,Удаленный / гибридный формат работы,3
818,choose,Нахождение офиса компании,1
818,choose,Репутация компании на рынке,2
818,choose,Команда и корпоративная культура,3
819,choose,Баланс работы и личной жизни,1
819,choose,Интересные задачи / проекты,2
819,choose,Цифровые продукт компании,3
820,choose,Команда и корпоративная культура,1
820,choose,Интересные задачи / проекты,2
820,choose,Удаленный / гибридный формат работы,3
821,choose,Моё профессиональное развитие,1
821,choose,Удаленный / гибридный формат работы,2
821,choose,Баланс работы и личной жизни,3
822,choose,Удаленный / гибридный формат работы,1
822,choose,Стабильность компании (финансовая устойчивость),2
822,choose,Команда и корпоративная культура,3
823,choose,Команда и корпоративная культура,1
823,choose,Удаленный / гибридный формат работы,2
823,choose,Стабильность компании (финансовая устойчивость),3
824,choose,Репутация компании на рынке,1
824,choose,Нахождение офиса компании,2
824,choose,Удаленный / гибридный формат работы,3
825,choose,Цифровые продукт компании,1
825,choose,Команда и корпоративная культура,2
825,choose,Интересные задачи / проекты,3
826,choose,Стабильность компании (финансовая устойчивость),1
826,choose,Баланс работы и личной жизни,2
826,choose,Моё профессиональное развитие,3
827,choose,Репутация компании на рынке,1
827,choose,Цифровые продукт компании,2
827,choose,Удаленный / гибридный формат работы,3
828,choose,Репутация компании на рынке,1
828,choose,Интересные задачи / проекты,2
828,choose,Моё профессиональное развитие,3
829,choose,Стабильность компании (финансовая устойчивость),1
829,choose,Моё профессиональное развитие,2
829,choose,Цифровые продукт компании,3
830,choose,Команда и корпоративная культура,1
830,choose,Репутация компании на рынке,2
830,choose,Баланс работы и личной жизни,3
831,choose,Команда и корпоративная культура,1
831,choose,Стабильность компании (финансовая устойчивость),2
831,choose,Моё профессиональное развитие,3
832,choose,Удаленный / гибридный формат работы,1
832,choose,Моё профессиональное развитие,2
832,choose,Команда и корпоративная культура,3
833,choose,Удаленный / гибридный формат работы,1
833,choose,Стабильность компании (финансовая устойчивость),2
833,choose,Моё профессиональное развитие,3
834,choose,Репутация компании на рынке,1
834,choose,Интересные задачи / проекты,2
834,choose,Моё профессиональное развитие,3
835,choose,Удаленный / гибридный формат работы,1
835,choose,Стабильность компании (финансовая устойчивость),2
835,choose,Моё профессиональное развитие,3
836,choose,Стабильность компании (финансовая устойчивость),1
836,choose,Репутация компании на рынке,2
836,choose,Удаленный / гибридный формат работы,3
837,choose,Стабильность компании (финансовая устойчивость),1
837,choose,Удаленный / гибридный формат работы,2
837,choose,Команда и корпоративная культура,3
838,choose,Удаленный / гибридный формат работы,1
838,choose,Репутация компании на рынке,2
838,choose,Команда и корпоративная культура,3
839,choose,Стабильность компании (финансовая устойчивость),1
839,choose,Команда и корпоративная культура,2
839,choose,Репутация компании на рынке,3
840,choose,Удаленный / гибридный формат работы,1
840,choose,Моё профессиональное развитие,2
840,choose,Репутация компании на рынке,3
841,choose,Удаленный / гибридный формат работы,1
841,choose,Команда и корпоративная культура,2
841,choose,Стабильность компании (финансовая устойчивость),3
842,choose,Баланс работы и личной жизни,1
842,choose,Интересные задачи / проекты,2
842,choose,Удаленный / гибридный формат работы,3
843,choose,Репутация компании на рынке,1
843,choose,Удаленный / гибридный формат работы,2
843,choose,Стабильность компании (финансовая устойчивость),3
844,choose,Моё профессиональное развитие,1
844,choose,Репутация компании на рынке,2
844,choose,Интересные задачи / проекты,3
845,choose,Интересные задачи / проекты,1
845,choose,Моё профессиональное развитие,2
845,choose,Команда и корпоративная культура,3
846,choose,Баланс работы и личной жизни,1
846,choose,Команда и корпоративная культура,2
846,choose,Удаленный / гибридный формат работы,3
847,choose,Стабильность компании (финансовая устойчивость),1
847,choose,Удаленный / гибридный формат работы,2
847,choose,Баланс работы и личной жизни,3
848,choose,Баланс работы и личной жизни,1
848,choose,Стабильность компании (финансовая устойчивость),2
848,choose,Команда и корпоративная культура,3
849,choose,Команда и корпоративная культура,1
849,choose,Интересные задачи / проекты,2
849,choose,Репутация компании на рынке,3
850,choose,Команда и корпоративная культура,1
850,choose,Интересные задачи / проекты,2
850,choose,Стабильность компании (финансовая устойчивость),3
851,choose,Моё профессиональное развитие,1
851,choose,Команда и корпоративная культура,2
851,choose,Репутация компании на рынке,3
852,choose,Удаленный / гибридный формат работы,1
852,choose,Команда и корпоративная культура,2
852,choose,Интересные задачи / проекты,3
853,choose,Интересные задачи / проекты,1
853,choose,Репутация компании на рынке,2
853,choose,Удаленный / гибридный формат работы,3
854,choose,Репутация компании на рынке,1
854,choose,Интересные задачи / проекты,2
854,choose,Моё профессиональное развитие,3
855,choose,Удаленный / гибридный формат работы,1
855,choose,Нахождение офиса компании,2
855,choose,Баланс работы и личной жизни,3
856,choose,Стабильность компании (финансовая устойчивость),1
856,choose,Репутация компании на рынке,2
856,choose,Моё профессиональное развитие,3
857,choose,Репутация компании на рынке,1
857,choose,Команда и корпоративная культура,2
857,choose,Удаленный / гибридный формат работы,3
858,choose,Удаленный / гибридный формат работы,1
858,choose,Моё профессиональное развитие,2
858,choose,Стабильность компании (финансовая устойчивость),3
859,choose,Команда и корпоративная культура,1
859,choose,Интересные задачи / проекты,2
859,choose,Репутация компании на рынке,3
860,choose,Интересные задачи / проекты,1
860,choose,Репутация компании на рынке,2
860,choose,Моё профессиональное развитие,3
861,choose,Удаленный / гибридный формат работы,1
861,choose,Баланс работы и личной жизни,2
861,choose,Интересные задачи / проекты,3
862,choose,Команда и корпоративная культура,1
863,choose,Моё профессиональное развитие,1
863,choose,Интересные задачи / проекты,2
863,choose,Стабильность компании (финансовая устойчивость),3
864,choose,Интересные задачи / проекты,1
864,choose,Моё профессиональное развитие,2
864,choose,Команда и корпоративная культура,3
865,choose,Моё профессиональное развитие,1
865,choose,Команда и корпоративная культура,2
865,choose,Баланс работы и личной жизни,3
866,choose,Удаленный / гибридный формат работы,1
866,choose,Стабильность компании (финансовая устойчивость),2
866,choose,Команда и корпоративная культура,3
867,choose,Удаленный / гибридный формат работы,1
867,choose,Интересные задачи / проекты,2
867,choose,Баланс работы и личной жизни,3
868,choose,Стабильность компании (финансовая устойчивость),1
868,choose,Удаленный / гибридный формат работы,2
868,choose,Моё профессиональное развитие,3
869,choose,Моё профессиональное развитие,1
869,choose,Стабильность компании (финансовая устойчивость),2
869,choose,Интересные задачи / проекты,3
870,choose,Команда и корпоративная культура,1
870,choose,Удаленный / гибридный формат работы,2
870,choose,Репутация компании на рынке,3
871,choose,Стабильность компании (финансовая устойчивость),1
871,choose,Удаленный / гибридный формат работы,2
871,choose,Моё профессиональное развитие,3
872,choose,Баланс работы и личной жизни,1
872,choose,Интересные задачи / проекты,2
872,choose,Моё профессиональное развитие,3
873,choose,Нахождение офиса компании,1
873,choose,Удаленный / гибридный формат работы,2
873,choose,Моё профессиональное развитие,3
874,choose,Репутация компании на рынке,1
874,choose,Интересные задачи / проекты,2
874,choose,Моё профессиональное развитие,3
875,choose,Команда и корпоративная культура,1
875,choose,Интересные задачи / проекты,2
875,choose,Стабильность компании (финансовая устойчивость),3
876,choose,Команда и корпоративная культура,1
876,choose,Репутация компании на рынке,2
876,choose,Баланс работы и личной жизни,3
877,choose,Команда и корпоративная культура,1
877,choose,Моё профессиональное развитие,2
877,choose,Стабильность компании (финансовая устойчивость),3
878,choose,Интересные задачи / проекты,1
878,choose,Цифровые продукт компании,2
878,choose,Команда и корпоративная культура,3
879,choose,Баланс работы и личной жизни,1
879,choose,Интересные задачи / проекты,2
879,choose,Стабильность компании (финансовая устойчивость),3
880,choose,Удаленный / гибридный формат работы,1
880,choose,Цифровые продукт компании,2
880,choose,Моё профессиональное развитие,3
881,choose,Удаленный / гибридный формат работы,1
881,choose,Стабильность компании (финансовая устойчивость),2
881,choose,Интересные задачи / проекты,3
882,choose,Удаленный / гибридный формат работы,1
882,choose,Стабильность компании (финансовая устойчивость),2
882,choose,Моё профессиональное развитие,3
883,choose,Удаленный / гибридный формат работы,1
883,choose,Стабильность компании (финансовая устойчивость),2
883,choose,Моё профессиональное развитие,3
884,choose,Удаленный / гибридный формат работы,1
884,choose,Нахождение офиса компании,2
884,choose,Интересные задачи / проекты,3
885,choose,Удаленный / гибридный формат работы,1
885,choose,Команда и корпоративная культура,2
885,choose,Стабильность компании (финансовая устойчивость),3
886,choose,Удаленный / гибридный формат работы,1
886,choose,Интересные задачи / проекты,2
886,choose,Команда и корпоративная культура,3
887,choose,Удаленный / гибридный формат работы,1
887,choose,Стабильность компании (финансовая устойчивость),2
887,choose,Баланс работы и личной жизни,3
888,choose,Стабильность компании (финансовая устойчивость),1
888,choose,Удаленный / гибридный формат работы,2
888,choose,Моё профессиональное развитие,3
889,choose,Удаленный / гибридный формат работы,1
889,choose,Интересные задачи / проекты,2
889,choose,Стабильность компании (финансовая устойчивость),3
890,choose,Удаленный / гибридный формат работы,1
890,choose,Стабильность компании (финансовая устойчивость),2
890,choose,Моё профессиональное развитие,3
891,choose,Баланс работы и личной жизни,1
891,choose,Стабильность компании (финансовая устойчивость),2
891,choose,Удаленный / гибридный формат работы,3
892,choose,Баланс работы и личной жизни,1
892,choose,Моё профессиональное развитие,2
892,choose,Удаленный / гибридный формат работы,3
893,choose,Репутация компании на рынке,1
893,choose,Интересные задачи / проекты,2
893,choose,Стабильность компании (финансовая устойчивость),3
894,choose,Личный бренд основателя / руководителя компании,1
894,choose,Команда и корпоративная культура,2
894,choose,Моё профессиональное развитие,3
895,choose,Репутация компании на рынке,1
895,choose,Стабильность компании (финансовая устойчивость),2
895,choose,Команда и корпоративная культура,3
896,choose,Моё профессиональное развитие,1
896,choose,Нахождение офиса компании,2
896,choose,Баланс работы и личной жизни,3
897,choose,Удаленный / гибридный формат работы,1
897,choose,Интересные задачи / проекты,2
897,choose,Моё профессиональное развитие,3
898,choose,Удаленный / гибридный формат работы,1
898,choose,Интересные задачи / проекты,2
898,choose,Моё профессиональное развитие,3
899,choose,Удаленный / гибридный формат работы,1
899,choose,Баланс работы и личной жизни,2
899,choose,Команда и корпоративная культура,3
900,choose,Стабильность компании (финансовая устойчивость),1
900,choose,Моё профессиональное развитие,2
900,choose,Интересные задачи / проекты,3
901,choose,Удаленный / гибридный формат работы,1
901,choose,Репутация компании на рынке,2
901,choose,Команда и корпоративная культура,3
902,choose,Стабильность компании (финансовая устойчивость),1
902,choose,Репутация компании на рынке,2
902,choose,Команда и корпоративная культура,3
903,choose,Удаленный / гибридный формат работы,1
903,choose,Команда и корпоративная культура,2
903,choose,Интересные задачи / проекты,3
904,choose,Моё профессиональное развитие,1
904,choose,Стабильность компании (финансовая устойчивость),2
904,choose,Интересные задачи / проекты,3
905,choose,Стабильность компании (финансовая устойчивость),1
905,choose,Удаленный / гибридный формат работы,2
906,choose,Репутация компании на рынке,1
906,choose,Удаленный / гибридный формат работы,2
906,choose,Цифровые продукт компании,3
907,choose,Репутация компании на рынке,1
907,choose,Удаленный / гибридный формат работы,2
907,choose,Баланс работы и личной жизни,3
908,choose,Стабильность компании (финансовая устойчивость),1
908,choose,Удаленный / гибридный формат работы,2
908,choose,Баланс работы и личной жизни,3
909,choose,Удаленный / гибридный формат работы,1
909,choose,Репутация компании на рынке,2
909,choose,Стабильность компании (финансовая устойчивость),3
910,choose,Команда и корпоративная культура,1
910,choose,Моё профессиональное развитие,2
910,choose,Стабильность компании (финансовая устойчивость),3
911,choose,Моё профессиональное развитие,1
911,choose,Баланс работы и личной жизни,2
911,choose,Удаленный / гибридный формат работы,3
912,choose,Репутация компании на рынке,1
912,choose,Интересные задачи / проекты,2
912,choose,Моё профессиональное развитие,3
913,choose,Репутация компании на рынке,1
913,choose,Баланс работы и личной жизни,2
913,choose,Команда и корпоративная культура,3
914,choose,Моё профессиональное развитие,1
914,choose,Интересные задачи / проекты,2
914,choose,Стабильность компании (финансовая устойчивость),3
915,choose,Удаленный / гибридный формат работы,1
915,choose,Баланс работы и личной жизни,2
915,choose,Интересные задачи / проекты,3
916,choose,Удаленный / гибридный формат работы,1
916,choose,Интересные задачи / проекты,2
916,choose,Стабильность компании (финансовая устойчивость),3
917,choose,Стабильность компании (финансовая устойчивость),1
917,choose,Нахождение офиса компании,2
917,choose,Моё профессиональное развитие,3
918,choose,Репутация компании на рынке,1
918,choose,Команда и корпоративная культура,2
918,choose,Моё профессиональное развитие,3
919,choose,Удаленный / гибридный формат работы,1
919,choose,Команда и корпоративная культура,2
919,choose,Стабильность компании (финансовая устойчивость),3
920,choose,Удаленный / гибридный формат работы,1
920,choose,Команда и корпоративная культура,2
920,choose,Интересные задачи / проекты,3
921,choose,Моё профессиональное развитие,1
921,choose,Интересные задачи / проекты,2
921,choose,Удаленный / гибридный формат работы,3
922,choose,Моё профессиональное развитие,1
922,choose,Стабильность компании (финансовая устойчивость),2
922,choose,Команда и корпоративная культура,3
923,choose,Стабильность компании (финансовая устойчивость),1
923,choose,Цифровые продукт компании,2
923,choose,Команда и корпоративная культура,3
924,choose,Интересные задачи / проекты,1
924,choose,Удаленный / гибридный формат работы,2
924,choose,Моё профессиональное развитие,3
925,choose,Команда и корпоративная культура,1
925,choose,Удаленный / гибридный формат работы,2
925,choose,Моё профессиональное развитие,3
926,choose,Интересные задачи / проекты,1
926,choose,Нахождение офиса компании,2
926,choose,Моё профессиональное развитие,3
927,choose,Удаленный / гибридный формат работы,1
927,choose,Интересные задачи / проекты,2
927,choose,Стабильность компании (финансовая устойчивость),3
928,choose,Команда и корпоративная культура,1
928,choose,Баланс работы и личной жизни,2
928,choose,Стабильность компании (финансовая устойчивость),3
929,choose,Баланс работы и личной жизни,1
929,choose,Удаленный / гибридный формат работы,2
929,choose,Команда и корпоративная культура,3
930,choose,Удаленный / гибридный формат работы,1
930,choose,Стабильность компании (финансовая устойчивость),2
930,choose,Интересные задачи / проекты,3
931,choose,Команда и корпоративная культура,1
931,choose,Моё профессиональное развитие,2
931,choose,Стабильность компании (финансовая устойчивость),3
932,choose,Баланс работы и личной жизни,1
932,choose,Удаленный / гибридный формат работы,2
932,choose,Моё профессиональное развитие,3
933,choose,Удаленный / гибридный формат работы,1
933,choose,Моё профессиональное развитие,2
933,choose,Стабильность компании (финансовая устойчивость),3
934,choose,Удаленный / гибридный формат работы,1
934,choose,Моё профессиональное развитие,2
934,choose,Стабильность компании (финансовая устойчивость),3
935,choose,Баланс работы и личной жизни,1
935,choose,Удаленный / гибридный формат работы,2
935,choose,Стабильность компании (финансовая устойчивость),3
936,choose,Репутация компании на рынке,1
936,choose,Моё профессиональное развитие,2
936,choose,Баланс работы и личной жизни,3
937,choose,Команда и корпоративная культура,1
937,choose,Удаленный / гибридный формат работы,2
937,choose,Баланс работы и личной жизни,3
938,choose,Моё профессиональное развитие,1
938,choose,Команда и корпоративная культура,2
938,choose,Интересные задачи / проекты,3
939,choose,Интересные задачи / проекты,1
939,choose,Команда и корпоративная культура,2
939,choose,Удаленный / гибридный формат работы,3
940,choose,Баланс работы и личной жизни,1
940,choose,Интересные задачи / проекты,2
940,choose,Цифровые продукт компании,3
941,choose,Удаленный / гибридный формат работы,1
941,choose,Интересные задачи / проекты,2
941,choose,Стабильность компании (финансовая устойчивость),3
942,choose,Репутация компании на рынке,1
942,choose,Моё профессиональное развитие,2
942,choose,Удаленный / гибридный формат работы,3
943,choose,Удаленный / гибридный формат работы,1
943,choose,Интересные задачи / проекты,2
943,choose,Команда и корпоративная культура,3
944,choose,Моё профессиональное развитие,1
945,choose,Удаленный / гибридный формат работы,1
945,choose,Интересные задачи / проекты,2
945,choose,Репутация компании на рынке,3
946,choose,Баланс работы и личной жизни,1
946,choose,Стабильность компании (финансовая устойчивость),2
946,choose,Удаленный / гибридный формат работы,3
947,choose,Стабильность компании (финансовая устойчивость),1
947,choose,Удаленный / гибридный формат работы,2
947,choose,Моё профессиональное развитие,3
948,choose,Баланс работы и личной жизни,1
948,choose,Команда и корпоративная культура,2
948,choose,Удаленный / гибридный формат работы,3
949,choose,Стабильность компании (финансовая устойчивость),1
949,choose,Цифровые продукт компании,2
949,choose,Удаленный / гибридный формат работы,3
950,choose,Стабильность компании (финансовая устойчивость),1
950,choose,Моё профессиональное развитие,2
950,choose,Интересные задачи / проекты,3
951,choose,Интересные задачи / проекты,1
951,choose,Команда и корпоративная культура,2
951,choose,Баланс работы и личной жизни,3
952,choose,Моё профессиональное развитие,1
952,choose,Команда и корпоративная культура,2
952,choose,Удаленный / гибридный формат работы,3
953,choose,Удаленный / гибридный формат работы,1
953,choose,Цифровые продукт компании,2
953,choose,Стабильность компании (финансовая устойчивость),3
954,choose,Баланс работы и личной жизни,1
954,choose,Моё профессиональное развитие,2
954,choose,Нахождение офиса компании,3
955,choose,Удаленный / гибридный формат работы,1
955,choose,Баланс работы и личной жизни,2
955,choose,Репутация компании на рынке,3
956,choose,Удаленный / гибридный формат работы,1
956,choose,Моё профессиональное развитие,2
956,choose,Репутация компании на рынке,3
957,choose,Интересные задачи / проекты,1
957,choose,Удаленный / гибридный формат работы,2
957,choose,Моё профессиональное развитие,3
958,choose,Команда и корпоративная культура,1
958,choose,Стабильность компании (финансовая устойчивость),2
958,choose,Баланс работы и личной жизни,3
959,choose,Личный бренд основателя / руководителя компании,1
960,choose,Моё профессиональное развитие,1
960,choose,Команда и корпоративная культура,2
960,choose,Интересные задачи / проекты,3
961,choose,Стабильность компании (финансовая устойчивость),1
961,choose,Репутация компании на рынке,2
961,choose,Моё профессиональное развитие,3
962,choose,Моё профессиональное развитие,1
962,choose,Интересные задачи / проекты,2
962,choose,Стабильность компании (финансовая устойчивость),3
963,choose,Репутация компании на рынке,1
963,choose,Удаленный / гибридный формат работы,2
963,choose,Моё профессиональное развитие,3
964,choose,Цифровые продукт компании,1
964,choose,Стабильность компании (финансовая устойчивость),2
964,choose,Интересные задачи / проекты,3
965,choose,Баланс работы и личной жизни,1
965,choose,Удаленный / гибридный формат работы,2
965,choose,Интересные задачи / проекты,3
966,choose,Удаленный / гибридный формат работы,1
966,choose,Репутация компании на рынке,2
966,choose,Цифровые продукт компании,3
967,choose,Стабильность компании (финансовая устойчивость),1
967,choose,Репутация компании на рынке,2
967,choose,Интересные задачи / проекты,3
968,choose,Баланс работы и личной жизни,1
968,choose,Удаленный / гибридный формат работы,2
968,choose,Моё профессиональное развитие,3
969,choose,Интересные задачи / проекты,1
969,choose,Моё профессиональное развитие,2
969,choose,Стабильность компании (финансовая устойчивость),3
970,choose,Моё профессиональное развитие,1
970,choose,Стабильность компании (финансовая устойчивость),2
970,choose,Интересные задачи / проекты,3
971,choose,Удаленный / гибридный формат работы,1
971,choose,Команда и корпоративная культура,2
971,choose,Баланс работы и личной жизни,3
972,choose,Репутация компании на рынке,1
972,choose,Команда и корпоративная культура,2
972,choose,Моё профессиональное развитие,3
973,choose,Стабильность компании (финансовая устойчивость),1
973,choose,Баланс работы и личной жизни,2
973,choose,Интересные задачи / проекты,3
974,choose,Интересные задачи / проекты,1
974,choose,Удаленный / гибридный формат работы,2
974,choose,Моё профессиональное развитие,3
975,choose,Репутация компании на рынке,1
975,choose,Стабильность компании (финансовая устойчивость),2
975,choose,Личный бренд основателя / руководителя компании,3
976,choose,Удаленный / гибридный формат работы,1
976,choose,Интересные задачи / проекты,2
976,choose,Моё профессиональное развитие,3
977,choose,Стабильность компании (финансовая устойчивость),1
977,choose,Репутация компании на рынке,2
977,choose,Моё профессиональное развитие,3
978,choose,Моё профессиональное развитие,1
978,choose,Интересные задачи / проекты,2
978,choose,Стабильность компании (финансовая устойчивость),3
979,choose,Интересные задачи / проекты,1
979,choose,Баланс работы и личной жизни,2
979,choose,Репутация компании на рынке,3
980,choose,Репутация компании на рынке,1
980,choose,Стабильность компании (финансовая устойчивость),2
980,choose,Команда и корпоративная культура,3
981,choose,Удаленный / гибридный формат работы,1
981,choose,Стабильность компании (финансовая устойчивость),2
981,choose,Команда и корпоративная культура,3
982,choose,Интересные задачи / проекты,1
982,choose,Баланс работы и личной жизни,2
982,choose,Удаленный / гибридный формат работы,3
983,choose,Цифровые продукт компании,1
983,choose,Стабильность компании (финансовая устойчивость),2
983,choose,Баланс работы и личной жизни,3
984,choose,Стабильность компании (финансовая устойчивость),1
984,choose,Баланс работы и личной жизни,2
984,choose,Команда и корпоративная культура,3
985,choose,Интересные задачи / проекты,1
985,choose,Удаленный / гибридный формат работы,2
985,choose,Стабильность компании (финансовая устойчивость),3
986,choose,Удаленный / гибридный формат работы,1
986,choose,Моё профессиональное развитие,2
986,choose,Стабильность компании (финансовая устойчивость),3
987,choose,Стабильность компании (финансовая устойчивость),1
987,choose,Баланс работы и личной жизни,2
987,choose,Удаленный / гибридный формат работы,3
988,choose,Команда и корпоративная культура,1
988,choose,Моё профессиональное развитие,2
988,choose,Удаленный / гибридный формат работы,3
989,choose,Удаленный / гибридный формат работы,1
989,choose,Стабильность компании (финансовая устойчивость),2
989,choose,Баланс работы и личной жизни,3
990,choose,Интересные задачи / проекты,1
990,choose,Команда и корпоративная культура,2
990,choose,Моё профессиональное развитие,3
991,choose,Баланс работы и личной жизни,1
991,choose,Удаленный / гибридный формат работы,2
991,choose,Интересные задачи / проекты,3
992,choose,Удаленный / гибридный формат работы,1
992,choose,Стабильность компании (финансовая устойчивость),2
992,choose,Баланс работы и личной жизни,3
993,choose,Удаленный / гибридный формат работы,1
993,choose,Баланс работы и личной жизни,2
993,choose,Репутация компании на рынке,3
994,choose,Стабильность компании (финансовая устойчивость),1
994,choose,Интересные задачи / проекты,2
994,choose,Цифровые продукт компании,3
995,choose,Цифровые продукт компании,1
995,choose,Удаленный / гибридный формат работы,2
995,choose,Стабильность компании (финансовая устойчивость),3
996,choose,Стабильность компании (финансовая устойчивость),1
996,choose,Моё профессиональное развитие,2
996,choose,Команда и корпоративная культура,3
997,choose,Стабильность компании (финансовая устойчивость),1
997,choose,Моё профессиональное развитие,2
997,choose,Команда и корпоративная культура,3
998,choose,Моё профессиональное развитие,1
998,choose,Удаленный / гибридный формат работы,2
998,choose,Команда и корпоративная культура,3
999,choose,Стабильность компании (финансовая устойчивость),1
999,choose,Интересные задачи / проекты,2
999,choose,Цифровые продукт компании,3
1000,choose,Репутация компании на рынке,1
1000,choose,Баланс работы и личной жизни,2
1000,choose,Удаленный / гибридный формат работы,3
1001,choose,Моё профессиональное развитие,1
1001,choose,Интересные задачи / проекты,2
1001,choose,Команда и корпоративная культура,3
1002,choose,Баланс работы и личной жизни,1
1002,choose,Моё профессиональное развитие,2
1002,choose,Удаленный / гибридный формат работы,3
1003,choose,Команда и корпоративная культура,1
1004,choose,Нахождение офиса компании,1
1004,choose,Баланс работы и личной жизни,2
1004,choose,Удаленный / гибридный формат работы,3
1005,choose,Моё профессиональное развитие,1
1005,choose,Команда и корпоративная культура,2
1005,choose,Интересные задачи / проекты,3
1006,choose,Удаленный / гибридный формат работы,1
1006,choose,Стабильность компании (финансовая устойчивость),2
1006,choose,Репутация компании на рынке,3
1007,choose,Баланс работы и личной жизни,1
1008,choose,Нахождение офиса компании,1
1008,choose,Баланс работы и личной жизни,2
1008,choose,Моё профессиональное развитие,3
1009,choose,Стабильность компании (финансовая устойчивость),1
1009,choose,Интересные задачи / проекты,2
1009,choose,Удаленный / гибридный формат работы,3
1010,choose,Удаленный / гибридный формат работы,1
1010,choose,Стабильность компании (финансовая устойчивость),2
1010,choose,Моё профессиональное развитие,3
1011,choose,Цифровые продукт компании,1
1011,choose,Интересные задачи / проекты,2
1011,choose,Баланс работы и личной жизни,3
1012,choose,Интересные задачи / проекты,1
1012,choose,Удаленный / гибридный формат работы,2
1012,choose,Баланс работы и личной жизни,3
1013,choose,Команда и корпоративная культура,1
1013,choose,Моё профессиональное развитие,2
1013,choose,Удаленный / гибридный формат работы,3
1014,choose,Баланс работы и личной жизни,1
1014,choose,Репутация компании на рынке,2
1014,choose,Интересные задачи / проекты,3
1015,choose,Стабильность компании (финансовая устойчивость),1
1015,choose,Моё профессиональное развитие,2
1015,choose,Команда и корпоративная культура,3
1016,choose,Интересные задачи / проекты,1
1016,choose,Моё профессиональное развитие,2
1016,choose,Стабильность компании (финансовая устойчивость),3
1017,choose,Баланс работы и личной жизни,1
1017,choose,Цифровые продукт компании,2
1017,choose,Интересные задачи / проекты,3
1018,choose,Удаленный / гибридный формат работы,1
1019,choose,Команда и корпоративная культура,1
1019,choose,Стабильность компании (финансовая устойчивость),2
1019,choose,Репутация компании на рынке,3
1020,choose,Стабильность компании (финансовая устойчивость),1
1020,choose,Цифровые продукт компании,2
1020,choose,Моё профессиональное развитие,3
1021,choose,Личный бренд основателя / руководителя компании,1
1021,choose,Репутация компании на рынке,2
1021,choose,Интересные задачи / проекты,3
1022,choose,Стабильность компании (финансовая устойчивость),1
1022,choose,Нахождение офиса компании,2
1022,choose,Моё профессиональное развитие,3
1023,choose,Интересные задачи / проекты,1
1023,choose,Команда и корпоративная культура,2
1023,choose,Стабильность компании (финансовая устойчивость),3
1024,choose,Команда и корпоративная культура,1
1024,choose,Нахождение офиса компании,2
1024,choose,Стабильность компании (финансовая устойчивость),3
1025,choose,Интересные задачи / проекты,1
1025,choose,Цифровые продукт компании,2
1025,choose,Баланс работы и личной жизни,3
1026,choose,Моё профессиональное развитие,1
1026,choose,Удаленный / гибридный формат работы,2
1026,choose,Другое: Заинтересованность компании в развитии сотрудников,3
1027,choose,Нахождение офиса компании,1
1027,choose,Команда и корпоративная культура,2
1027,choose,Интересные задачи / проекты,3
1028,choose,Баланс работы и личной жизни,1
1028,choose,Удаленный / гибридный формат работы,2
1028,choose,Стабильность компании (финансовая устойчивость),3
1029,choose,Баланс работы и личной жизни,1
1029,choose,Удаленный / гибридный формат работы,2
1029,choose,Моё профессиональное развитие,3
1030,choose,Команда и корпоративная культура,1
1030,choose,Стабильность компании (финансовая устойчивость),2
1030,choose,Моё профессиональное развитие,3
1031,choose,Удаленный / гибридный формат работы,1
1031,choose,Моё профессиональное развитие,2
1031,choose,Интересные задачи / проекты,3
1032,choose,Баланс работы и личной жизни,1
1032,choose,Интересные задачи / проекты,2
1032,choose,Моё профессиональное развитие,3
1033,choose,Цифровые продукт компании,1
1033,choose,Команда и корпоративная культура,2
1033,choose,Репутация компании на рынке,3
1034,choose,Моё профессиональное развитие,1
1034,choose,Стабильность компании (финансовая устойчивость),2
1034,choose,Интересные задачи / проекты,3
1035,choose,Интересные задачи / проекты,1
1035,choose,Удаленный / гибридный формат работы,2
1035,choose,Команда и корпоративная культура,3
1036,choose,Репутация компании на рынке,1
1036,choose,Моё профессиональное развитие,2
1036,choose,Удаленный / гибридный формат работы,3
1037,choose,Команда и корпоративная культура,1
1037,choose,Удаленный / гибридный формат работы,2
1037,choose,Стабильность компании (финансовая устойчивость),3
1038,choose,Репутация компании на рынке,1
1038,choose,Команда и корпоративная культура,2
1038,choose,Моё профессиональное развитие,3
1039,choose,Моё профессиональное развитие,1
1039,choose,Личный бренд основателя / руководителя компании,2
1039,choose,Удаленный / гибридный формат работы,3
1040,choose,Нахождение офиса компании,1
1040,choose,Баланс работы и личной жизни,2
1040,choose,Удаленный / гибридный формат работы,3
1041,choose,Удаленный / гибридный формат работы,1
1041,choose,Стабильность компании (финансовая устойчивость),2
1041,choose,Баланс работы и личной жизни,3
1042,choose,Репутация компании на рынке,1
1042,choose,Баланс работы и личной жизни,2
1042,choose,Личный бренд основателя / руководителя компании,3
1043,choose,Моё профессиональное развитие,1
1043,choose,Команда и корпоративная культура,2
1043,choose,Стабильность компании (финансовая устойчивость),3
1044,choose,Нахождение офиса компании,1
1044,choose,Моё профессиональное развитие,2
1044,choose,Интересные задачи / проекты,3
1045,choose,Баланс работы и личной жизни,1
1045,choose,Удаленный / гибридный формат работы,2
1045,choose,Репутация компании на рынке,3
1046,choose,Баланс работы и личной жизни,1
1046,choose,Стабильность компании (финансовая устойчивость),2
1046,choose,Моё профессиональное развитие,3
1047,choose,Интересные задачи / проекты,1
1047,choose,Команда и корпоративная культура,2
1047,choose,Моё профессиональное развитие,3
1048,choose,Команда и корпоративная культура,1
1048,choose,Моё профессиональное развитие,2
1048,choose,Цифровые продукт компании,3
1049,choose,Удаленный / гибридный формат работы,1
1049,choose,Стабильность компании (финансовая устойчивость),2
1049,choose,Моё профессиональное развитие,3
1050,choose,Баланс работы и личной жизни,1
1050,choose,Интересные задачи / проекты,2
1050,choose,Моё профессиональное развитие,3
1051,choose,Удаленный / гибридный формат работы,1
1051,choose,Баланс работы и личной жизни,2
1051,choose,Интересные задачи / проекты,3
1052,choose,Удаленный / гибридный формат работы,1
1052,choose,Моё профессиональное развитие,2
1052,choose,Нахождение офиса компании,3
1053,choose,Репутация компании на рынке,1
1053,choose,Интересные задачи / проекты,2
1053,choose,Команда и корпоративная культура,3
1054,choose,Стабильность компании (финансовая устойчивость),1
1054,choose,Удаленный / гибридный формат работы,2
1054,choose,Интересные задачи / проекты,3
1055,choose,Интересные задачи / проекты,1
1055,choose,Баланс работы и личной жизни,2
1055,choose,Моё профессиональное развитие,3
1056,choose,Цифровые продукт компании,1
1056,choose,Удаленный / гибридный формат работы,2
1056,choose,Баланс работы и личной жизни,3
1057,choose,Баланс работы и личной жизни,1
1057,choose,Стабильность компании (финансовая устойчивость),2
1057,choose,Другое: уровень ЗП,3
1058,choose,Стабильность компании (финансовая устойчивость),1
1058,choose,Удаленный / гибридный формат работы,2
1058,choose,Моё профессиональное развитие,3
1059,choose,Удаленный / гибридный формат работы,1
1059,choose,Команда и корпоративная культура,2
1059,choose,Баланс работы и личной жизни,3
1060,choose,Баланс работы и личной жизни,1
1060,choose,Репутация компании на рынке,2
1060,choose,Интересные задачи / проекты,3
1061,choose,Моё профессиональное развитие,1
1061,choose,Интересные задачи / проекты,2
1061,choose,Стабильность компании (финансовая устойчивость),3
1062,choose,Интересные задачи / проекты,1
1062,choose,Моё профессиональное развитие,2
1062,choose,Удаленный / гибридный формат работы,3
1063,choose,Цифровые продукт компании,1
1063,choose,Личный бренд основателя / руководителя компании,2
1063,choose,Репутация компании на рынке,3
1064,choose,Баланс работы и личной жизни,1
1064,choose,Интересные задачи / проекты,2
1064,choose,Команда и корпоративная культура,3
1065,choose,Моё профессиональное развитие,1
1065,choose,Интересные задачи / проекты,2
1065,choose,Стабильность компании (финансовая устойчивость),3
1066,choose,Удаленный / гибридный формат работы,1
1066,choose,Стабильность компании (финансовая устойчивость),2
1066,choose,Интересные задачи / проекты,3
1067,choose,Удаленный / гибридный формат работы,1
1067,choose,Стабильность компании (финансовая устойчивость),2
1067,choose,Другое: Деньги,3
1068,choose,Стабильность компании (финансовая устойчивость),1
1068,choose,Интересные задачи / проекты,2
1068,choose,Моё профессиональное развитие,3
1069,choose,Стабильность компании (финансовая устойчивость),1
1069,choose,Баланс работы и личной жизни,2
1069,choose,Команда и корпоративная культура,3
1070,choose,Стабильность компании (финансовая устойчивость),1
1070,choose,Баланс работы и личной жизни,2
1070,choose,Удаленный / гибридный формат работы,3
1071,choose,Команда и корпоративная культура,1
1071,choose,Моё профессиональное развитие,2
1071,choose,Баланс работы и личной жизни,3
1072,choose,Стабильность компании (финансовая устойчивость),1
1072,choose,Интересные задачи / проекты,2
1072,choose,Баланс работы и личной жизни,3
1073,choose,Команда и корпоративная культура,1
1073,choose,Стабильность компании (финансовая устойчивость),2
1073,choose,Удаленный / гибридный формат работы,3
1074,choose,Моё профессиональное развитие,1
1074,choose,Баланс работы и личной жизни,2
1074,choose,Удаленный / гибридный формат работы,3
1075,choose,Баланс работы и личной жизни,1
1075,choose,Удаленный / гибридный формат работы,2
1075,choose,Интересные задачи / проекты,3
1076,choose,Баланс работы и личной жизни,1
1076,choose,Удаленный / гибридный формат работы,2
1076,choose,Команда и корпоративная культура,3
1077,choose,Личный бренд основателя / руководителя компании,1
1077,choose,Репутация компании на рынке,2
1077,choose,Цифровые продукт компании,3
1078,choose,Команда и корпоративная культура,1
1078,choose,Стабильность компании (финансовая устойчивость),2
1078,choose,Баланс работы и личной жизни,3
1079,choose,Моё профессиональное развитие,1
1079,choose,Интересные задачи / проекты,2
1079,choose,Репутация компании на рынке,3
1080,choose,Моё профессиональное развитие,1
1080,choose,Стабильность компании (финансовая устойчивость),2
1080,choose,Баланс работы и личной жизни,3
1081,choose,Стабильность компании (финансовая устойчивость),1
1081,choose,Удаленный / гибридный формат работы,2
1081,choose,Команда и корпоративная культура,3
1082,choose,Удаленный / гибридный формат работы,1
1082,choose,Баланс работы и личной жизни,2
1082,choose,Цифровые продукт компании,3
1083,choose,Удаленный / гибридный формат работы,1
1083,choose,Баланс работы и личной жизни,2
1083,choose,Команда и корпоративная культура,3
1084,choose,Удаленный / гибридный формат работы,1
1084,choose,Баланс работы и личной жизни,2
1084,choose,Моё профессиональное развитие,3
1085,choose,Удаленный / гибридный формат работы,1
1085,choose,Стабильность компании (финансовая устойчивость),2
1085,choose,Баланс работы и личной жизни,3
1086,choose,Команда и корпоративная культура,1
1086,choose,Цифровые продукт компании,2
1086,choose,Интересные задачи / проекты,3
1087,choose,Баланс работы и личной жизни,1
1087,choose,Стабильность компании (финансовая устойчивость),2
1087,choose,Моё профессиональное развитие,3
1088,choose,Моё профессиональное развитие,1
1088,choose,Команда и корпоративная культура,2
1088,choose,Удаленный / гибридный формат работы,3
1089,choose,Баланс работы и личной жизни,1
1089,choose,Удаленный / гибридный формат работы,2
1089,choose,Интересные задачи / проекты,3
1090,choose,Интересные задачи / проекты,1
1090,choose,Команда и корпоративная культура,2
1090,choose,Моё профессиональное развитие,3
1091,choose,Репутация компании на рынке,1
1091,choose,Команда и корпоративная культура,2
1091,choose,Моё профессиональное развитие,3
1092,choose,Личный бренд основателя / руководителя компании,1
1092,choose,Команда и корпоративная культура,2
1092,choose,Интересные задачи / проекты,3
1093,choose,Репутация компании на рынке,1
1093,choose,Интересные задачи / проекты,2
1093,choose,Команда и корпоративная культура,3
1094,choose,Моё профессиональное развитие,1
1094,choose,Интересные задачи / проекты,2
1094,choose,Удаленный / гибридный формат работы,3
1095,choose,Удаленный / гибридный формат работы,1
1095,choose,Баланс работы и личной жизни,2
1095,choose,Команда и корпоративная культура,3
1096,choose,Стабильность компании (финансовая устойчивость),1
1096,choose,Моё профессиональное развитие,2
1096,choose,Баланс работы и личной жизни,3
1097,choose,Баланс работы и личной жизни,1
1097,choose,Стабильность компании (финансовая устойчивость),2
1097,choose,Репутация компании на рынке,3
1098,choose,Баланс работы и личной жизни,1
1098,choose,Удаленный / гибридный формат работы,2
1098,choose,Интересные задачи / проекты,3
1099,choose,Нахождение офиса компании,1
1099,choose,Личный бренд основателя / руководителя компании,2
1099,choose,Баланс работы и личной жизни,3
1100,choose,Команда и корпоративная культура,1
1100,choose,Интересные задачи / проекты,2
1100,choose,Нахождение офиса компании,3
1101,choose,Баланс работы и личной жизни,1
1101,choose,Моё профессиональное развитие,2
1101,choose,Стабильность компании (финансовая устойчивость),3
1102,choose,Интересные задачи / проекты,1
1102,choose,Стабильность компании (финансовая устойчивость),2
1102,choose,Команда и корпоративная культура,3
1103,choose,Стабильность компании (финансовая устойчивость),1
1103,choose,Команда и корпоративная культура,2
1103,choose,Баланс работы и личной жизни,3
1104,choose,Стабильность компании (финансовая устойчивость),1
1104,choose,Удаленный / гибридный формат работы,2
1104,choose,Интересные задачи / проекты,3
1105,choose,Баланс работы и личной жизни,1
1105,choose,Удаленный / гибридный формат работы,2
1105,choose,Интересные задачи / проекты,3
1106,choose,Команда и корпоративная культура,1
1106,choose,Баланс работы и личной жизни,2
1106,choose,Стабильность компании (финансовая устойчивость),3
1107,choose,Моё профессиональное развитие,1
1107,choose,Интересные задачи / проекты,2
1107,choose,Команда и корпоративная культура,3
1108,choose,Команда и корпоративная культура,1
1108,choose,Репутация компании на рынке,2
1108,choose,Моё профессиональное развитие,3
1109,choose,Команда и корпоративная культура,1
1109,choose,Стабильность компании (финансовая устойчивость),2
1109,choose,Интересные задачи / проекты,3
1110,choose,Интересные задачи / проекты,1
1110,choose,Моё профессиональное развитие,2
1110,choose,Баланс работы и личной жизни,3
1111,choose,Моё профессиональное развитие,1
1111,choose,Баланс работы и личной жизни,2
1111,choose,Стабильность компании (финансовая устойчивость),3
1,quit,Высокая бюрократия (сложные / медленные бизнес процессы),1
1,quit,Базовая зарплата не растет (каждый год),2
1,quit,Непонятные / неэтические решения руководства,3
2,quit,Нет амбициозных задач и проектов,1
2,quit,Токсичная атмосфера в команде,2
2,quit,Отсутствие профессионального или технического развития,3
3,quit,Токсичная атмосфера в команде,1
3,quit,Финансовая нестабильность компании или сокращение персонала,2
3,quit,Высокая бюрократия (сложные / медленные бизнес процессы),3
4,quit,Отмена удаленного / гибридного формат работы,1
4,quit,Смена руководства (компании / моего подразделения),2
4,quit,Финансовая нестабильность компании или сокращение персонала,3
5,quit,Финансовая нестабильность компании или сокращение персонала,1
5,quit,Отсутствие карьерного роста (должность не меняется),2
5,quit,Токсичная атмосфера в команде,3
6,quit,Финансовая нестабильность компании или сокращение персонала,1
6,quit,Отмена удаленного / гибридного формат работы,2
6,quit,Базовая зарплата не растет (каждый год),3
7,quit,Токсичная атмосфера в команде,1
7,quit,Ухудшение репутации компании на рынке,2
7,quit,Базовая зарплата не растет (каждый год),3
8,quit,Финансовая нестабильность компании или сокращение персонала,1
8,quit,Высокая бюрократия (сложные / медленные бизнес процессы),2
8,quit,Токсичная атмосфера в команде,3
9,quit,Нет амбициозных задач и проектов,1
9,quit,Финансовая нестабильность компании или сокращение персонала,2
9,quit,Токсичная атмосфера в команде,3
10,quit,Базовая зарплата не растет (каждый год),1
10,quit,Токсичная атмосфера в команде,2
10,quit,Отмена удаленного / гибридного формат работы,3
11,quit,Непонятные / неэтические решения руководства,1
11,quit,Нет амбициозных задач и проектов,2
11,quit,Токсичная атмосфера в команде,3
12,quit,Базовая зарплата не растет (каждый год),1
12,quit,Отсутствие карьерного роста (должность не меняется),2
12,quit,Непонятные / неэтические решения руководства,3
13,quit,Токсичная атмосфера в команде,1
13,quit,Финансовая нестабильность компании или сокращение персонала,2
13,quit,Базовая зарплата не растет (каждый год),3
14,quit,Токсичная атмосфера в команде,1
14,quit,Непонятные / неэтические решения руководства,2
14,quit,Высокая бюрократия (сложные / медленные бизнес процессы),3
15,quit,Отсутствие карьерного роста (должность не меняется),1
15,quit,Отсутствие профессионального или технического развития,2
15,quit,Токсичная атмосфера в команде,3
16,quit,Отмена удаленного / гибридного формат работы,1
16,quit,Нет амбициозных задач и проектов,2
16,quit,Непонятные / неэтические решения руководства,3
17,quit,Отсутствие карьерного роста (должность не меняется),1
17,quit,Отсутствие профессионального или технического развития,2
17,quit,Нет амбициозных задач и проектов,3
18,quit,Отсутствие карьерного роста (должность не меняется),1
18,quit,Токсичная атмосфера в команде,2
18,quit,Базовая зарплата не растет (каждый год),3
19,quit,Базовая зарплата не растет (каждый год),1
19,quit,Токсичная атмосфера в команде,2
19,quit,Отсутствие профессионального или технического развития,3
20,quit,Базовая зарплата не растет (каждый год),1
20,quit,Отсутствие карьерного роста (должность не меняется),2
20,quit,Непонятные / неэтические решения руководства,3
21,quit,Отмена удаленного / гибридного формат работы,1
21,quit,Токсичная атмосфера в команде,2
21,quit,Базовая зарплата не растет (каждый год),3
22,quit,Отсутствие профессионального или технического развития,1
22,quit,Высокая бюрократия (сложные / медленные бизнес процессы),2
22,quit,Отсутствие карьерного роста (должность не меняется),3
23,quit,Токсичная атмосфера в команде,1
23,quit,Высокая бюрократия (сложные / медленные бизнес процессы),2
23,quit,Базовая зарплата не растет (каждый год),3
24,quit,Непонятные / неэтические решения руководства,1
24,quit,Токсичная атмосфера в команде,2
24,quit,Отсутствие профессионального или технического развития,3
25,quit,Высокая бюрократия (сложные / медленные бизнес процессы),1
25,quit,Ухудшение репутации компании на рынке,2
25,quit,Токсичная атмосфера в команде,3
26,quit,Базовая зарплата не растет (каждый год),1
26,quit,Финансовая нестабильность компании или сокращение персонала,2
26,quit,Отсутствие карьерного роста (должность не меняется),3
27,quit,Высокая бюрократия (сложные / медленные бизнес процессы),1
27,quit,Токсичная атмосфера в команде,2
27,quit,Финансовая нестабильность компании или сокращение персонала,3
28,quit,Отсутствие профессионального или технического развития,1
28,quit,Отсутствие карьерного роста (должность не меняется),2
28,quit,Нет амбициозных задач и проектов,3
29,quit,Отсутствие карьерного роста (должность не меняется),1
29,quit,Непонятные / неэтические решения руководства,2
29,quit,Базовая зарплата не растет (каждый год),3
30,quit,Базовая зарплата не растет (каждый год),1
30,quit,Непонятные / неэтические решения руководства,2
30,quit,Токсичная атмосфера в команде,3
31,quit,Непонятные / неэтические решения руководства,1
31,quit,Базовая зарплата не растет (каждый год),2
31,quit,Отсутствие профессионального или технического развития,3
32,quit,Финансовая нестабильность компании или сокращение персонала,1
32,quit,Смена руководства (компании / моего подразделения),2
32,quit,Отсутствие карьерного роста (должность не меняется),3
33,quit,Токсичная атмосфера в команде,1
33,quit,Отмена удаленного / гибридного формат работы,2
33,quit,Финансовая нестабильность компании или сокращение персонала,3
34,quit,Отсутствие профессионального или технического развития,1
34,quit,Базовая зарплата не растет (каждый год),2
34,quit,Токсичная атмосфера в команде,3
35,quit,Токсичная атмосфера в команде,1
35,quit,Отсутствие карьерного роста (должность не меняется),2
35,quit,Высокая бюрократия (сложные / медленные бизнес процессы),3
36,quit,Базовая зарплата не растет (каждый год),1
36,quit,Высокая бюрократия (сложные / медленные бизнес процессы),2
36,quit,Токсичная атмосфера в команде,3
37,quit,Финансовая нестабильность компании или сокращение персонала,1
37,quit,Отсутствие карьерного роста (должность не меняется),2
37,quit,Токсичная атмосфера в команде,3
38,quit,Токсичная атмосфера в команде,1
38,quit,Базовая зарплата не растет (каждый год),2
38,quit,Финансовая нестабильность компании или сокращение персонала,3
39,quit,Токсичная атмосфера в команде,1
39,quit,Базовая зарплата не растет (каждый год),2
39,quit,Отсутствие карьерного роста (должность не меняется),3
40,quit,Токсичная атмосфера в команде,1
40,quit,Отсутствие профессионального или технического развития,2
40,quit,Финансовая нестабильность компании или сокращение персонала,3
41,quit,Токсичная атмосфера в команде,1
41,quit,Финансовая нестабильность компании или сокращение персонала,2
41,quit,Непонятные / неэтические решения руководства,3
42,quit,Токсичная атмосфера в команде,1
42,quit,Непонятные / неэтические решения руководства,2
42,quit,Смена руководства (компании / моего подразделения),3
43,quit,Токсичная атмосфера в команде,1
43,quit,Непонятные / неэтические решения руководства,2
43,quit,Финансовая нестабильность компании или сокращение персонала,3
44,quit,Непонятные / неэтические решения руководства,1
44,quit,Высокая бюрократия (сложные / медленные бизнес процессы),2
44,quit,Финансовая нестабильность компании или сокращение персонала,3
45,quit,Отмена удаленного / гибридного формат работы,1
45,quit,Финансовая нестабильность компании или сокращение персонала,2
45,quit,Непонятные / неэтические решения руководства,3
46,quit,Финансовая нестабильность компании или сокращение персонала,1
46,quit,Нет амбициозных задач и проектов,2
46,quit,Токсичная атмосфера в команде,3
47,quit,Высокая бюрократия (сложные / медленные бизнес процессы),1
47,quit,Отсутствие профессионального или технического развития,2
47,quit,Нет амбициозных задач и проектов,3
48,quit,Отмена удаленного / гибридного формат работы,1
48,quit,Отсутствие карьерного роста (должность не меняется),2
48,quit,Отсутствие профессионального или технического развития,3
49,quit,Отсутствие карьерного роста (должность не меняется),1
49,quit,Отсутствие профессионального или технического развития,2
49,quit,Нет амбициозных задач и проектов,3
50,quit,Токсичная атмосфера в команде,1
50,quit,Финансовая нестабильность компании или сокращение персонала,2
50,quit,Отсутствие карьерного роста (должность не меняется),3
51,quit,Токсичная атмосфера в команде,1
51,quit,Отсутствие профессионального или технического развития,2
51,quit,Ухудшение репутации компании на рынке,3
52,quit,Непонятные / неэтические решения руководства,1
52,quit,Отсутствие профессионального или технического развития,2
52,quit,Отмена удаленного / гибридного формат работы,3
53,quit,Непонятные / неэтические решения руководства,1
53,quit,Отсутствие профессионального или технического развития,2
53,quit,Базовая зарплата не растет (каждый год),3
54,quit,Токсичная атмосфера в команде,1
54,quit,Непонятные / неэтические решения руководства,2
54,quit,Отмена удаленного / гибридного формат работы,3
55,quit,Базовая зарплата не растет (каждый год),1
55,quit,Высокая бюрократия (сложные / медленные бизнес процессы),2
55,quit,Отсутствие карьерного роста (должность не меняется),3
56,quit,Токсичная атмосфера в команде,1
56,quit,Отсутствие карьерного роста (должность не меняется),2
56,quit,Нет амбициозных задач и проектов,3
57,quit,Смена руководства (компании / моего подразделения),1
57,quit,Финансовая нестабильность компании или сокращение персонала,2
57,quit,Отсутствие карьерного роста (должность не меняется),3
58,quit,Непонятные / неэтические решения руководства,1
58,quit,Финансовая нестабильность компании или сокращение персонала,2
58,quit,Токсичная атмосфера в команде,3
59,quit,Токсичная атмосфера в команде,1
59,quit,Непонятные / неэтические решения руководства,2
59,quit,Нет амбициозных задач и проектов,3
60,quit,Нет амбициозных задач и проектов,1
60,quit,Финансовая нестабильность компании или сокращение персонала,2
60,quit,Базовая зарплата не растет (каждый год),3
61,quit,Базовая зарплата не растет (каждый год),1
61,quit,Высокая бюрократия (сложные / медленные бизнес процессы),2
61,quit,Отмена удаленного / гибридного формат работы,3
62,quit,Отмена удаленного / гибридного формат работы,1
62,quit,Базовая зарплата не растет (каждый год),2
62,quit,Токсичная атмосфера в команде,3
63,quit,Отмена удаленного / гибридного формат работы,1
63,quit,Отсутствие карьерного роста (должность не меняется),2
63,quit,Токсичная атмосфера в команде,3
64,quit,Токсичная атмосфера в команде,1
64,quit,Непонятные / неэтические решения руководства,2
64,quit,Базовая зарплата не растет (каждый год),3
65,quit,Базовая зарплата не растет (каждый год),1
65,quit,Токсичная атмосфера в команде,2
65,quit,Отсутствие профессионального или технического развития,3
66,quit,Отмена удаленного / гибридного формат работы,1
66,quit,Ухудшение репутации компании на рынке,2
66,quit,Отсутствие карьерного роста (должность не меняется),3
67,quit,Отсутствие профессионального или технического развития,1
67,quit,Нет амбициозных задач и проектов,2
67,quit,Непонятные / неэтические решения руководства,3
68,quit,Токсичная атмосфера в команде,1
68,quit,Непонятные / неэтические решения руководства,2
68,quit,Отсутствие карьерного роста (должность не меняется),3
69,quit,Отсутствие карьерного роста (должность не меняется),1
69,quit,Отсутствие профессионального или технического развития,2
69,quit,Нет амбициозных задач и проектов,3
70,quit,Токсичная атмосфера в команде,1
70,quit,Высокая бюрократия (сложные / медленные бизнес процессы),2
70,quit,Непонятные / неэтические решения руководства,3
71,quit,Отсутствие профессионального или технического развития,1
71,quit,Высокая бюрократия (сложные / медленные бизнес процессы),2
71,quit,Базовая зарплата не растет (каждый год),3
72,quit,Отмена удаленного / гибридного формат работы,1
72,quit,Токсичная атмосфера в команде,2
72,quit,Непонятные / неэтические решения руководства,3
73,quit,Токсичная атмосфера в команде,1
73,quit,Отсутствие профессионального или технического развития,2
73,quit,Базовая зарплата не растет (каждый год),3
74,quit,Непонятные / неэтические решения руководства,1
74,quit,Токсичная атмосфера в команде,2
74,quit,Финансовая нестабильность компании или сокращение персонала,3
75,quit,Базовая зарплата не растет (каждый год),1
75,quit,Токсичная атмосфера в команде,2
75,quit,Отсутствие профессионального или технического развития,3
76,quit,Базовая зарплата не растет (каждый год),1
76,quit,Финансовая нестабильность компании или сокращение персонала,2
76,quit,Токсичная атмосфера в команде,3
77,quit,Базовая зарплата не растет (каждый год),1
77,quit,Отсутствие карьерного роста (должность не меняется),2
77,quit,Токсичная атмосфера в команде,3
78,quit,Финансовая нестабильность компании или сокращение персонала,1
78,quit,Отсутствие карьерного роста (должность не меняется),2
78,quit,Высокая бюрократия (сложные / медленные бизнес процессы),3
79,quit,Базовая зарплата не растет (каждый год),1
79,quit,Нет амбициозных задач и проектов,2
79,quit,Отсутствие карьерного роста (должность не меняется),3
80,quit,Токсичная атмосфера в команде,1
80,quit,Отсутствие профессионального или технического развития,2
80,quit,Базовая зарплата не растет (каждый год),3
81,quit,Базовая зарплата не растет (каждый год),1
81,quit,Отмена удаленного / гибридного формат работы,2
81,quit,Непонятные / неэтические решения руководства,3
82,quit,Токсичная атмосфера в команде,1
82,quit,Отсутствие карьерного роста (должность не меняется),2
82,quit,Базовая зарплата не растет (каждый год),3
83,quit,Финансовая нестабильность компании или сокращение персонала,1
83,quit,Высокая бюрократия (сложные / медленные бизнес процессы),2
83,quit,Базовая зарплата не растет (каждый год),3
84,quit,Базовая зарплата не растет (каждый год),1
84,quit,Нет амбициозных задач и проектов,2
84,quit,Высокая бюрократия (сложные / медленные бизнес процессы),3
85,quit,Непонятные / неэтические решения руководства,1
85,quit,Отмена удаленного / гибридного формат работы,2
85,quit,Финансовая нестабильность компании или сокращение персонала,3
86,quit,Отмена удаленного / гибридного формат работы,1
86,quit,Базовая зарплата не растет (каждый год),2
86,quit,Нет амбициозных задач и проектов,3
87,quit,Базовая зарплата не растет (каждый год),1
87,quit,Непонятные / неэтические решения руководства,2
87,quit,Токсичная атмосфера в команде,3
88,quit,Нет амбициозных задач и проектов,1
88,quit,Финансовая нестабильность компании или сокращение персонала,2
88,quit,Токсичная атмосфера в команде,3
89,quit,Токсичная атмосфера в команде,1
89,quit,Нет амбициозных задач и проектов,2
89,quit,Базовая зарплата не растет (каждый год),3
90,quit,Базовая зарплата не растет (каждый год),1
90,quit,Отсутствие профессионального или технического развития,2
90,quit,Отмена удаленного / гибридного формат работы,3
91,quit,Отсутствие карьерного роста (должность не меняется),1
91,quit,Ухудшение репутации компании на рынке,2
91,quit,Токсичная атмосфера в команде,3
92,quit,Токсичная атмосфера в команде,1
92,quit,Непонятные / неэтические решения руководства,2
92,quit,Финансовая нестабильность компании или сокращение персонала,3
93,quit,Отсутствие карьерного роста (должность не меняется),1
93,quit,Отсутствие профессионального или технического развития,2
93,quit,Нет амбициозных задач и проектов,3
94,quit,Отсутствие профессионального или технического развития,1
94,quit,Базовая зарплата не растет (каждый год),2
94,quit,Финансовая нестабильность компании или сокращение персонала,3
95,quit,Базовая зарплата не растет (каждый год),1
95,quit,Отмена удаленного / гибридного формат работы,2
95,quit,Непонятные / неэтические решения руководства,3
96,quit,Финансовая нестабильность компании или сокращение персонала,1
96,quit,Высокая бюрократия (сложные / медленные бизнес процессы),2
96,quit,Базовая зарплата не растет (каждый год),3
97,quit,Токсичная атмосфера в команде,1
97,quit,Финансовая нестабильность компании или сокращение персонала,2
97,quit,Базовая зарплата не растет (каждый год),3
98,quit,Непонятные / неэтические решения руководства,1
98,quit,Токсичная атмосфера в команде,2
98,quit,Отмена удаленного / гибридного формат работы,3
99,quit,Непонятные / неэтические решения руководства,1
99,quit,Высокая бюрократия (сложные / медленные бизнес процессы),2
99,quit,Токсичная атмосфера в команде,3
100,quit,Базовая зарплата не растет (каждый год),1
100,quit,Финансовая нестабильность компании или сокращение персонала,2
100,quit,Отсутствие карьерного роста (должность не меняется),3
101,quit,Нет амбициозных задач и проектов,1
101,quit,Базовая зарплата не растет (каждый год),2
101,quit,Отсутствие карьерного роста (должность не меняется),3
102,quit,Смена руководства (компании / моего подразделения),1
102,quit,Базовая зарплата не растет (каждый год),2
102,quit,Финансовая нестабильность компании или сокращение персонала,3
103,quit,Непонятные / неэтические решения руководства,1
103,quit,Токсичная атмосфера в команде,2
103,quit,Отсутствие карьерного роста (должность не меняется),3
104,quit,Отсутствие профессионального или технического развития,1
104,quit,Непонятные / неэтические решения руководства,2
104,quit,Токсичная атмосфера в команде,3
105,quit,Базовая зарплата не растет (каждый год),1
105,quit,Отсутствие карьерного роста (должность не меняется),2
105,quit,Высокая бюрократия (сложные / медленные бизнес процессы),3
106,quit,Базовая зарплата не растет (каждый год),1
106,quit,Финансовая нестабильность компании или сокращение персонала,2
106,quit,Токсичная атмосфера в команде,3
107,quit,Токсичная атмосфера в команде,1
107,quit,Отсутствие карьерного роста (должность не меняется),2
107,quit,Базовая зарплата не растет (каждый год),3
108,quit,Отмена удаленного / гибридного формат работы,1
108,quit,Токсичная атмосфера в команде,2
108,quit,Отсутствие профессионального или технического развития,3
109,quit,Токсичная атмосфера в команде,1
109,quit,Финансовая нестабильность компании или сокращение персонала,2
109,quit,Базовая зарплата не растет (каждый год),3
110,quit,Базовая зарплата не растет (каждый год),1
110,quit,Отсутствие карьерного роста (должность не меняется),2
110,quit,Токсичная атмосфера в команде,3
111,quit,Базовая зарплата не растет (каждый год),1
111,quit,Отсутствие карьерного роста (должность не меняется),2
111,quit,Непонятные / неэтические решения руководства,3
112,quit,Отсутствие профессионального или технического развития,1
112,quit,Непонятные / неэтические решения руководства,2
112,quit,Токсичная атмосфера в команде,3
113,quit,Отсутствие карьерного роста (должность не меняется),1
113,quit,Базовая зарплата не растет (каждый год),2
113,quit,Токсичная атмосфера в команде,3
114,quit,Базовая зарплата не растет (каждый год),1
114,quit,Отсутствие карьерного роста (должность не меняется),2
114,quit,Непонятные / неэтические решения руководства,3
115,quit,Отсутствие профессионального или технического развития,1
115,quit,Базовая зарплата не растет (каждый год),2
115,quit,Непонятные / неэтические решения руководства,3
116,quit,Базовая зарплата не растет (каждый год),1
116,quit,Отсутствие карьерного роста (должность не меняется),2
116,quit,Токсичная атмосфера в команде,3
117,quit,Высокая бюрократия (сложные / медленные бизнес процессы),1
117,quit,Отсутствие карьерного роста (должность не меняется),2
117,quit,Непонятные / неэтические решения руководства,3
118,quit,Непонятные / неэтические решения руководства,1
118,quit,Токсичная атмосфера в команде,2
118,quit,Финансовая нестабильность компании или сокращение персонала,3
119,quit,Смена руководства (компании / моего подразделения),1
119,quit,Токсичная атмосфера в команде,2
119,quit,Непонятные / неэтические решения руководства,3
120,quit,Токсичная атмосфера в команде,1
120,quit,Непонятные / неэтические решения руководства,2
120,quit,Финансовая нестабильность компании или сокращение персонала,3
121,quit,Базовая зарплата не растет (каждый год),1
121,quit,Нет амбициозных задач и проектов,2
121,quit,Токсичная атмосфера в команде,3
122,quit,Непонятные / неэтические решения руководства,1
122,quit,Смена руководства (компании / моего подразделения),2
122,quit,Токсичная атмосфера в команде,3
123,quit,Токсичная атмосфера в команде,1
123,quit,Финансовая нестабильность компании или сокращение персонала,2
123,quit,Высокая бюрократия (сложные / медленные бизнес процессы),3
124,quit,Базовая зарплата не растет (каждый год),1
124,quit,Непонятные / неэтические решения руководства,2
124,quit,Финансовая нестабильность компании или сокращение персонала,3
125,quit,Базовая зарплата не растет (каждый год),1
125,quit,Финансовая нестабильность компании или сокращение персонала,2
125,quit,Отсутствие профессионального или технического развития,3
126,quit,Непонятные / неэтические решения руководства,1
126,quit,Высокая бюрократия (сложные / медленные бизнес процессы),2
126,quit,Финансовая нестабильность компании или сокращение персонала,3
127,quit,Токсичная атмосфера в команде,1
127,quit,Отсутствие карьерного роста (должность не меняется),2
127,quit,Базовая зарплата не растет (каждый год),3
128,quit,Базовая зарплата не растет (каждый год),1
128,quit,Высокая бюрократия (сложные / медленные бизнес процессы),2
128,quit,Токсичная атмосфера в команде,3
129,quit,Непонятные / неэтические решения руководства,1
129,quit,Токсичная атмосфера в команде,2
129,quit,Финансовая нестабильность компании или сокращение персонала,3
130,quit,Отмена удаленного / гибридного формат работы,1
130,quit,Финансовая нестабильность компании или сокращение персонала,2
130,quit,Непонятные / неэтические решения руководства,3
131,quit,Токсичная атмосфера в команде,1
131,quit,Финансовая нестабильность компании или сокращение персонала,2
131,quit,Базовая зарплата не растет (каждый год),3
132,quit,Финансовая нестабильность компании или сокращение персонала,1
132,quit,Высокая бюрократия (сложные / медленные бизнес процессы),2
132,quit,Токсичная атмосфера в команде,3
133,quit,Токсичная атмосфера в команде,1
133,quit,Финансовая нестабильность компании или сокращение персонала,2
133,quit,Отмена удаленного / гибридного формат работы,3
134,quit,Высокая бюрократия (сложные / медленные бизнес процессы),1
134,quit,Базовая зарплата не растет (каждый год),2
134,quit,Ухудшение репутации компании на рынке,3
135,quit,Отмена удаленного / гибридного формат работы,1
135,quit,Отсутствие карьерного роста (должность не меняется),2
135,quit,Базовая зарплата не растет (каждый год),3
136,quit,Непонятные / неэтические решения руководства,1
136,quit,Отмена удаленного / гибридного формат работы,2
136,quit,Токсичная атмосфера в команде,3
137,quit,Финансовая нестабильность компании или сокращение персонала,1
137,quit,Базовая зарплата не растет (каждый год),2
137,quit,Отсутствие карьерного роста (должность не меняется),3
138,quit,Непонятные / неэтические решения руководства,1
138,quit,Базовая зарплата не растет (каждый год),2
138,quit,Отсутствие карьерного роста (должность не меняется),3
139,quit,Токсичная атмосфера в команде,1
139,quit,Непонятные / неэтические решения руководства,2
139,quit,Отсутствие профессионального или технического развития,3
140,quit,Высокая бюрократия (сложные / медленные бизнес процессы),1
140,quit,Непонятные / неэтические решения руководства,2
140,quit,Базовая зарплата не растет (каждый год),3
141,quit,Финансовая нестабильность компании или сокращение персонала,1
141,quit,Токсичная атмосфера в команде,2
141,quit,Непонятные / неэтические решения руководства,3
142,quit,Токсичная атмосфера в команде,1
142,quit,Базовая зарплата не растет (каждый год),2
142,quit,Отсутствие профессионального или технического развития,3
143,quit,Ухудшение репутации компании на рынке,1
143,quit,Финансовая нестабильность компании или сокращение персонала,2
143,quit,Отсутствие карьерного роста (должность не меняется),3
144,quit,Непонятные / неэтические решения руководства,1
144,quit,Отсутствие карьерного роста (должность не меняется),2
144,quit,Финансовая нестабильность компании или сокращение персонала,3
145,quit,Токсичная атмосфера в команде,1
145,quit,Непонятные / неэтические решения руководства,2
145,quit,Отсутствие карьерного роста (должность не меняется),3
146,quit,Токсичная атмосфера в команде,1
146,quit,Базовая зарплата не растет (каждый год),2
146,quit,Высокая бюрократия (сложные / медленные бизнес процессы),3
147,quit,Токсичная атмосфера в команде,1
147,quit,Отсутствие профессионального или технического развития,2
147,quit,Базовая зарплата не растет (каждый год),3
148,quit,Непонятные / неэтические решения руководства,1
148,quit,Отсутствие профессионального или технического развития,2
148,quit,Ухудшение репутации компании на рынке,3
149,quit,Отсутствие профессионального или технического развития,1
149,quit,Базовая зарплата не растет (каждый год),2
149,quit,Токсичная атмосфера в команде,3
150,quit,Базовая зарплата не растет (каждый год),1
150,quit,Непонятные / неэтические решения руководства,2
150,quit,Отсутствие профессионального или технического развития,3
151,quit,Смена руководства (компании / моего подразделения),1
151,quit,Отсутствие карьерного роста (должность не меняется),2
151,quit,Высокая бюрократия (сложные / медленные бизнес процессы),3
152,quit,Отсутствие профессионального или технического развития,1
152,quit,Высокая бюрократия (сложные / медленные бизнес процессы),2
152,quit,Отмена удаленного / гибридного формат работы,3
153,quit,Нет амбициозных задач и проектов,1
153,quit,Высокая бюрократия (сложные / медленные бизнес процессы),2
153,quit,Непонятные / неэтические решения руководства,3
154,quit,Базовая зарплата не растет (каждый год),1
154,quit,Токсичная атмосфера в команде,2
154,quit,Высокая бюрократия (сложные / медленные бизнес процессы),3
155,quit,Непонятные / неэтические решения руководства,1
155,quit,Отмена удаленного / гибридного формат работы,2
155,quit,Токсичная атмосфера в команде,3
156,quit,Базовая зарплата не растет (каждый год),1
156,quit,Отсутствие карьерного роста (должность не меняется),2
156,quit,Отсутствие профессионального или технического развития,3
157,quit,Отмена удаленного / гибридного формат работы,1
157,quit,Отсутствие профессионального или технического развития,2
157,quit,Базовая зарплата не растет (каждый год),3
158,quit,Финансовая нестабильность компании или сокращение персонала,1
158,quit,Отсутствие карьерного роста (должность не меняется),2
158,quit,Токсичная атмосфера в команде,3
159,quit,Базовая зарплата не растет (каждый год),1
159,quit,Токсичная атмосфера в команде,2
159,quit,Отсутствие карьерного роста (должность не меняется),3
160,quit,Базовая зарплата не растет (каждый год),1
160,quit,Нет амбициозных задач и проектов,2
160,quit,Отсутствие карьерного роста (должность не меняется),3
161,quit,Токсичная атмосфера в команде,1
161,quit,Базовая зарплата не растет (каждый год),2
161,quit,Нет амбициозных задач и проектов,3
162,quit,Финансовая нестабильность компании или сокращение персонала,1
162,quit,Отсутствие карьерного роста (должность не меняется),2
162,quit,Отсутствие профессионального или технического развития,3
163,quit,Базовая зарплата не растет (каждый год),1
163,quit,Финансовая нестабильность компании или сокращение персонала,2
163,quit,Непонятные / неэтические решения руководства,3
164,quit,Финансовая нестабильность компании или сокращение персонала,1
164,quit,Отсутствие карьерного роста (должность не меняется),2
164,quit,Базовая зарплата не растет (каждый год),3
165,quit,Токсичная атмосфера в команде,1
165,quit,Отмена удаленного / гибридного формат работы,2
165,quit,Базовая зарплата не растет (каждый год),3
166,quit,Базовая зарплата не растет (каждый год),1
166,quit,Отсутствие карьерного роста (должность не меняется),2
166,quit,Непонятные / неэтические решения руководства,3
167,quit,Отсутствие карьерного роста (должность не меняется),1
167,quit,Финансовая нестабильность компании или сокращение персонала,2
167,quit,Непонятные / неэтические решения руководства,3
168,quit,Базовая зарплата не растет (каждый год),1
168,quit,Отсутствие карьерного роста (должность не меняется),2
168,quit,Финансовая нестабильность компании или сокращение персонала,3
169,quit,Высокая бюрократия (сложные / медленные бизнес процессы),1
169,quit,Непонятные / неэтические решения руководства,2
169,quit,Финансовая нестабильность компании или сокращение персонала,3
170,quit,Нет амбициозных задач и проектов,1
170,quit,Отсутствие профессионального или технического развития,2
170,quit,Смена руководства (компании / моего подразделения),3
171,quit,Высокая бюрократия (сложные / медленные бизнес процессы),1
171,quit,Отсутствие профессионального или технического развития,2
171,quit,Нет амбициозных задач и проектов,3
172,quit,Отмена удаленного / гибридного формат работы,1
172,quit,Базовая зарплата не растет (каждый год),2
172,quit,Непонятные / неэтические решения руководства,3
173,quit,Отсутствие профессионального или технического развития,1
173,quit,Базовая зарплата не растет (каждый год),2
173,quit,Нет амбициозных задач и проектов,3
174,quit,Финансовая нестабильность компании или сокращение персонала,1
174,quit,Токсичная атмосфера в команде,2
174,quit,Отсутствие профессионального или технического развития,3
175,quit,Базовая зарплата не растет (каждый год),1
175,quit,Отсутствие карьерного роста (должность не меняется),2
175,quit,Финансовая нестабильность компании или сокращение персонала,3
176,quit,Токсичная атмосфера в команде,1
176,quit,Ухудшение репутации компании на рынке,2
176,quit,Непонятные / неэтические решения руководства,3
177,quit,Финансовая нестабильность компании или сокращение персонала,1
177,quit,Базовая зарплата не растет (каждый год),2
177,quit,Отсутствие карьерного роста (должность не меняется),3
178,quit,Базовая зарплата не растет (каждый год),1
178,quit,Отсутствие карьерного роста (должность не меняется),2
178,quit,Отсутствие профессионального или технического развития,3
179,quit,Отсутствие карьерного роста (должность не меняется),1
179,quit,Базовая зарплата не растет (каждый год),2
179,quit,Токсичная атмосфера в команде,3
180,quit,Отмена удаленного / гибридного формат работы,1
180,quit,Ухудшение репутации компании на рынке,2
180,quit,Смена руководства (компании / моего подразделения),3
181,quit,Нет амбициозных задач и проектов,1
181,quit,Отмена удаленного / гибридного формат работы,2
181,quit,Отсутствие карьерного роста (должность не меняется),3
182,quit,Токсичная атмосфера в команде,1
182,quit,Отсутствие профессионального или технического развития,2
182,quit,Непонятные / неэтические решения руководства,3
183,quit,Токсичная атмосфера в команде,1
183,quit,Высокая бюрократия (сложные / медленные бизнес процессы),2
183,quit,Непонятные / неэтические решения руководства,3
184,quit,Высокая бюрократия (сложные / медленные бизнес процессы),1
184,quit,Финансовая нестабильность компании или сокращение персонала,2
184,quit,Токсичная атмосфера в команде,3
185,quit,Отсутствие профессионального или технического развития,1
185,quit,Непонятные / неэтические решения руководства,2
185,quit,Отсутствие карьерного роста (должность не меняется),3
186,quit,Токсичная атмосфера в команде,1
186,quit,Высокая бюрократия (сложные / медленные бизнес процессы),2
186,quit,Смена руководства (компании / моего подразделения),3
187,quit,Финансовая нестабильность компании или сокращение персонала,1
187,quit,Смена руководства (компании / моего подразделения),2
187,quit,Базовая зарплата не растет (каждый год),3
188,quit,Базовая зарплата не растет (каждый год),1
188,quit,Непонятные / неэтические решения руководства,2
188,quit,Высокая бюрократия (сложные / медленные бизнес процессы),3
189,quit,Токсичная атмосфера в команде,1
189,quit,Отсутствие карьерного роста (должность не меняется),2
189,quit,Непонятные / неэтические решения руководства,3
190,quit,Отсутствие профессионального или технического развития,1
190,quit,Высокая бюрократия (сложные / медленные бизнес процессы),2
190,quit,Базовая зарплата не растет (каждый год),3
191,quit,Базовая зарплата не растет (каждый год),1
191,quit,Непонятные / неэтические решения руководства,2
191,quit,Отсутствие карьерного роста (должность не меняется),3
192,quit,Токсичная атмосфера в команде,1
192,quit,Непонятные / неэтические решения руководства,2
192,quit,Отмена удаленного / гибридного формат работы,3
193,quit,Финансовая нестабильность компании или сокращение персонала,1
193,quit,Непонятные / неэтические решения руководства,2
193,quit,Токсичная атмосфера в команде,3
194,quit,Базовая зарплата не растет (каждый год),1
194,quit,Отсутствие карьерного роста (должность не меняется),2
194,quit,Токсичная атмосфера в команде,3
195,quit,Непонятные / неэтические решения руководства,1
195,quit,Отсутствие профессионального или технического развития,2
195,quit,Базовая зарплата не растет (каждый год),3
196,quit,Отмена удаленного / гибридного формат работы,1
196,quit,Токсичная атмосфера в команде,2
196,quit,Отсутствие профессионального или технического развития,3
197,quit,Отсутствие карьерного роста (должность не меняется),1
197,quit,Высокая бюрократия (сложные / медленные бизнес процессы),2
197,quit,Отмена удаленного / гибридного формат работы,3
198,quit,Отсутствие профессионального или технического развития,1
198,quit,Базовая зарплата не растет (каждый год),2
198,quit,Отмена удаленного / гибридного формат работы,3
199,quit,Отсутствие карьерного роста (должность не меняется),1
199,quit,Базовая зарплата не растет (каждый год),2
199,quit,Токсичная атмосфера в команде,3
200,quit,Базовая зарплата не растет (каждый год),1
200,quit,Отсутствие карьерного роста (должность не меняется),2
200,quit,Отсутствие профессионального или технического развития,3
201,quit,Отсутствие профессионального или технического развития,1
201,quit,Нет амбициозных задач и проектов,2
201,quit,Непонятные / неэтические решения руководства,3
202,quit,Токсичная атмосфера в команде,1
202,quit,Отсутствие профессионального или технического развития,2
202,quit,Ухудшение репутации компании на рынке,3
203,quit,Высокая бюрократия (сложные / медленные бизнес процессы),1
203,quit,Финансовая нестабильность компании или сокращение персонала,2
203,quit,Отмена удаленного / гибридного формат работы,3
204,quit,Базовая зарплата не растет (каждый год),1
204,quit,Ухудшение репутации компании на рынке,2
204,quit,Непонятные / неэтические решения руководства,3
205,quit,Отсутствие профессионального или технического развития,1
205,quit,Нет амбициозных задач и проектов,2
205,quit,Токсичная атмосфера в команде,3
206,quit,Непонятные / неэтические решения руководства,1
206,quit,Отсутствие профессионального или технического развития,2
206,quit,Финансовая нестабильность компании или сокращение персонала,3
207,quit,Токсичная атмосфера в команде,1
207,quit,Отсутствие профессионального или технического развития,2
207,quit,Нет амбициозных задач и проектов,3
208,quit,Базовая зарплата не растет (каждый год),1
208,quit,Отсутствие карьерного роста (должность не меняется),2
208,quit,Отсутствие профессионального или технического развития,3
209,quit,Финансовая нестабильность компании или сокращение персонала,1
209,quit,Нет амбициозных задач и проектов,2
209,quit,Отсутствие профессионального или технического развития,3
210,quit,Токсичная атмосфера в команде,1
210,quit,Непонятные / неэтические решения руководства,2
210,quit,Отмена удаленного / гибридного формат работы,3
211,quit,Базовая зарплата не растет (каждый год),1
211,quit,Непонятные / неэтические решения руководства,2
211,quit,Токсичная атмосфера в команде,3
212,quit,Высокая бюрократия (сложные / медленные бизнес процессы),1
212,quit,Отсутствие профессионального или технического развития,2
212,quit,Непонятные / неэтические решения руководства,3
213,quit,Базовая зарплата не растет (каждый год),1
213,quit,Токсичная атмосфера в команде,2
213,quit,Отмена удаленного / гибридного формат работы,3
214,quit,Непонятные / неэтические решения руководства,1
214,quit,Высокая бюрократия (сложные / медленные бизнес процессы),2
214,quit,Отсутствие карьерного роста (должность не меняется),3
215,quit,Отсутствие карьерного роста (должность не меняется),1
215,quit,Базовая зарплата не растет (каждый год),2
215,quit,Финансовая нестабильность компании или сокращение персонала,3
216,quit,Отсутствие профессионального или технического развития,1
216,quit,Финансовая нестабильность компании или сокращение персонала,2
216,quit,Нет амбициозных задач и проектов,3
217,quit,Финансовая нестабильность компании или сокращение персонала,1
217,quit,Базовая зарплата не растет (каждый год),2
217,quit,Отсутствие карьерного роста (должность не меняется),3
218,quit,Высокая бюрократия (сложные / медленные бизнес процессы),1
218,quit,Отсутствие профессионального или технического развития,2
218,quit,Отсутствие карьерного роста (должность не меняется),3
219,quit,Отсутствие профессионального или технического развития,1
219,quit,Базовая зарплата не растет (каждый год),2
219,quit,Отсутствие карьерного роста (должность не меняется),3
220,quit,Токсичная атмосфера в команде,1
220,quit,Отсутствие профессионального или технического развития,2
220,quit,Ухудшение репутации компании на рынке,3
221,quit,Токсичная атмосфера в команде,1
221,quit,Смена руководства (компании / моего подразделения),2
221,quit,Отсутствие профессионального или технического развития,3
222,quit,Базовая зарплата не растет (каждый год),1
222,quit,Токсичная атмосфера в команде,2
222,quit,Отсутствие карьерного роста (должность не меняется),3
223,quit,Финансовая нестабильность компании или сокращение персонала,1
223,quit,Базовая зарплата не растет (каждый год),2
223,quit,Отсутствие профессионального или технического развития,3
224,quit,Непонятные / неэтические решения руководства,1
224,quit,Отмена удаленного / гибридного формат работы,2
224,quit,Токсичная атмосфера в команде,3
225,quit,Финансовая нестабильность компании или сокращение персонала,1
225,quit,Токсичная атмосфера в команде,2
225,quit,Базовая зарплата не растет (каждый год),3
226,quit,Отмена удаленного / гибридного формат работы,1
226,quit,Высокая бюрократия (сложные / медленные бизнес процессы),2
226,quit,Нет амбициозных задач и проектов,3
227,quit,Финансовая нестабильность компании или сокращение персонала,1
227,quit,Базовая зарплата не растет (каждый год),2
227,quit,Токсичная атмосфера в команде,3
228,quit,Высокая бюрократия (сложные / медленные бизнес процессы),1
228,quit,Непонятные / неэтические решения руководства,2
228,quit,Токсичная атмосфера в команде,3
229,quit,Непонятные / неэтические решения руководства,1
229,quit,Отсутствие профессионального или технического развития,2
229,quit,Финансовая нестабильность компании или сокращение персонала,3
230,quit,Финансовая нестабильность компании или сокращение персонала,1
230,quit,Высокая бюрократия (сложные / медленные бизнес процессы),2
230,quit,Отсутствие карьерного роста (должность не меняется),3
231,quit,Отсутствие карьерного роста (должность не меняется),1
231,quit,Базовая зарплата не растет (каждый год),2
231,quit,Отсутствие профессионального или технического развития,3
232,quit,Базовая зарплата не растет (каждый год),1
232,quit,Отсутствие карьерного роста (должность не меняется),2
232,quit,Отсутствие профессионального или технического развития,3
233,quit,Токсичная атмосфера в команде,1
233,quit,Непонятные / неэтические решения руководства,2
233,quit,Базовая зарплата не растет (каждый год),3
234,quit,Отсутствие профессионального или технического развития,1
234,quit,Токсичная атмосфера в команде,2
234,quit,Финансовая нестабильность компании или сокращение персонала,3
235,quit,Токсичная атмосфера в команде,1
235,quit,Финансовая нестабильность компании или сокращение персонала,2
235,quit,Отсутствие профессионального или технического развития,3
236,quit,Непонятные / неэтические решения руководства,1
236,quit,Базовая зарплата не растет (каждый год),2
236,quit,Токсичная атмосфера в команде,3
237,quit,Базовая зарплата не растет (каждый год),1
237,quit,Отсутствие карьерного роста (должность не меняется),2
237,quit,Отмена удаленного / гибридного формат работы,3
238,quit,Базовая зарплата не растет (каждый год),1
238,quit,Высокая бюрократия (сложные / медленные бизнес процессы),2
238,quit,Отсутствие карьерного роста (должность не меняется),3
239,quit,Базовая зарплата не растет (каждый год),1
239,quit,Финансовая нестабильность компании или сокращение персонала,2
239,quit,Ухудшение репутации компании на рынке,3
240,quit,Базовая зарплата не растет (каждый год),1
240,quit,Токсичная атмосфера в команде,2
240,quit,Непонятные / неэтические решения руководства,3
241,quit,Отсутствие карьерного роста (должность не меняется),1
241,quit,Непонятные / неэтические решения руководства,2
241,quit,Токсичная атмосфера в команде,3
242,quit,Отмена удаленного / гибридного формат работы,1
242,quit,Финансовая нестабильность компании или сокращение персонала,2
242,quit,Токсичная атмосфера в команде,3
243,quit,Отсутствие профессионального или технического развития,1
243,quit,Непонятные / неэтические решения руководства,2
243,quit,Токсичная атмосфера в команде,3
244,quit,Финансовая нестабильность компании или сокращение персонала,1
244,quit,Отсутствие профессионального или технического развития,2
244,quit,Отсутствие карьерного роста (должность не меняется),3
245,quit,Финансовая нестабильность компании или сокращение персонала,1
245,quit,Токсичная атмосфера в команде,2
245,quit,Отсутствие профессионального или технического развития,3
246,quit,Финансовая нестабильность компании или сокращение персонала,1
246,quit,Отсутствие профессионального или технического развития,2
246,quit,Базовая зарплата не растет (каждый год),3
247,quit,Высокая бюрократия (сложные / медленные бизнес процессы),1
247,quit,Нет амбициозных задач и проектов,2
247,quit,Отсутствие карьерного роста (должность не меняется),3
248,quit,Финансовая нестабильность компании или сокращение персонала,1
248,quit,Непонятные / неэтические решения руководства,2
248,quit,Смена руководства (компании / моего подразделения),3
249,quit,Отсутствие карьерного роста (должность не меняется),1
249,quit,Отмена удаленного / гибридного формат работы,2
249,quit,Базовая зарплата не растет (каждый год),3
250,quit,Финансовая нестабильность компании или сокращение персонала,1
250,quit,Отмена удаленного / гибридного формат работы,2
250,quit,Непонятные / неэтические решения руководства,3
251,quit,Базовая зарплата не растет (каждый год),1
251,quit,Отмена удаленного / гибридного формат работы,2
251,quit,Токсичная атмосфера в команде,3
252,quit,Токсичная атмосфера в команде,1
252,quit,Отсутствие карьерного роста (должность не меняется),2
252,quit,Отсутствие профессионального или технического развития,3
253,quit,Финансовая нестабильность компании или сокращение персонала,1
253,quit,Непонятные / неэтические решения руководства,2
253,quit,Отсутствие карьерного роста (должность не меняется),3
254,quit,Отсутствие профессионального или технического развития,1
254,quit,Токсичная атмосфера в команде,2
254,quit,Высокая бюрократия (сложные / медленные бизнес процессы),3
255,quit,Базовая зарплата не растет (каждый год),1
255,quit,Финансовая нестабильность компании или сокращение персонала,2
255,quit,Отмена удаленного / гибридного формат работы,3
256,quit,Токсичная атмосфера в команде,1
256,quit,Базовая зарплата не растет (каждый год),2
256,quit,Отсутствие профессионального или технического развития,3
257,quit,Токсичная атмосфера в команде,1
257,quit,Отсутствие карьерного роста (должность не меняется),2
257,quit,Базовая зарплата не растет (каждый год),3
258,quit,Смена руководства (компании / моего подразделения),1
258,quit,Базовая зарплата не растет (каждый год),2
258,quit,Финансовая нестабильность компании или сокращение персонала,3
259,quit,Непонятные / неэтические решения руководства,1
259,quit,Токсичная атмосфера в команде,2
259,quit,Высокая бюрократия (сложные / медленные бизнес процессы),3
260,quit,Финансовая нестабильность компании или сокращение персонала,1
260,quit,Нет амбициозных задач и проектов,2
260,quit,Базовая зарплата не растет (каждый год),3
261,quit,Отсутствие профессионального или технического развития,1
261,quit,Базовая зарплата не растет (каждый год),2
261,quit,Токсичная атмосфера в команде,3
262,quit,Токсичная атмосфера в команде,1
262,quit,Финансовая нестабильность компании или сокращение персонала,2
262,quit,Отсутствие карьерного роста (должность не меняется),3
263,quit,Непонятные / неэтические решения руководства,1
263,quit,Токсичная атмосфера в команде,2
263,quit,Отсутствие карьерного роста (должность не меняется),3
264,quit,Токсичная атмосфера в команде,1
264,quit,Нет амбициозных задач и проектов,2
264,quit,Базовая зарплата не растет (каждый год),3
265,quit,Отсутствие карьерного роста (должность не меняется),1
265,quit,Отсутствие профессионального или технического развития,2
265,quit,Базовая зарплата не растет (каждый год),3
266,quit,Непонятные / неэтические решения руководства,1
266,quit,Отсутствие профессионального или технического развития,2
266,quit,Финансовая нестабильность компании или сокращение персонала,3
267,quit,Финансовая нестабильность компании или сокращение персонала,1
267,quit,Токсичная атмосфера в команде,2
267,quit,Отсутствие карьерного роста (должность не меняется),3
268,quit,Непонятные / неэтические решения руководства,1
268,quit,Токсичная атмосфера в команде,2
268,quit,Отмена удаленного / гибридного формат работы,3
269,quit,Базовая зарплата не растет (каждый год),1
269,quit,Высокая бюрократия (сложные / медленные бизнес процессы),2
269,quit,Токсичная атмосфера в команде,3
270,quit,Базовая зарплата не растет (каждый год),1
270,quit,Отсутствие профессионального или технического развития,2
270,quit,Отмена удаленного / гибридного формат работы,3
271,quit,Базовая зарплата не растет (каждый год),1
271,quit,Отсутствие карьерного роста (должность не меняется),2
271,quit,Нет амбициозных задач и проектов,3
272,quit,Базовая зарплата не растет (каждый год),1
272,quit,Токсичная атмосфера в команде,2
272,quit,Отсутствие профессионального или технического развития,3
273,quit,Высокая бюрократия (сложные / медленные бизнес процессы),1
273,quit,Смена руководства (компании / моего подразделения),2
273,quit,Финансовая нестабильность компании или сокращение персонала,3
274,quit,Отсутствие профессионального или технического развития,1
274,quit,Нет амбициозных задач и проектов,2
274,quit,Токсичная атмосфера в команде,3
275,quit,Отсутствие профессионального или технического развития,1
275,quit,Высокая бюрократия (сложные / медленные бизнес процессы),2
275,quit,Отсутствие карьерного роста (должность не меняется),3
276,quit,Нет амбициозных задач и проектов,1
276,quit,Смена руководства (компании / моего подразделения),2
276,quit,Токсичная атмосфера в команде,3
277,quit,Финансовая нестабильность компании или сокращение персонала,1
277,quit,Отсутствие карьерного роста (должность не меняется),2
277,quit,Токсичная атмосфера в команде,3
278,quit,Отсутствие карьерного роста (должность не меняется),1
278,quit,Базовая зарплата не растет (каждый год),2
278,quit,Финансовая нестабильность компании или сокращение персонала,3
279,quit,Нет амбициозных задач и проектов,1
279,quit,Отсутствие карьерного роста (должность не меняется),2
279,quit,Смена руководства (компании / моего подразделения),3
280,quit,Токсичная атмосфера в команде,1
280,quit,Базовая зарплата не растет (каждый год),2
280,quit,Отсутствие карьерного роста (должность не меняется),3
281,quit,Токсичная атмосфера в команде,1
281,quit,Финансовая нестабильность компании или сокращение персонала,2
281,quit,Базовая зарплата не растет (каждый год),3
282,quit,Непонятные / неэтические решения руководства,1
282,quit,Токсичная атмосфера в команде,2
282,quit,Нет амбициозных задач и проектов,3
283,quit,Отсутствие профессионального или технического развития,1
283,quit,Токсичная атмосфера в команде,2
283,quit,Отсутствие карьерного роста (должность не меняется),3
284,quit,Непонятные / неэтические решения руководства,1
284,quit,Нет амбициозных задач и проектов,2
284,quit,Смена руководства (компании / моего подразделения),3
285,quit,Смена руководства (компании / моего подразделения),1
285,quit,Непонятные / неэтические решения руководства,2
285,quit,Токсичная атмосфера в команде,3
286,quit,Отсутствие профессионального или технического развития,1
286,quit,Отсутствие карьерного роста (должность не меняется),2
286,quit,Высокая бюрократия (сложные / медленные бизнес процессы),3
287,quit,Нет амбициозных задач и проектов,1
287,quit,Смена руководства (компании / моего подразделения),2
287,quit,Финансовая нестабильность компании или сокращение персонала,3
288,quit,Нет амбициозных задач и проектов,1
288,quit,Отсутствие карьерного роста (должность не меняется),2
288,quit,Базовая зарплата не растет (каждый год),3
289,quit,Токсичная атмосфера в команде,1
289,quit,Финансовая нестабильность компании или сокращение персонала,2
289,quit,Базовая зарплата не растет (каждый год),3
290,quit,Токсичная атмосфера в команде,1
290,quit,Отмена удаленного / гибридного формат работы,2
290,quit,Базовая зарплата не растет (каждый год),3
291,quit,Высокая бюрократия (сложные / медленные бизнес процессы),1
291,quit,Отмена удаленного / гибридного формат работы,2
291,quit,Токсичная атмосфера в команде,3
292,quit,Базовая зарплата не растет (каждый год),1
292,quit,Финансовая нестабильность компании или сокращение персонала,2
292,quit,Токсичная атмосфера в команде,3
293,quit,Базовая зарплата не растет (каждый год),1
293,quit,Непонятные / неэтические решения руководства,2
293,quit,Токсичная атмосфера в команде,3
294,quit,Базовая зарплата не растет (каждый год),1
294,quit,Непонятные / неэтические решения руководства,2
294,quit,Финансовая нестабильность компании или сокращение персонала,3
295,quit,Высокая бюрократия (сложные / медленные бизнес процессы),1
295,quit,Токсичная атмосфера в команде,2
295,quit,Финансовая нестабильность компании или сокращение персонала,3
296,quit,Токсичная атмосфера в команде,1
296,quit,Отсутствие профессионального или технического развития,2
296,quit,Базовая зарплата не растет (каждый год),3
297,quit,Отмена удаленного / гибридного формат работы,1
297,quit,Отсутствие профессионального или технического развития,2
297,quit,Токсичная атмосфера в команде,3
298,quit,Отсутствие карьерного роста (должность не меняется),1
298,quit,Базовая зарплата не растет (каждый год),2
298,quit,Финансовая нестабильность компании или сокращение персонала,3
299,quit,Базовая зарплата не растет (каждый год),1
299,quit,Нет амбициозных задач и проектов,2
299,quit,Отсутствие профессионального или технического развития,3
300,quit,Токсичная атмосфера в команде,1
300,quit,Отсутствие профессионального или технического развития,2
300,quit,Базовая зарплата не растет (каждый год),3
301,quit,Базовая зарплата не растет (каждый год),1
301,quit,Отсутствие карьерного роста (должность не меняется),2
301,quit,Непонятные / неэтические решения руководства,3
302,quit,Отсутствие карьерного роста (должность не меняется),1
302,quit,Токсичная атмосфера в команде,2
302,quit,Непонятные / неэтические решения руководства,3
303,quit,Токсичная атмосфера в команде,1
303,quit,Базовая зарплата не растет (каждый год),2
303,quit,Высокая бюрократия (сложные / медленные бизнес процессы),3
304,quit,Базовая зарплата не растет (каждый год),1
304,quit,Отмена удаленного / гибридного формат работы,2
304,quit,Финансовая нестабильность компании или сокращение персонала,3
305,quit,Отсутствие карьерного роста (должность не меняется),1
305,quit,Нет амбициозных задач и проектов,2
305,quit,Отмена удаленного / гибридного формат работы,3
306,quit,Базовая зарплата не растет (каждый год),1
306,quit,Отсутствие профессионального или технического развития,2
306,quit,Непонятные / неэтические решения руководства,3
307,quit,Токсичная атмосфера в команде,1
307,quit,Отсутствие профессионального или технического развития,2
307,quit,Непонятные / неэтические решения руководства,3
308,quit,Токсичная атмосфера в команде,1
308,quit,Непонятные / неэтические решения руководства,2
308,quit,Финансовая нестабильность компании или сокращение персонала,3
309,quit,Высокая бюрократия (сложные / медленные бизнес процессы),1
309,quit,Смена руководства (компании / моего подразделения),2
309,quit,Отмена удаленного / гибридного формат работы,3
310,quit,Непонятные / неэтические решения руководства,1
310,quit,Отсутствие профессионального или технического развития,2
310,quit,Токсичная атмосфера в команде,3
311,quit,Отмена удаленного / гибридного формат работы,1
311,quit,Базовая зарплата не растет (каждый год),2
311,quit,Высокая бюрократия (сложные / медленные бизнес процессы),3
312,quit,Финансовая нестабильность компании или сокращение персонала,1
312,quit,Токсичная атмосфера в команде,2
312,quit,Отмена удаленного / гибридного формат работы,3
313,quit,Базовая зарплата не растет (каждый год),1
313,quit,Отсутствие карьерного роста (должность не меняется),2
313,quit,Токсичная атмосфера в команде,3
314,quit,Базовая зарплата не растет (каждый год),1
314,quit,Отсутствие карьерного роста (должность не меняется),2
314,quit,Высокая бюрократия (сложные / медленные бизнес процессы),3
315,quit,Отсутствие карьерного роста (должность не меняется),1
315,quit,Финансовая нестабильность компании или сокращение персонала,2
315,quit,Токсичная атмосфера в команде,3
316,quit,Токсичная атмосфера в команде,1
316,quit,Базовая зарплата не растет (каждый год),2
316,quit,Непонятные / неэтические решения руководства,3
317,quit,Базовая зарплата не растет (каждый год),1
317,quit,Отсутствие профессионального или технического развития,2
317,quit,Финансовая нестабильность компании или сокращение персонала,3
318,quit,Базовая зарплата не растет (каждый год),1
318,quit,Токсичная атмосфера в команде,2
318,quit,Отсутствие профессионального или технического развития,3
319,quit,Высокая бюрократия (сложные / медленные бизнес процессы),1
319,quit,Токсичная атмосфера в команде,2
319,quit,Базовая зарплата не растет (каждый год),3
320,quit,Непонятные / неэтические решения руководства,1
320,quit,Отсутствие карьерного роста (должность не меняется),2
320,quit,Базовая зарплата не растет (каждый год),3
321,quit,Базовая зарплата не растет (каждый год),1
321,quit,Отсутствие карьерного роста (должность не меняется),2
321,quit,Непонятные / неэтические решения руководства,3
322,quit,Отмена удаленного / гибридного формат работы,1
322,quit,Токсичная атмосфера в команде,2
322,quit,Базовая зарплата не растет (каждый год),3
323,quit,Токсичная атмосфера в команде,1
323,quit,Отсутствие карьерного роста (должность не меняется),2
323,quit,Непонятные / неэтические решения руководства,3
324,quit,Высокая бюрократия (сложные / медленные бизнес процессы),1
324,quit,Токсичная атмосфера в команде,2
324,quit,Отсутствие профессионального или технического развития,3
325,quit,Токсичная атмосфера в команде,1
325,quit,Финансовая нестабильность компании или сокращение персонала,2
325,quit,Нет амбициозных задач и проектов,3
326,quit,Непонятные / неэтические решения руководства,1
326,quit,Отсутствие карьерного роста (должность не меняется),2
326,quit,Отсутствие профессионального или технического развития,3
327,quit,Непонятные / неэтические решения руководства,1
327,quit,Токсичная атмосфера в команде,2
327,quit,Базовая зарплата не растет (каждый год),3
328,quit,Отмена удаленного / гибридного формат работы,1
328,quit,Отсутствие карьерного роста (должность не меняется),2
328,quit,Токсичная атмосфера в команде,3
329,quit,Токсичная атмосфера в команде,1
329,quit,Отсутствие профессионального или технического развития,2
329,quit,Отмена удаленного / гибридного формат работы,3
330,quit,Отсутствие карьерного роста (должность не меняется),1
330,quit,Отсутствие профессионального или технического развития,2
330,quit,Токсичная атмосфера в команде,3
331,quit,Базовая зарплата не растет (каждый год),1
331,quit,Ухудшение репутации компании на рынке,2
331,quit,Финансовая нестабильность компании или сокращение персонала,3
332,quit,Базовая зарплата не растет (каждый год),1
332,quit,Финансовая нестабильность компании или сокращение персонала,2
332,quit,Отсутствие карьерного роста (должность не меняется),3
333,quit,Токсичная атмосфера в команде,1
333,quit,Отсутствие карьерного роста (должность не меняется),2
333,quit,Финансовая нестабильность компании или сокращение персонала,3
334,quit,Базовая зарплата не растет (каждый год),1
334,quit,Отсутствие карьерного роста (должность не меняется),2
334,quit,Нет амбициозных задач и проектов,3
335,quit,Отсутствие профессионального или технического развития,1
335,quit,Финансовая нестабильность компании или сокращение персонала,2
335,quit,Токсичная атмосфера в команде,3
336,quit,Непонятные / неэтические решения руководства,1
336,quit,Отмена удаленного / гибридного формат работы,2
336,quit,Базовая зарплата не растет (каждый год),3
337,quit,Отсутствие карьерного роста (должность не меняется),1
337,quit,Нет амбициозных задач и проектов,2
337,quit,Финансовая нестабильность компании или сокращение персонала,3
338,quit,Базовая зарплата не растет (каждый год),1
338,quit,Финансовая нестабильность компании или сокращение персонала,2
338,quit,Отсутствие карьерного роста (должность не меняется),3
339,quit,Отсутствие профессионального или технического развития,1
339,quit,Непонятные / неэтические решения руководства,2
339,quit,Токсичная атмосфера в команде,3
340,quit,Отсутствие профессионального или технического развития,1
340,quit,Базовая зарплата не растет (каждый год),2
340,quit,Токсичная атмосфера в команде,3
341,quit,Токсичная атмосфера в команде,1
341,quit,Высокая бюрократия (сложные / медленные бизнес процессы),2
341,quit,Базовая зарплата не растет (каждый год),3
342,quit,Непонятные / неэтические решения руководства,1
342,quit,Финансовая нестабильность компании или сокращение персонала,2
342,quit,Нет амбициозных задач и проектов,3
343,quit,Высокая бюрократия (сложные / медленные бизнес процессы),1
343,quit,Нет амбициозных задач и проектов,2
343,quit,Финансовая нестабильность компании или сокращение персонала,3
344,quit,Токсичная атмосфера в команде,1
344,quit,Нет амбициозных задач и проектов,2
344,quit,Отсутствие карьерного роста (должность не меняется),3
345,quit,Базовая зарплата не растет (каждый год),1
345,quit,Отсутствие профессионального или технического развития,2
345,quit,Отмена удаленного / гибридного формат работы,3
346,quit,Базовая зарплата не растет (каждый год),1
346,quit,Финансовая нестабильность компании или сокращение персонала,2
346,quit,Токсичная атмосфера в команде,3
347,quit,Базовая зарплата не растет (каждый год),1
347,quit,Отсутствие профессионального или технического развития,2
347,quit,Отмена удаленного / гибридного формат работы,3
348,quit,Непонятные / неэтические решения руководства,1
348,quit,Отсутствие профессионального или технического развития,2
348,quit,Нет амбициозных задач и проектов,3
349,quit,Высокая бюрократия (сложные / медленные бизнес процессы),1
349,quit,Токсичная атмосфера в команде,2
349,quit,Непонятные / неэтические решения руководства,3
350,quit,Токсичная атмосфера в команде,1
350,quit,Непонятные / неэтические решения руководства,2
350,quit,Нет амбициозных задач и проектов,3
351,quit,Нет амбициозных задач и проектов,1
351,quit,Высокая бюрократия (сложные / медленные бизнес процессы),2
351,quit,Финансовая нестабильность компании или сокращение персонала,3
352,quit,Отсутствие карьерного роста (должность не меняется),1
352,quit,Токсичная атмосфера в команде,2
352,quit,Непонятные / неэтические решения руководства,3
353,quit,Финансовая нестабильность компании или сокращение персонала,1
353,quit,Токсичная атмосфера в команде,2
353,quit,Непонятные / неэтические решения руководства,3
354,quit,Базовая зарплата не растет (каждый год),1
354,quit,Отсутствие карьерного роста (должность не меняется),2
354,quit,Токсичная атмосфера в команде,3
355,quit,Токсичная атмосфера в команде,1
355,quit,Базовая зарплата не растет (каждый год),2
355,quit,Непонятные / неэтические решения руководства,3
356,quit,Непонятные / неэтические решения руководства,1
356,quit,Токсичная атмосфера в команде,2
356,quit,Высокая бюрократия (сложные / медленные бизнес процессы),3
357,quit,Базовая зарплата не растет (каждый год),1
357,quit,Отсутствие карьерного роста (должность не меняется),2
357,quit,Отсутствие профессионального или технического развития,3
358,quit,Отмена удаленного / гибридного формат работы,1
358,quit,Непонятные / неэтические решения руководства,2
358,quit,Базовая зарплата не растет (каждый год),3
359,quit,Токсичная атмосфера в команде,1
359,quit,Отсутствие профессионального или технического развития,2
359,quit,Непонятные / неэтические решения руководства,3
360,quit,Непонятные / неэтические решения руководства,1
360,quit,Высокая бюрократия (сложные / медленные бизнес процессы),2
360,quit,Нет амбициозных задач и проектов,3
361,quit,Отсутствие профессионального или технического развития,1
361,quit,Базовая зарплата не растет (каждый год),2
361,quit,Токсичная атмосфера в команде,3
362,quit,Токсичная атмосфера в команде,1
362,quit,Отсутствие профессионального или технического развития,2
362,quit,Непонятные / неэтические решения руководства,3
363,quit,Токсичная атмосфера в команде,1
363,quit,Базовая зарплата не растет (каждый год),2
363,quit,Отсутствие карьерного роста (должность не меняется),3
364,quit,Отсутствие профессионального или технического развития,1
364,quit,Отсутствие карьерного роста (должность не меняется),2
364,quit,Непонятные / неэтические решения руководства,3
365,quit,Непонятные / неэтические решения руководства,1
365,quit,Базовая зарплата не растет (каждый год),2
365,quit,Финансовая нестабильность компании или сокращение персонала,3
366,quit,Непонятные / неэтические решения руководства,1
366,quit,Высокая бюрократия (сложные / медленные бизнес процессы),2
366,quit,Базовая зарплата не растет (каждый год),3
367,quit,Токсичная атмосфера в команде,1
367,quit,Отсутствие профессионального или технического развития,2
367,quit,Отсутствие карьерного роста (должность не меняется),3
368,quit,Токсичная атмосфера в команде,1
368,quit,Отсутствие профессионального или технического развития,2
368,quit,Финансовая нестабильность компании или сокращение персонала,3
369,quit,Высокая бюрократия (сложные / медленные бизнес процессы),1
369,quit,Отсутствие профессионального или технического развития,2
369,quit,Токсичная атмосфера в команде,3
370,quit,Базовая зарплата не растет (каждый год),1
370,quit,Токсичная атмосфера в команде,2
370,quit,Непонятные / неэтические решения руководства,3
371,quit,Токсичная атмосфера в команде,1
371,quit,Непонятные / неэтические решения руководства,2
371,quit,Базовая зарплата не растет (каждый год),3
372,quit,Отмена удаленного / гибридного формат работы,1
372,quit,Смена руководства (компании / моего подразделения),2
372,quit,Нет амбициозных задач и проектов,3
373,quit,Отсутствие карьерного роста (должность не меняется),1
373,quit,Базовая зарплата не растет (каждый год),2
373,quit,Непонятные / неэтические решения руководства,3
374,quit,Финансовая нестабильность компании или сокращение персонала,1
374,quit,Ухудшение репутации компании на рынке,2
374,quit,Базовая зарплата не растет (каждый год),3
375,quit,Базовая зарплата не растет (каждый год),1
375,quit,Отсутствие карьерного роста (должность не меняется),2
375,quit,Нет амбициозных задач и проектов,3
376,quit,Отсутствие профессионального или технического развития,1
376,quit,Нет амбициозных задач и проектов,2
376,quit,Токсичная атмосфера в команде,3
377,quit,Финансовая нестабильность компании или сокращение персонала,1
377,quit,Токсичная атмосфера в команде,2
377,quit,Отсутствие профессионального или технического развития,3
378,quit,Отсутствие карьерного роста (должность не меняется),1
378,quit,Отсутствие профессионального или технического развития,2
378,quit,Высокая бюрократия (сложные / медленные бизнес процессы),3
379,quit,Отсутствие карьерного роста (должность не меняется),1
379,quit,Отсутствие профессионального или технического развития,2
379,quit,Токсичная атмосфера в команде,3
380,quit,Токсичная атмосфера в команде,1
380,quit,Отсутствие профессионального или технического развития,2
380,quit,Непонятные / неэтические решения руководства,3
381,quit,Токсичная атмосфера в команде,1
381,quit,Непонятные / неэтические решения руководства,2
381,quit,Базовая зарплата не растет (каждый год),3
382,quit,Токсичная атмосфера в команде,1
382,quit,Отсутствие карьерного роста (должность не меняется),2
382,quit,Базовая зарплата не растет (каждый год),3
383,quit,Базовая зарплата не растет (каждый год),1
383,quit,Отмена удаленного / гибридного формат работы,2
383,quit,Смена руководства (компании / моего подразделения),3
384,quit,Токсичная атмосфера в команде,1
384,quit,Отсутствие карьерного роста (должность не меняется),2
384,quit,Отсутствие профессионального или технического развития,3
385,quit,Базовая зарплата не растет (каждый год),1
385,quit,Токсичная атмосфера в команде,2
385,quit,Непонятные / неэтические решения руководства,3
386,quit,Смена руководства (компании / моего подразделения),1
386,quit,Нет амбициозных задач и проектов,2
386,quit,Финансовая нестабильность компании или сокращение персонала,3
387,quit,Отсутствие профессионального или технического развития,1
387,quit,Базовая зарплата не растет (каждый год),2
387,quit,Отмена удаленного / гибридного формат работы,3
388,quit,Токсичная атмосфера в команде,1
388,quit,Непонятные / неэтические решения руководства,2
388,quit,Отсутствие профессионального или технического развития,3
389,quit,Токсичная атмосфера в команде,1
389,quit,Отсутствие карьерного роста (должность не меняется),2
389,quit,Базовая зарплата не растет (каждый год),3
390,quit,Финансовая нестабильность компании или сокращение персонала,1
390,quit,Базовая зарплата не растет (каждый год),2
390,quit,Нет амбициозных задач и проектов,3
391,quit,Нет амбициозных задач и проектов,1
391,quit,Отсутствие профессионального или технического развития,2
391,quit,Базовая зарплата не растет (каждый год),3
392,quit,Токсичная атмосфера в команде,1
392,quit,Отсутствие профессионального или технического развития,2
392,quit,Непонятные / неэтические решения руководства,3
393,quit,Базовая зарплата не растет (каждый год),1
393,quit,Отсутствие карьерного роста (должность не меняется),2
393,quit,Токсичная атмосфера в команде,3
394,quit,Токсичная атмосфера в команде,1
394,quit,Отсутствие карьерного роста (должность не меняется),2
394,quit,Базовая зарплата не растет (каждый год),3
395,quit,Отмена удаленного / гибридного формат работы,1
395,quit,Финансовая нестабильность компании или сокращение персонала,2
395,quit,Отсутствие профессионального или технического развития,3
396,quit,Высокая бюрократия (сложные / медленные бизнес процессы),1
396,quit,Токсичная атмосфера в команде,2
396,quit,Отсутствие карьерного роста (должность не меняется),3
397,quit,Токсичная атмосфера в команде,1
397,quit,Базовая зарплата не растет (каждый год),2
397,quit,Высокая бюрократия (сложные / медленные бизнес процессы),3
398,quit,Токсичная атмосфера в команде,1
398,quit,Отсутствие профессионального или технического развития,2
398,quit,Ухудшение репутации компании на рынке,3
399,quit,Высокая бюрократия (сложные / медленные бизнес процессы),1
399,quit,Базовая зарплата не растет (каждый год),2
399,quit,Отсутствие карьерного роста (должность не меняется),3
400,quit,Токсичная атмосфера в команде,1
400,quit,Финансовая нестабильность компании или сокращение персонала,2
400,quit,Базовая зарплата не растет (каждый год),3
401,quit,Базовая зарплата не растет (каждый год),1
401,quit,Финансовая нестабильность компании или сокращение персонала,2
401,quit,Токсичная атмосфера в команде,3
402,quit,Отсутствие карьерного роста (должность не меняется),1
402,quit,Финансовая нестабильность компании или сокращение персонала,2
402,quit,Отсутствие профессионального или технического развития,3
403,quit,Финансовая нестабильность компании или сокращение персонала,1
403,quit,Отсутствие карьерного роста (должность не меняется),2
403,quit,Непонятные / неэтические решения руководства,3
404,quit,Смена руководства (компании / моего подразделения),1
404,quit,Отсутствие профессионального или технического развития,2
404,quit,Токсичная атмосфера в команде,3
405,quit,Финансовая нестабильность компании или сокращение персонала,1
405,quit,Отсутствие карьерного роста (должность не меняется),2
405,quit,Непонятные / неэтические решения руководства,3
406,quit,Базовая зарплата не растет (каждый год),1
406,quit,Токсичная атмосфера в команде,2
406,quit,Непонятные / неэтические решения руководства,3
407,quit,Токсичная атмосфера в команде,1
407,quit,Отсутствие карьерного роста (должность не меняется),2
407,quit,Базовая зарплата не растет (каждый год),3
408,quit,Отмена удаленного / гибридного формат работы,1
408,quit,Высокая бюрократия (сложные / медленные бизнес процессы),2
408,quit,Базовая зарплата не растет (каждый год),3
409,quit,Базовая зарплата не растет (каждый год),1
409,quit,Высокая бюрократия (сложные / медленные бизнес процессы),2
409,quit,Токсичная атмосфера в команде,3
410,quit,Базовая зарплата не растет (каждый год),1
410,quit,Отсутствие профессионального или технического развития,2
410,quit,Высокая бюрократия (сложные / медленные бизнес процессы),3
411,quit,Токсичная атмосфера в команде,1
411,quit,Отсутствие профессионального или технического развития,2
411,quit,Ухудшение репутации компании на рынке,3
412,quit,Токсичная атмосфера в команде,1
412,quit,Финансовая нестабильность компании или сокращение персонала,2
412,quit,Базовая зарплата не растет (каждый год),3
413,quit,Токсичная атмосфера в команде,1
413,quit,Непонятные / неэтические решения руководства,2
413,quit,Базовая зарплата не растет (каждый год),3
414,quit,Базовая зарплата не растет (каждый год),1
414,quit,Отсутствие профессионального или технического развития,2
414,quit,Финансовая нестабильность компании или сокращение персонала,3
415,quit,Отсутствие карьерного роста (должность не меняется),1
415,quit,Высокая бюрократия (сложные / медленные бизнес процессы),2
415,quit,Токсичная атмосфера в команде,3
416,quit,Отсутствие карьерного роста (должность не меняется),1
416,quit,Финансовая нестабильность компании или сокращение персонала,2
416,quit,Ухудшение репутации компании на рынке,3
417,quit,Токсичная атмосфера в команде,1
417,quit,Отсутствие карьерного роста (должность не меняется),2
417,quit,Отсутствие профессионального или технического развития,3
418,quit,Базовая зарплата не растет (каждый год),1
418,quit,Отсутствие профессионального или технического развития,2
418,quit,Отмена удаленного / гибридного формат работы,3
419,quit,Токсичная атмосфера в команде,1
419,quit,Непонятные / неэтические решения руководства,2
419,quit,Финансовая нестабильность компании или сокращение персонала,3
420,quit,Базовая зарплата не растет (каждый год),1
420,quit,Отмена удаленного / гибридного формат работы,2
420,quit,Токсичная атмосфера в команде,3
421,quit,Базовая зарплата не растет (каждый год),1
421,quit,Финансовая нестабильность компании или сокращение персонала,2
421,quit,Смена руководства (компании / моего подразделения),3
422,quit,Базовая зарплата не растет (каждый год),1
422,quit,Отсутствие карьерного роста (должность не меняется),2
422,quit,Отсутствие профессионального или технического развития,3
423,quit,Нет амбициозных задач и проектов,1
423,quit,Отсутствие профессионального или технического развития,2
423,quit,Базовая зарплата не растет (каждый год),3
424,quit,Непонятные / неэтические решения руководства,1
424,quit,Токсичная атмосфера в команде,2
424,quit,Базовая зарплата не растет (каждый год),3
425,quit,Нет амбициозных задач и проектов,1
425,quit,Финансовая нестабильность компании или сокращение персонала,2
425,quit,Высокая бюрократия (сложные / медленные бизнес процессы),3
426,quit,Непонятные / неэтические решения руководства,1
426,quit,Отмена удаленного / гибридного формат работы,2
426,quit,Отсутствие карьерного роста (должность не меняется),3
427,quit,Отсутствие карьерного роста (должность не меняется),1
427,quit,Базовая зарплата не растет (каждый год),2
427,quit,Токсичная атмосфера в команде,3
428,quit,Базовая зарплата не растет (каждый год),1
428,quit,Отсутствие профессионального или технического развития,2
428,quit,Финансовая нестабильность компании или сокращение персонала,3
429,quit,Базовая зарплата не растет (каждый год),1
429,quit,Отмена удаленного / гибридного формат работы,2
429,quit,Отсутствие профессионального или технического развития,3
430,quit,Отсутствие профессионального или технического развития,1
430,quit,Базовая зарплата не растет (каждый год),2
430,quit,Непонятные / неэтические решения руководства,3
431,quit,Базовая зарплата не растет (каждый год),1
431,quit,Финансовая нестабильность компании или сокращение персонала,2
431,quit,Высокая бюрократия (сложные / медленные бизнес процессы),3
432,quit,Базовая зарплата не растет (каждый год),1
432,quit,Отсутствие карьерного роста (должность не меняется),2
432,quit,Отмена удаленного / гибридного формат работы,3
433,quit,Высокая бюрократия (сложные / медленные бизнес процессы),1
433,quit,Непонятные / неэтические решения руководства,2
433,quit,Токсичная атмосфера в команде,3
434,quit,Отмена удаленного / гибридного формат работы,1
434,quit,Смена руководства (компании / моего подразделения),2
434,quit,Отсутствие профессионального или технического развития,3
435,quit,Отмена удаленного / гибридного формат работы,1
435,quit,Отсутствие карьерного роста (должность не меняется),2
435,quit,Отсутствие профессионального или технического развития,3
436,quit,Непонятные / неэтические решения руководства,1
436,quit,Отмена удаленного / гибридного формат работы,2
436,quit,Базовая зарплата не растет (каждый год),3
437,quit,Базовая зарплата не растет (каждый год),1
437,quit,Отсутствие профессионального или технического развития,2
437,quit,Финансовая нестабильность компании или сокращение персонала,3
438,quit,Токсичная атмосфера в команде,1
438,quit,Непонятные / неэтические решения руководства,2
438,quit,Высокая бюрократия (сложные / медленные бизнес процессы),3
439,quit,Токсичная атмосфера в команде,1
439,quit,Отмена удаленного / гибридного формат работы,2
439,quit,Финансовая нестабильность компании или сокращение персонала,3
440,quit,Токсичная атмосфера в команде,1
440,quit,Отмена удаленного / гибридного формат работы,2
440,quit,Базовая зарплата не растет (каждый год),3
441,quit,Токсичная атмосфера в команде,1
441,quit,Базовая зарплата не растет (каждый год),2
441,quit,Отсутствие карьерного роста (должность не меняется),3
442,quit,Отмена удаленного / гибридного формат работы,1
442,quit,Смена руководства (компании / моего подразделения),2
442,quit,Высокая бюрократия (сложные / медленные бизнес процессы),3
443,quit,Базовая зарплата не растет (каждый год),1
443,quit,Токсичная атмосфера в команде,2
443,quit,Отмена удаленного / гибридного формат работы,3
444,quit,Отсутствие карьерного роста (должность не меняется),1
444,quit,Отсутствие профессионального или технического развития,2
444,quit,Финансовая нестабильность компании или сокращение персонала,3
445,quit,Отсутствие карьерного роста (должность не меняется),1
445,quit,Непонятные / неэтические решения руководства,2
445,quit,Базовая зарплата не растет (каждый год),3
446,quit,Непонятные / неэтические решения руководства,1
446,quit,Финансовая нестабильность компании или сокращение персонала,2
446,quit,Токсичная атмосфера в команде,3
447,quit,Отсутствие карьерного роста (должность не меняется),1
447,quit,Базовая зарплата не растет (каждый год),2
447,quit,Отмена удаленного / гибридного формат работы,3
448,quit,Отсутствие карьерного роста (должность не меняется),1
448,quit,Нет амбициозных задач и проектов,2
448,quit,Отсутствие профессионального или технического развития,3
449,quit,Финансовая нестабильность компании или сокращение персонала,1
449,quit,Базовая зарплата не растет (каждый год),2
449,quit,Непонятные / неэтические решения руководства,3
450,quit,Финансовая нестабильность компании или сокращение персонала,1
450,quit,Высокая бюрократия (сложные / медленные бизнес процессы),2
450,quit,Базовая зарплата не растет (каждый год),3
451,quit,Базовая зарплата не растет (каждый год),1
451,quit,Финансовая нестабильность компании или сокращение персонала,2
451,quit,Нет амбициозных задач и проектов,3
452,quit,Базовая зарплата не растет (каждый год),1
452,quit,Нет амбициозных задач и проектов,2
452,quit,Непонятные / неэтические решения руководства,3
453,quit,Базовая зарплата не растет (каждый год),1
453,quit,Отсутствие профессионального или технического развития,2
453,quit,Финансовая нестабильность компании или сокращение персонала,3
454,quit,Отсутствие профессионального или технического развития,1
454,quit,Токсичная атмосфера в команде,2
454,quit,Базовая зарплата не растет (каждый год),3
455,quit,Базовая зарплата не растет (каждый год),1
455,quit,Финансовая нестабильность компании или сокращение персонала,2
455,quit,Отмена удаленного / гибридного формат работы,3
456,quit,Финансовая нестабильность компании или сокращение персонала,1
456,quit,Базовая зарплата не растет (каждый год),2
456,quit,Отсутствие карьерного роста (должность не меняется),3
457,quit,Токсичная атмосфера в команде,1
457,quit,Высокая бюрократия (сложные / медленные бизнес процессы),2
457,quit,Базовая зарплата не растет (каждый год),3
458,quit,Токсичная атмосфера в команде,1
458,quit,Непонятные / неэтические решения руководства,2
458,quit,Отмена удаленного / гибридного формат работы,3
459,quit,Базовая зарплата не растет (каждый год),1
459,quit,Токсичная атмосфера в команде,2
459,quit,Непонятные / неэтические решения руководства,3
460,quit,Базовая зарплата не растет (каждый год),1
460,quit,Отсутствие профессионального или технического развития,2
460,quit,Токсичная атмосфера в команде,3
461,quit,Токсичная атмосфера в команде,1
461,quit,Базовая зарплата не растет (каждый год),2
461,quit,Отсутствие карьерного роста (должность не меняется),3
462,quit,Отмена удаленного / гибридного формат работы,1
462,quit,Смена руководства (компании / моего подразделения),2
462,quit,Финансовая нестабильность компании или сокращение персонала,3
463,quit,Непонятные / неэтические решения руководства,1
463,quit,Токсичная атмосфера в команде,2
463,quit,Базовая зарплата не растет (каждый год),3
464,quit,Отсутствие профессионального или технического развития,1
464,quit,Токсичная атмосфера в команде,2
464,quit,Непонятные / неэтические решения руководства,3
465,quit,Непонятные / неэтические решения руководства,1
465,quit,Токсичная атмосфера в команде,2
465,quit,Отмена удаленного / гибридного формат работы,3
466,quit,Токсичная атмосфера в команде,1
466,quit,Высокая бюрократия (сложные / медленные бизнес процессы),2
466,quit,Непонятные / неэтические решения руководства,3
467,quit,Базовая зарплата не растет (каждый год),1
467,quit,Непонятные / неэтические решения руководства,2
467,quit,Финансовая нестабильность компании или сокращение персонала,3
468,quit,Базовая зарплата не растет (каждый год),1
468,quit,Отсутствие профессионального или технического развития,2
468,quit,Токсичная атмосфера в команде,3
469,quit,Базовая зарплата не растет (каждый год),1
469,quit,Отсутствие карьерного роста (должность не меняется),2
469,quit,Токсичная атмосфера в команде,3
470,quit,Базовая зарплата не растет (каждый год),1
470,quit,Отмена удаленного / гибридного формат работы,2
470,quit,Токсичная атмосфера в команде,3
471,quit,Непонятные / неэтические решения руководства,1
471,quit,Финансовая нестабильность компании или сокращение персонала,2
471,quit,Токсичная атмосфера в команде,3
472,quit,Высокая бюрократия (сложные / медленные бизнес процессы),1
472,quit,Токсичная атмосфера в команде,2
472,quit,Базовая зарплата не растет (каждый год),3
473,quit,Базовая зарплата не растет (каждый год),1
473,quit,Отсутствие карьерного роста (должность не меняется),2
473,quit,Нет амбициозных задач и проектов,3
474,quit,Базовая зарплата не растет (каждый год),1
474,quit,Токсичная атмосфера в команде,2
474,quit,Отсутствие карьерного роста (должность не меняется),3
475,quit,Базовая зарплата не растет (каждый год),1
475,quit,Отсутствие профессионального или технического развития,2
475,quit,Токсичная атмосфера в команде,3
476,quit,Отсутствие профессионального или технического развития,1
476,quit,Отсутствие карьерного роста (должность не меняется),2
476,quit,Финансовая нестабильность компании или сокращение персонала,3
477,quit,Токсичная атмосфера в команде,1
477,quit,Базовая зарплата не растет (каждый год),2
477,quit,Непонятные / неэтические решения руководства,3
478,quit,Токсичная атмосфера в команде,1
478,quit,Финансовая нестабильность компании или сокращение персонала,2
478,quit,Отсутствие карьерного роста (должность не меняется),3
479,quit,Базовая зарплата не растет (каждый год),1
479,quit,Отсутствие карьерного роста (должность не меняется),2
479,quit,Финансовая нестабильность компании или сокращение персонала,3
480,quit,Токсичная атмосфера в команде,1
480,quit,Нет амбициозных задач и проектов,2
480,quit,Непонятные / неэтические решения руководства,3
481,quit,Базовая зарплата не растет (каждый год),1
481,quit,Непонятные / неэтические решения руководства,2
481,quit,Нет амбициозных задач и проектов,3
482,quit,Токсичная атмосфера в команде,1
482,quit,Отмена удаленного / гибридного формат работы,2
482,quit,Ухудшение репутации компании на рынке,3
483,quit,Финансовая нестабильность компании или сокращение персонала,1
483,quit,Токсичная атмосфера в команде,2
483,quit,Непонятные / неэтические решения руководства,3
484,quit,Базовая зарплата не растет (каждый год),1
484,quit,Нет амбициозных задач и проектов,2
484,quit,Отсутствие карьерного роста (должность не меняется),3
485,quit,Базовая зарплата не растет (каждый год),1
485,quit,Токсичная атмосфера в команде,2
485,quit,Отсутствие карьерного роста (должность не меняется),3
486,quit,Нет амбициозных задач и проектов,1
486,quit,Отсутствие карьерного роста (должность не меняется),2
486,quit,Базовая зарплата не растет (каждый год),3
487,quit,Нет амбициозных задач и проектов,1
487,quit,Отсутствие карьерного роста (должность не меняется),2
487,quit,Базовая зарплата не растет (каждый год),3
488,quit,Токсичная атмосфера в команде,1
488,quit,Базовая зарплата не растет (каждый год),2
488,quit,Отсутствие карьерного роста (должность не меняется),3
489,quit,Базовая зарплата не растет (каждый год),1
489,quit,Токсичная атмосфера в команде,2
489,quit,Непонятные / неэтические решения руководства,3
490,quit,Финансовая нестабильность компании или сокращение персонала,1
490,quit,Отсутствие карьерного роста (должность не меняется),2
490,quit,Высокая бюрократия (сложные / медленные бизнес процессы),3
491,quit,Непонятные / неэтические решения руководства,1
491,quit,Отсутствие профессионального или технического развития,2
491,quit,Токсичная атмосфера в команде,3
492,quit,Отсутствие карьерного роста (должность не меняется),1
492,quit,Базовая зарплата не растет (каждый год),2
492,quit,Непонятные / неэтические решения руководства,3
493,quit,Базовая зарплата не растет (каждый год),1
493,quit,Отсутствие карьерного роста (должность не меняется),2
493,quit,Токсичная атмосфера в команде,3
494,quit,Отсутствие карьерного роста (должность не меняется),1
494,quit,Непонятные / неэтические решения руководства,2
494,quit,Токсичная атмосфера в команде,3
495,quit,Финансовая нестабильность компании или сокращение персонала,1
495,quit,Непонятные / неэтические решения руководства,2
495,quit,Отмена удаленного / гибридного формат работы,3
496,quit,Базовая зарплата не растет (каждый год),1
496,quit,Непонятные / неэтические решения руководства,2
496,quit,Высокая бюрократия (сложные / медленные бизнес процессы),3
497,quit,Непонятные / неэтические решения руководства,1
497,quit,Отсутствие профессионального или технического развития,2
497,quit,Нет амбициозных задач и проектов,3
498,quit,Непонятные / неэтические решения руководства,1
498,quit,Токсичная атмосфера в команде,2
498,quit,Отсутствие профессионального или технического развития,3
499,quit,Непонятные / неэтические решения руководства,1
499,quit,Финансовая нестабильность компании или сокращение персонала,2
499,quit,Смена руководства (компании / моего подразделения),3
500,quit,Базовая зарплата не растет (каждый год),1
500,quit,Отсутствие карьерного роста (должность не меняется),2
500,quit,Нет амбициозных задач и проектов,3
501,quit,Смена руководства (компании / моего подразделения),1
501,quit,Токсичная атмосфера в команде,2
501,quit,Ухудшение репутации компании на рынке,3
502,quit,Финансовая нестабильность компании или сокращение персонала,1
502,quit,Непонятные / неэтические решения руководства,2
502,quit,Базовая зарплата не растет (каждый год),3
503,quit,Токсичная атмосфера в команде,1
503,quit,Ухудшение репутации компании на рынке,2
503,quit,Отсутствие профессионального или технического развития,3
504,quit,Финансовая нестабильность компании или сокращение персонала,1
504,quit,Базовая зарплата не растет (каждый год),2
504,quit,Отмена удаленного / гибридного формат работы,3
505,quit,Базовая зарплата не растет (каждый год),1
505,quit,Отмена удаленного / гибридного формат работы,2
505,quit,Токсичная атмосфера в команде,3
506,quit,Нет амбициозных задач и проектов,1
506,quit,Токсичная атмосфера в команде,2
506,quit,Непонятные / неэтические решения руководства,3
507,quit,Высокая бюрократия (сложные / медленные бизнес процессы),1
507,quit,Токсичная атмосфера в команде,2
507,quit,Непонятные / неэтические решения руководства,3
508,quit,Отсутствие профессионального или технического развития,1
508,quit,Финансовая нестабильность компании или сокращение персонала,2
508,quit,Базовая зарплата не растет (каждый год),3
509,quit,Отмена удаленного / гибридного формат работы,1
509,quit,Базовая зарплата не растет (каждый год),2
509,quit,Финансовая нестабильность компании или сокращение персонала,3
510,quit,Токсичная атмосфера в команде,1
510,quit,Базовая зарплата не растет (каждый год),2
510,quit,Отсутствие профессионального или технического развития,3
511,quit,Токсичная атмосфера в команде,1
511,quit,Базовая зарплата не растет (каждый год),2
511,quit,Отсутствие профессионального или технического развития,3
512,quit,Базовая зарплата не растет (каждый год),1
512,quit,Отсутствие карьерного роста (должность не меняется),2
512,quit,Непонятные / неэтические решения руководства,3
513,quit,Отмена удаленного / гибридного формат работы,1
513,quit,Токсичная атмосфера в команде,2
513,quit,Базовая зарплата не растет (каждый год),3
514,quit,Токсичная атмосфера в команде,1
514,quit,Отсутствие профессионального или технического развития,2
514,quit,Ухудшение репутации компании на рынке,3
515,quit,Токсичная атмосфера в команде,1
515,quit,Отсутствие карьерного роста (должность не меняется),2
515,quit,Отсутствие профессионального или технического развития,3
516,quit,Токсичная атмосфера в команде,1
516,quit,Базовая зарплата не растет (каждый год),2
516,quit,Непонятные / неэтические решения руководства,3
517,quit,Отмена удаленного / гибридного формат работы,1
517,quit,Базовая зарплата не растет (каждый год),2
517,quit,Токсичная атмосфера в команде,3
518,quit,Базовая зарплата не растет (каждый год),1
518,quit,Отсутствие карьерного роста (должность не меняется),2
518,quit,Отсутствие профессионального или технического развития,3
519,quit,Базовая зарплата не растет (каждый год),1
519,quit,Непонятные / неэтические решения руководства,2
519,quit,Отмена удаленного / гибридного формат работы,3
520,quit,Токсичная атмосфера в команде,1
520,quit,Отмена удаленного / гибридного формат работы,2
520,quit,Базовая зарплата не растет (каждый год),3
521,quit,Отсутствие карьерного роста (должность не меняется),1
521,quit,Базовая зарплата не растет (каждый год),2
521,quit,Нет амбициозных задач и проектов,3
522,quit,Токсичная атмосфера в команде,1
522,quit,Непонятные / неэтические решения руководства,2
522,quit,Нет амбициозных задач и проектов,3
523,quit,Отсутствие профессионального или технического развития,1
523,quit,Базовая зарплата не растет (каждый год),2
523,quit,Отмена удаленного / гибридного формат работы,3
524,quit,Базовая зарплата не растет (каждый год),1
524,quit,Финансовая нестабильность компании или сокращение персонала,2
524,quit,Отмена удаленного / гибридного формат работы,3
525,quit,Финансовая нестабильность компании или сокращение персонала,1
525,quit,Токсичная атмосфера в команде,2
525,quit,Отсутствие профессионального или технического развития,3
526,quit,Отсутствие карьерного роста (должность не меняется),1
526,quit,Базовая зарплата не растет (каждый год),2
526,quit,Смена руководства (компании / моего подразделения),3
527,quit,Базовая зарплата не растет (каждый год),1
527,quit,Отмена удаленного / гибридного формат работы,2
527,quit,Финансовая нестабильность компании или сокращение персонала,3
528,quit,Высокая бюрократия (сложные / медленные бизнес процессы),1
528,quit,Непонятные / неэтические решения руководства,2
528,quit,Отмена удаленного / гибридного формат работы,3
529,quit,Высокая бюрократия (сложные / медленные бизнес процессы),1
529,quit,Отсутствие профессионального или технического развития,2
529,quit,Непонятные / неэтические решения руководства,3
530,quit,Токсичная атмосфера в команде,1
530,quit,Финансовая нестабильность компании или сокращение персонала,2
530,quit,Отмена удаленного / гибридного формат работы,3
531,quit,Финансовая нестабильность компании или сокращение персонала,1
531,quit,Отмена удаленного / гибридного формат работы,2
531,quit,Токсичная атмосфера в команде,3
532,quit,Базовая зарплата не растет (каждый год),1
532,quit,Отсутствие профессионального или технического развития,2
532,quit,Отмена удаленного / гибридного формат работы,3
533,quit,Отсутствие карьерного роста (должность не меняется),1
533,quit,Базовая зарплата не растет (каждый год),2
533,quit,Отсутствие профессионального или технического развития,3
534,quit,Отмена удаленного / гибридного формат работы,1
534,quit,Токсичная атмосфера в команде,2
534,quit,Базовая зарплата не растет (каждый год),3
535,quit,Базовая зарплата не растет (каждый год),1
535,quit,Токсичная атмосфера в команде,2
535,quit,Отсутствие профессионального или технического развития,3
536,quit,Базовая зарплата не растет (каждый год),1
536,quit,Отсутствие карьерного роста (должность не меняется),2
536,quit,Отмена удаленного / гибридного формат работы,3
537,quit,Отмена удаленного / гибридного формат работы,1
537,quit,Непонятные / неэтические решения руководства,2
537,quit,Финансовая нестабильность компании или сокращение персонала,3
538,quit,Финансовая нестабильность компании или сокращение персонала,1
538,quit,Базовая зарплата не растет (каждый год),2
538,quit,Токсичная атмосфера в команде,3
539,quit,Отмена удаленного / гибридного формат работы,1
539,quit,Нет амбициозных задач и проектов,2
539,quit,Другое: финансовые проблемы компании,3
540,quit,Непонятные / неэтические решения руководства,1
540,quit,Токсичная атмосфера в команде,2
540,quit,Базовая зарплата не растет (каждый год),3
541,quit,Смена руководства (компании / моего подразделения),1
541,quit,Финансовая нестабильность компании или сокращение персонала,2
541,quit,Токсичная атмосфера в команде,3
542,quit,Отсутствие профессионального или технического развития,1
542,quit,Финансовая нестабильность компании или сокращение персонала,2
542,quit,Базовая зарплата не растет (каждый год),3
543,quit,Отмена удаленного / гибридного формат работы,1
543,quit,Финансовая нестабильность компании или сокращение персонала,2
543,quit,Отсутствие карьерного роста (должность не меняется),3
544,quit,Смена руководства (компании / моего подразделения),1
544,quit,Базовая зарплата не растет (каждый год),2
544,quit,Отмена удаленного / гибридного формат работы,3
545,quit,Непонятные / неэтические решения руководства,1
545,quit,Финансовая нестабильность компании или сокращение персонала,2
545,quit,Токсичная атмосфера в команде,3
546,quit,Отсутствие профессионального или технического развития,1
546,quit,Непонятные / неэтические решения руководства,2
546,quit,Финансовая нестабильность компании или сокращение персонала,3
547,quit,Токсичная атмосфера в команде,1
547,quit,Непонятные / неэтические решения руководства,2
547,quit,Финансовая нестабильность компании или сокращение персонала,3
548,quit,Базовая зарплата не растет (каждый год),1
548,quit,Отсутствие профессионального или технического развития,2
548,quit,Отсутствие карьерного роста (должность не меняется),3
549,quit,Ухудшение репутации компании на рынке,1
549,quit,Отсутствие профессионального или технического развития,2
549,quit,Токсичная атмосфера в команде,3
550,quit,Базовая зарплата не растет (каждый год),1
550,quit,Непонятные / неэтические решения руководства,2
550,quit,Финансовая нестабильность компании или сокращение персонала,3
551,quit,Отсутствие карьерного роста (должность не меняется),1
551,quit,Базовая зарплата не растет (каждый год),2
551,quit,Токсичная атмосфера в команде,3
552,quit,Токсичная атмосфера в команде,1
552,quit,Ухудшение репутации компании на рынке,2
552,quit,Финансовая нестабильность компании или сокращение персонала,3
553,quit,Отсутствие карьерного роста (должность не меняется),1
553,quit,Непонятные / неэтические решения руководства,2
553,quit,Базовая зарплата не растет (каждый год),3
554,quit,Базовая зарплата не растет (каждый год),1
554,quit,Отсутствие карьерного роста (должность не меняется),2
554,quit,Отсутствие профессионального или технического развития,3
555,quit,Токсичная атмосфера в команде,1
555,quit,Финансовая нестабильность компании или сокращение персонала,2
555,quit,Базовая зарплата не растет (каждый год),3
556,quit,Отмена удаленного / гибридного формат работы,1
556,quit,Высокая бюрократия (сложные / медленные бизнес процессы),2
556,quit,Базовая зарплата не растет (каждый год),3
557,quit,Высокая бюрократия (сложные / медленные бизнес процессы),1
557,quit,Отмена удаленного / гибридного формат работы,2
557,quit,Токсичная атмосфера в команде,3
558,quit,Отсутствие профессионального или технического развития,1
558,quit,Токсичная атмосфера в команде,2
558,quit,Ухудшение репутации компании на рынке,3
559,quit,Базовая зарплата не растет (каждый год),1
559,quit,Отсутствие карьерного роста (должность не меняется),2
559,quit,Непонятные / неэтические решения руководства,3
560,quit,Отсутствие профессионального или технического развития,1
560,quit,Базовая зарплата не растет (каждый год),2
560,quit,Отмена удаленного / гибридного формат работы,3
561,quit,Финансовая нестабильность компании или сокращение персонала,1
561,quit,Базовая зарплата не растет (каждый год),2
561,quit,Отсутствие профессионального или технического развития,3
562,quit,Токсичная атмосфера в команде,1
562,quit,Непонятные / неэтические решения руководства,2
562,quit,Финансовая нестабильность компании или сокращение персонала,3
563,quit,Отмена удаленного / гибридного формат работы,1
563,quit,Высокая бюрократия (сложные / медленные бизнес процессы),2
563,quit,Непонятные / неэтические решения руководства,3
564,quit,Базовая зарплата не растет (каждый год),1
564,quit,Отсутствие профессионального или технического развития,2
564,quit,Токсичная атмосфера в команде,3
565,quit,Токсичная атмосфера в команде,1
565,quit,Финансовая нестабильность компании или сокращение персонала,2
565,quit,Непонятные / неэтические решения руководства,3
566,quit,Отсутствие профессионального или технического развития,1
566,quit,Непонятные / неэтические решения руководства,2
566,quit,Базовая зарплата не растет (каждый год),3
567,quit,Непонятные / неэтические решения руководства,1
567,quit,Токсичная атмосфера в команде,2
567,quit,Высокая бюрократия (сложные / медленные бизнес процессы),3
568,quit,Финансовая нестабильность компании или сокращение персонала,1
568,quit,Непонятные / неэтические решения руководства,2
568,quit,Отсутствие профессионального или технического развития,3
569,quit,Отсутствие профессионального или технического развития,1
569,quit,Непонятные / неэтические решения руководства,2
569,quit,Токсичная атмосфера в команде,3
570,quit,Финансовая нестабильность компании или сокращение персонала,1
570,quit,Нет амбициозных задач и проектов,2
570,quit,Отсутствие профессионального или технического развития,3
571,quit,Базовая зарплата не растет (каждый год),1
571,quit,Ухудшение репутации компании на рынке,2
571,quit,Непонятные / неэтические решения руководства,3
572,quit,Базовая зарплата не растет (каждый год),1
572,quit,Токсичная атмосфера в команде,2
572,quit,Отсутствие профессионального или технического развития,3
573,quit,Ухудшение репутации компании на рынке,1
573,quit,Финансовая нестабильность компании или сокращение персонала,2
573,quit,Нет амбициозных задач и проектов,3
574,quit,Базовая зарплата не растет (каждый год),1
574,quit,Непонятные / неэтические решения руководства,2
574,quit,Токсичная атмосфера в команде,3
575,quit,Базовая зарплата не растет (каждый год),1
575,quit,Токсичная атмосфера в команде,2
575,quit,Непонятные / неэтические решения руководства,3
576,quit,Токсичная атмосфера в команде,1
576,quit,Отсутствие профессионального или технического развития,2
576,quit,Непонятные / неэтические решения руководства,3
577,quit,Отмена удаленного / гибридного формат работы,1
577,quit,Непонятные / неэтические решения руководства,2
577,quit,Базовая зарплата не растет (каждый год),3
578,quit,Непонятные / неэтические решения руководства,1
578,quit,Высокая бюрократия (сложные / медленные бизнес процессы),2
578,quit,Базовая зарплата не растет (каждый год),3
579,quit,Токсичная атмосфера в команде,1
579,quit,Базовая зарплата не растет (каждый год),2
579,quit,Отсутствие профессионального или технического развития,3
580,quit,Высокая бюрократия (сложные / медленные бизнес процессы),1
580,quit,Базовая зарплата не растет (каждый год),2
580,quit,Отсутствие профессионального или технического развития,3
581,quit,Высокая бюрократия (сложные / медленные бизнес процессы),1
581,quit,Ухудшение репутации компании на рынке,2
581,quit,Отсутствие карьерного роста (должность не меняется),3
582,quit,Отсутствие карьерного роста (должность не меняется),1
582,quit,Непонятные / неэтические решения руководства,2
582,quit,Финансовая нестабильность компании или сокращение персонала,3
583,quit,Базовая зарплата не растет (каждый год),1
583,quit,Ухудшение репутации компании на рынке,2
583,quit,Непонятные / неэтические решения руководства,3
584,quit,Отсутствие карьерного роста (должность не меняется),1
584,quit,Финансовая нестабильность компании или сокращение персонала,2
584,quit,Нет амбициозных задач и проектов,3
585,quit,Токсичная атмосфера в команде,1
585,quit,Финансовая нестабильность компании или сокращение персонала,2
585,quit,Непонятные / неэтические решения руководства,3
586,quit,Отсутствие профессионального или технического развития,1
586,quit,Токсичная атмосфера в команде,2
586,quit,Непонятные / неэтические решения руководства,3
587,quit,Финансовая нестабильность компании или сокращение персонала,1
587,quit,Отсутствие профессионального или технического развития,2
587,quit,Отсутствие карьерного роста (должность не меняется),3
588,quit,Отсутствие профессионального или технического развития,1
588,quit,Токсичная атмосфера в команде,2
588,quit,Нет амбициозных задач и проектов,3
589,quit,Непонятные / неэтические решения руководства,1
589,quit,Отсутствие карьерного роста (должность не меняется),2
589,quit,Базовая зарплата не растет (каждый год),3
590,quit,Отсутствие профессионального или технического развития,1
590,quit,Финансовая нестабильность компании или сокращение персонала,2
590,quit,Непонятные / неэтические решения руководства,3
591,quit,Ухудшение репутации компании на рынке,1
591,quit,Базовая зарплата не растет (каждый год),2
591,quit,Финансовая нестабильность компании или сокращение персонала,3
592,quit,Токсичная атмосфера в команде,1
592,quit,Нет амбициозных задач и проектов,2
592,quit,Финансовая нестабильность компании или сокращение персонала,3
593,quit,Токсичная атмосфера в команде,1
593,quit,Отмена удаленного / гибридного формат работы,2
593,quit,Базовая зарплата не растет (каждый год),3
594,quit,Финансовая нестабильность компании или сокращение персонала,1
594,quit,Смена руководства (компании / моего подразделения),2
594,quit,Непонятные / неэтические решения руководства,3
595,quit,Финансовая нестабильность компании или сокращение персонала,1
595,quit,Отсутствие профессионального или технического развития,2
595,quit,Непонятные / неэтические решения руководства,3
596,quit,Финансовая нестабильность компании или сокращение персонала,1
596,quit,Непонятные / неэтические решения руководства,2
596,quit,Токсичная атмосфера в команде,3
597,quit,Токсичная атмосфера в команде,1
597,quit,Непонятные / неэтические решения руководства,2
597,quit,Базовая зарплата не растет (каждый год),3
598,quit,Отсутствие карьерного роста (должность не меняется),1
598,quit,Высокая бюрократия (сложные / медленные бизнес процессы),2
598,quit,Нет амбициозных задач и проектов,3
599,quit,Финансовая нестабильность компании или сокращение персонала,1
599,quit,Непонятные / неэтические решения руководства,2
599,quit,Нет амбициозных задач и проектов,3
600,quit,Базовая зарплата не растет (каждый год),1
600,quit,Отсутствие карьерного роста (должность не меняется),2
600,quit,Финансовая нестабильность компании или сокращение персонала,3
601,quit,Высокая бюрократия (сложные / медленные бизнес процессы),1
601,quit,Непонятные / неэтические решения руководства,2
601,quit,Отсутствие карьерного роста (должность не меняется),3
602,quit,Отсутствие карьерного роста (должность не меняется),1
602,quit,Базовая зарплата не растет (каждый год),2
602,quit,Непонятные / неэтические решения руководства,3
603,quit,Отсутствие профессионального или технического развития,1
603,quit,Токсичная атмосфера в команде,2
603,quit,Финансовая нестабильность компании или сокращение персонала,3
604,quit,Непонятные / неэтические решения руководства,1
604,quit,Отмена удаленного / гибридного формат работы,2
604,quit,Токсичная атмосфера в команде,3
605,quit,Базовая зарплата не растет (каждый год),1
605,quit,Отсутствие карьерного роста (должность не меняется),2
605,quit,Финансовая нестабильность компании или сокращение персонала,3
606,quit,Базовая зарплата не растет (каждый год),1
606,quit,Токсичная атмосфера в команде,2
606,quit,Нет амбициозных задач и проектов,3
607,quit,Токсичная атмосфера в команде,1
607,quit,Отмена удаленного / гибридного формат работы,2
607,quit,Финансовая нестабильность компании или сокращение персонала,3
608,quit,Отсутствие профессионального или технического развития,1
608,quit,Отсутствие карьерного роста (должность не меняется),2
608,quit,Нет амбициозных задач и проектов,3
609,quit,Непонятные / неэтические решения руководства,1
609,quit,Токсичная атмосфера в команде,2
609,quit,Отсутствие профессионального или технического развития,3
610,quit,Базовая зарплата не растет (каждый год),1
610,quit,Отмена удаленного / гибридного формат работы,2
610,quit,Отсутствие профессионального или технического развития,3
611,quit,Токсичная атмосфера в команде,1
611,quit,Отмена удаленного / гибридного формат работы,2
611,quit,Отсутствие профессионального или технического развития,3
612,quit,Высокая бюрократия (сложные / медленные бизнес процессы),1
612,quit,Базовая зарплата не растет (каждый год),2
612,quit,Отсутствие карьерного роста (должность не меняется),3
613,quit,Токсичная атмосфера в команде,1
613,quit,Высокая бюрократия (сложные / медленные бизнес процессы),2
613,quit,Непонятные / неэтические решения руководства,3
614,quit,Отсутствие карьерного роста (должность не меняется),1
614,quit,Нет амбициозных задач и проектов,2
614,quit,Высокая бюрократия (сложные / медленные бизнес процессы),3
615,quit,Базовая зарплата не растет (каждый год),1
615,quit,Смена руководства (компании / моего подразделения),2
615,quit,Отсутствие профессионального или технического развития,3
616,quit,Ухудшение репутации компании на рынке,1
616,quit,Финансовая нестабильность компании или сокращение персонала,2
616,quit,Непонятные / неэтические решения руководства,3
617,quit,Токсичная атмосфера в команде,1
617,quit,Высокая бюрократия (сложные / медленные бизнес процессы),2
617,quit,Отсутствие профессионального или технического развития,3
618,quit,Отсутствие профессионального или технического развития,1
618,quit,Токсичная атмосфера в команде,2
618,quit,Базовая зарплата не растет (каждый год),3
619,quit,Токсичная атмосфера в команде,1
619,quit,Отсутствие профессионального или технического развития,2
619,quit,Нет амбициозных задач и проектов,3
620,quit,Нет амбициозных задач и проектов,1
620,quit,Токсичная атмосфера в команде,2
620,quit,Отсутствие карьерного роста (должность не меняется),3
621,quit,Базовая зарплата не растет (каждый год),1
621,quit,Нет амбициозных задач и проектов,2
621,quit,Токсичная атмосфера в команде,3
622,quit,Токсичная атмосфера в команде,1
622,quit,Ухудшение репутации компании на рынке,2
622,quit,Базовая зарплата не растет (каждый год),3
623,quit,Непонятные / неэтические решения руководства,1
623,quit,Отсутствие профессионального или технического развития,2
623,quit,Базовая зарплата не растет (каждый год),3
624,quit,Базовая зарплата не растет (каждый год),1
624,quit,Отсутствие карьерного роста (должность не меняется),2
624,quit,Финансовая нестабильность компании или сокращение персонала,3
625,quit,Финансовая нестабильность компании или сокращение персонала,1
625,quit,Отсутствие карьерного роста (должность не меняется),2
625,quit,Базовая зарплата не растет (каждый год),3
626,quit,Непонятные / неэтические решения руководства,1
626,quit,Отсутствие профессионального или технического развития,2
626,quit,Отсутствие карьерного роста (должность не меняется),3
627,quit,Отмена удаленного / гибридного формат работы,1
627,quit,Отсутствие карьерного роста (должность не меняется),2
627,quit,Непонятные / неэтические решения руководства,3
628,quit,Непонятные / неэтические решения руководства,1
628,quit,Нет амбициозных задач и проектов,2
628,quit,Токсичная атмосфера в команде,3
629,quit,Финансовая нестабильность компании или сокращение персонала,1
629,quit,Непонятные / неэтические решения руководства,2
629,quit,Токсичная атмосфера в команде,3
630,quit,Базовая зарплата не растет (каждый год),1
630,quit,Токсичная атмосфера в команде,2
630,quit,Нет амбициозных задач и проектов,3
631,quit,Базовая зарплата не растет (каждый год),1
631,quit,Финансовая нестабильность компании или сокращение персонала,2
631,quit,Непонятные / неэтические решения руководства,3
632,quit,Отсутствие профессионального или технического развития,1
632,quit,Базовая зарплата не растет (каждый год),2
632,quit,Токсичная атмосфера в команде,3
633,quit,Базовая зарплата не растет (каждый год),1
633,quit,Высокая бюрократия (сложные / медленные бизнес процессы),2
633,quit,Непонятные / неэтические решения руководства,3
634,quit,Токсичная атмосфера в команде,1
634,quit,Отсутствие профессионального или технического развития,2
634,quit,Высокая бюрократия (сложные / медленные бизнес процессы),3
635,quit,Отсутствие карьерного роста (должность не меняется),1
635,quit,Отсутствие профессионального или технического развития,2
635,quit,Непонятные / неэтические решения руководства,3
636,quit,Токсичная атмосфера в команде,1
636,quit,Отмена удаленного / гибридного формат работы,2
636,quit,Базовая зарплата не растет (каждый год),3
637,quit,Базовая зарплата не растет (каждый год),1
637,quit,Отсутствие профессионального или технического развития,2
637,quit,Высокая бюрократия (сложные / медленные бизнес процессы),3
638,quit,Непонятные / неэтические решения руководства,1
638,quit,Токсичная атмосфера в команде,2
638,quit,Финансовая нестабильность компании или сокращение персонала,3
639,quit,Отсутствие карьерного роста (должность не меняется),1
639,quit,Базовая зарплата не растет (каждый год),2
639,quit,Непонятные / неэтические решения руководства,3
640,quit,Базовая зарплата не растет (каждый год),1
640,quit,Непонятные / неэтические решения руководства,2
640,quit,Токсичная атмосфера в команде,3
641,quit,Токсичная атмосфера в команде,1
641,quit,Нет амбициозных задач и проектов,2
641,quit,Отсутствие карьерного роста (должность не меняется),3
642,quit,Базовая зарплата не растет (каждый год),1
642,quit,Отсутствие карьерного роста (должность не меняется),2
642,quit,Высокая бюрократия (сложные / медленные бизнес процессы),3
643,quit,Непонятные / неэтические решения руководства,1
643,quit,Базовая зарплата не растет (каждый год),2
643,quit,Финансовая нестабильность компании или сокращение персонала,3
644,quit,Токсичная атмосфера в команде,1
644,quit,Нет амбициозных задач и проектов,2
644,quit,Базовая зарплата не растет (каждый год),3
645,quit,Непонятные / неэтические решения руководства,1
645,quit,Ухудшение репутации компании на рынке,2
645,quit,Базовая зарплата не растет (каждый год),3
646,quit,Отсутствие профессионального или технического развития,1
646,quit,Базовая зарплата не растет (каждый год),2
646,quit,Непонятные / неэтические решения руководства,3
647,quit,Базовая зарплата не растет (каждый год),1
647,quit,Токсичная атмосфера в команде,2
647,quit,Финансовая нестабильность компании или сокращение персонала,3
648,quit,Непонятные / неэтические решения руководства,1
648,quit,Финансовая нестабильность компании или сокращение персонала,2
648,quit,Отсутствие карьерного роста (должность не меняется),3
649,quit,Финансовая нестабильность компании или сокращение персонала,1
649,quit,Базовая зарплата не растет (каждый год),2
649,quit,Токсичная атмосфера в команде,3
650,quit,Отсутствие карьерного роста (должность не меняется),1
650,quit,Отсутствие профессионального или технического развития,2
650,quit,Токсичная атмосфера в команде,3
651,quit,Смена руководства (компании / моего подразделения),1
651,quit,Базовая зарплата не растет (каждый год),2
651,quit,Высокая бюрократия (сложные / медленные бизнес процессы),3
652,quit,Отмена удаленного / гибридного формат работы,1
652,quit,Высокая бюрократия (сложные / медленные бизнес процессы),2
652,quit,Непонятные / неэтические решения руководства,3
653,quit,Базовая зарплата не растет (каждый год),1
653,quit,Финансовая нестабильность компании или сокращение персонала,2
653,quit,Ухудшение репутации компании на рынке,3
654,quit,Смена руководства (компании / моего подразделения),1
654,quit,Непонятные / неэтические решения руководства,2
654,quit,Высокая бюрократия (сложные / медленные бизнес процессы),3
655,quit,Токсичная атмосфера в команде,1
655,quit,Отсутствие профессионального или технического развития,2
655,quit,Непонятные / неэтические решения руководства,3
656,quit,Базовая зарплата не растет (каждый год),1
656,quit,Финансовая нестабильность компании или сокращение персонала,2
656,quit,Отсутствие карьерного роста (должность не меняется),3
657,quit,Высокая бюрократия (сложные / медленные бизнес процессы),1
657,quit,Токсичная атмосфера в команде,2
657,quit,Отмена удаленного / гибридного формат работы,3
658,quit,Отмена удаленного / гибридного формат работы,1
658,quit,Финансовая нестабильность компании или сокращение персонала,2
658,quit,Базовая зарплата не растет (каждый год),3
659,quit,Базовая зарплата не растет (каждый год),1
659,quit,Финансовая нестабильность компании или сокращение персонала,2
659,quit,Непонятные / неэтические решения руководства,3
660,quit,Отсутствие карьерного роста (должность не меняется),1
660,quit,Токсичная атмосфера в команде,2
660,quit,Отсутствие профессионального или технического развития,3
661,quit,Отсутствие карьерного роста (должность не меняется),1
661,quit,Нет амбициозных задач и проектов,2
661,quit,Высокая бюрократия (сложные / медленные бизнес процессы),3
662,quit,Финансовая нестабильность компании или сокращение персонала,1
662,quit,Базовая зарплата не растет (каждый год),2
662,quit,Токсичная атмосфера в команде,3
663,quit,Токсичная атмосфера в команде,1
663,quit,Отсутствие карьерного роста (должность не меняется),2
663,quit,Отсутствие профессионального или технического развития,3
664,quit,Базовая зарплата не растет (каждый год),1
664,quit,Непонятные / неэтические решения руководства,2
664,quit,Финансовая нестабильность компании или сокращение персонала,3
665,quit,Отмена удаленного / гибридного формат работы,1
665,quit,Высокая бюрократия (сложные / медленные бизнес процессы),2
665,quit,Базовая зарплата не растет (каждый год),3
666,quit,Непонятные / неэтические решения руководства,1
666,quit,Базовая зарплата не растет (каждый год),2
666,quit,Финансовая нестабильность компании или сокращение персонала,3
667,quit,Финансовая нестабильность компании или сокращение персонала,1
667,quit,Непонятные / неэтические решения руководства,2
667,quit,Отсутствие профессионального или технического развития,3
668,quit,Отсутствие профессионального или технического развития,1
668,quit,Финансовая нестабильность компании или сокращение персонала,2
668,quit,Токсичная атмосфера в команде,3
669,quit,Финансовая нестабильность компании или сокращение персонала,1
669,quit,Непонятные / неэтические решения руководства,2
669,quit,Базовая зарплата не растет (каждый год),3
670,quit,Токсичная атмосфера в команде,1
670,quit,Высокая бюрократия (сложные / медленные бизнес процессы),2
670,quit,Непонятные / неэтические решения руководства,3
671,quit,Отсутствие профессионального или технического развития,1
671,quit,Базовая зарплата не растет (каждый год),2
671,quit,Финансовая нестабильность компании или сокращение персонала,3
672,quit,Базовая зарплата не растет (каждый год),1
672,quit,Отсутствие карьерного роста (должность не меняется),2
672,quit,Непонятные / неэтические решения руководства,3
673,quit,Смена руководства (компании / моего подразделения),1
673,quit,Отмена удаленного / гибридного формат работы,2
673,quit,Базовая зарплата не растет (каждый год),3
674,quit,Смена руководства (компании / моего подразделения),1
674,quit,Базовая зарплата не растет (каждый год),2
674,quit,Отмена удаленного / гибридного формат работы,3
675,quit,Базовая зарплата не растет (каждый год),1
675,quit,Отсутствие профессионального или технического развития,2
675,quit,Высокая бюрократия (сложные / медленные бизнес процессы),3
676,quit,Токсичная атмосфера в команде,1
676,quit,Отсутствие профессионального или технического развития,2
676,quit,Непонятные / неэтические решения руководства,3
677,quit,Базовая зарплата не растет (каждый год),1
677,quit,Финансовая нестабильность компании или сокращение персонала,2
677,quit,Отмена удаленного / гибридного формат работы,3
678,quit,Отмена удаленного / гибридного формат работы,1
678,quit,Непонятные / неэтические решения руководства,2
678,quit,Базовая зарплата не растет (каждый год),3
679,quit,Базовая зарплата не растет (каждый год),1
679,quit,Нет амбициозных задач и проектов,2
679,quit,Токсичная атмосфера в команде,3
680,quit,Непонятные / неэтические решения руководства,1
680,quit,Базовая зарплата не растет (каждый год),2
680,quit,Отсутствие карьерного роста (должность не меняется),3
681,quit,Токсичная атмосфера в команде,1
681,quit,Базовая зарплата не растет (каждый год),2
681,quit,Непонятные / неэтические решения руководства,3
682,quit,Базовая зарплата не растет (каждый год),1
682,quit,Смена руководства (компании / моего подразделения),2
682,quit,Отмена удаленного / гибридного формат работы,3
683,quit,Отсутствие профессионального или технического развития,1
683,quit,Токсичная атмосфера в команде,2
683,quit,Непонятные / неэтические решения руководства,3
684,quit,Токсичная атмосфера в команде,1
684,quit,Высокая бюрократия (сложные / медленные бизнес процессы),2
684,quit,Непонятные / неэтические решения руководства,3
685,quit,Отмена удаленного / гибридного формат работы,1
685,quit,Непонятные / неэтические решения руководства,2
685,quit,Финансовая нестабильность компании или сокращение персонала,3
686,quit,Отсутствие карьерного роста (должность не меняется),1
686,quit,Токсичная атмосфера в команде,2
686,quit,Отсутствие профессионального или технического развития,3
687,quit,Высокая бюрократия (сложные / медленные бизнес процессы),1
687,quit,Токсичная атмосфера в команде,2
687,quit,Отсутствие карьерного роста (должность не меняется),3
688,quit,Нет амбициозных задач и проектов,1
688,quit,Токсичная атмосфера в команде,2
688,quit,Отсутствие профессионального или технического развития,3
689,quit,Базовая зарплата не растет (каждый год),1
689,quit,Отсутствие профессионального или технического развития,2
689,quit,Отмена удаленного / гибридного формат работы,3
690,quit,Отсутствие карьерного роста (должность не меняется),1
690,quit,Токсичная атмосфера в команде,2
690,quit,Базовая зарплата не растет (каждый год),3
691,quit,Токсичная атмосфера в команде,1
691,quit,Высокая бюрократия (сложные / медленные бизнес процессы),2
691,quit,Базовая зарплата не растет (каждый год),3
692,quit,Отсутствие карьерного роста (должность не меняется),1
692,quit,Базовая зарплата не растет (каждый год),2
692,quit,Токсичная атмосфера в команде,3
693,quit,Отсутствие профессионального или технического развития,1
693,quit,Токсичная атмосфера в команде,2
693,quit,Базовая зарплата не растет (каждый год),3
694,quit,Финансовая нестабильность компании или сокращение персонала,1
694,quit,Непонятные / неэтические решения руководства,2
694,quit,Отмена удаленного / гибридного формат работы,3
695,quit,Базовая зарплата не растет (каждый год),1
695,quit,Финансовая нестабильность компании или сокращение персонала,2
695,quit,Высокая бюрократия (сложные / медленные бизнес процессы),3
696,quit,Непонятные / неэтические решения руководства,1
696,quit,Токсичная атмосфера в команде,2
696,quit,Отсутствие профессионального или технического развития,3
697,quit,Отсутствие карьерного роста (должность не меняется),1
697,quit,Финансовая нестабильность компании или сокращение персонала,2
697,quit,Непонятные / неэтические решения руководства,3
698,quit,Нет амбициозных задач и проектов,1
698,quit,Базовая зарплата не растет (каждый год),2
698,quit,Непонятные / неэтические решения руководства,3
699,quit,Базовая зарплата не растет (каждый год),1
699,quit,Высокая бюрократия (сложные / медленные бизнес процессы),2
699,quit,Токсичная атмосфера в команде,3
700,quit,Базовая зарплата не растет (каждый год),1
700,quit,Непонятные / неэтические решения руководства,2
700,quit,Финансовая нестабильность компании или сокращение персонала,3
701,quit,Отмена удаленного / гибридного формат работы,1
701,quit,Непонятные / неэтические решения руководства,2
701,quit,Токсичная атмосфера в команде,3
702,quit,Токсичная атмосфера в команде,1
702,quit,Непонятные / неэтические решения руководства,2
702,quit,Финансовая нестабильность компании или сокращение персонала,3
703,quit,Базовая зарплата не растет (каждый год),1
703,quit,Токсичная атмосфера в команде,2
703,quit,Непонятные / неэтические решения руководства,3
704,quit,Отсутствие карьерного роста (должность не меняется),1
704,quit,Токсичная атмосфера в команде,2
704,quit,Нет амбициозных задач и проектов,3
705,quit,Высокая бюрократия (сложные / медленные бизнес процессы),1
705,quit,Отсутствие карьерного роста (должность не меняется),2
705,quit,Отсутствие профессионального или технического развития,3
706,quit,Финансовая нестабильность компании или сокращение персонала,1
706,quit,Базовая зарплата не растет (каждый год),2
706,quit,Отсутствие профессионального или технического развития,3
707,quit,Токсичная атмосфера в команде,1
707,quit,Непонятные / неэтические решения руководства,2
707,quit,Высокая бюрократия (сложные / медленные бизнес процессы),3
708,quit,Непонятные / неэтические решения руководства,1
708,quit,Высокая бюрократия (сложные / медленные бизнес процессы),2
708,quit,Финансовая нестабильность компании или сокращение персонала,3
709,quit,Отмена удаленного / гибридного формат работы,1
709,quit,Токсичная атмосфера в команде,2
709,quit,Финансовая нестабильность компании или сокращение персонала,3
710,quit,Токсичная атмосфера в команде,1
710,quit,Ухудшение репутации компании на рынке,2
710,quit,Непонятные / неэтические решения руководства,3
711,quit,Токсичная атмосфера в команде,1
711,quit,Высокая бюрократия (сложные / медленные бизнес процессы),2
711,quit,Отсутствие карьерного роста (должность не меняется),3
712,quit,Токсичная атмосфера в команде,1
712,quit,Отсутствие карьерного роста (должность не меняется),2
712,quit,Базовая зарплата не растет (каждый год),3
713,quit,Базовая зарплата не растет (каждый год),1
713,quit,Токсичная атмосфера в команде,2
713,quit,Отсутствие карьерного роста (должность не меняется),3
714,quit,Базовая зарплата не растет (каждый год),1
714,quit,Отсутствие профессионального или технического развития,2
714,quit,Финансовая нестабильность компании или сокращение персонала,3
715,quit,Базовая зарплата не растет (каждый год),1
715,quit,Финансовая нестабильность компании или сокращение персонала,2
715,quit,Высокая бюрократия (сложные / медленные бизнес процессы),3
716,quit,Финансовая нестабильность компании или сокращение персонала,1
716,quit,Базовая зарплата не растет (каждый год),2
716,quit,Непонятные / неэтические решения руководства,3
717,quit,Базовая зарплата не растет (каждый год),1
717,quit,Токсичная атмосфера в команде,2
717,quit,Непонятные / неэтические решения руководства,3
718,quit,Ухудшение репутации компании на рынке,1
718,quit,Высокая бюрократия (сложные / медленные бизнес процессы),2
718,quit,Смена руководства (компании / моего подразделения),3
719,quit,Отсутствие карьерного роста (должность не меняется),1
719,quit,Непонятные / неэтические решения руководства,2
719,quit,Отмена удаленного / гибридного формат работы,3
720,quit,Отсутствие карьерного роста (должность не меняется),1
720,quit,Финансовая нестабильность компании или сокращение персонала,2
720,quit,Базовая зарплата не растет (каждый год),3
721,quit,Ухудшение репутации компании на рынке,1
721,quit,Финансовая нестабильность компании или сокращение персонала,2
721,quit,Отсутствие карьерного роста (должность не меняется),3
722,quit,Финансовая нестабильность компании или сокращение персонала,1
722,quit,Непонятные / неэтические решения руководства,2
722,quit,Высокая бюрократия (сложные / медленные бизнес процессы),3
723,quit,Нет амбициозных задач и проектов,1
723,quit,Токсичная атмосфера в команде,2
723,quit,Отсутствие профессионального или технического развития,3
724,quit,Отсутствие карьерного роста (должность не меняется),1
724,quit,Непонятные / неэтические решения руководства,2
724,quit,Токсичная атмосфера в команде,3
725,quit,Базовая зарплата не растет (каждый год),1
725,quit,Финансовая нестабильность компании или сокращение персонала,2
725,quit,Токсичная атмосфера в команде,3
726,quit,Ухудшение репутации компании на рынке,1
726,quit,Нет амбициозных задач и проектов,2
726,quit,Базовая зарплата не растет (каждый год),3
727,quit,Токсичная атмосфера в команде,1
727,quit,Отмена удаленного / гибридного формат работы,2
727,quit,Высокая бюрократия (сложные / медленные бизнес процессы),3
728,quit,Базовая зарплата не растет (каждый год),1
728,quit,Отсутствие карьерного роста (должность не меняется),2
728,quit,Отмена удаленного / гибридного формат работы,3
729,quit,Отмена удаленного / гибридного формат работы,1
729,quit,Нет амбициозных задач и проектов,2
729,quit,Непонятные / неэтические решения руководства,3
730,quit,Непонятные / неэтические решения руководства,1
730,quit,Токсичная атмосфера в команде,2
730,quit,Отсутствие профессионального или технического развития,3
731,quit,Базовая зарплата не растет (каждый год),1
731,quit,Отсутствие карьерного роста (должность не меняется),2
731,quit,Отсутствие профессионального или технического развития,3
732,quit,Базовая зарплата не растет (каждый год),1
732,quit,Токсичная атмосфера в команде,2
732,quit,Непонятные / неэтические решения руководства,3
733,quit,Базовая зарплата не растет (каждый год),1
733,quit,Финансовая нестабильность компании или сокращение персонала,2
733,quit,Ухудшение репутации компании на рынке,3
734,quit,Ухудшение репутации компании на рынке,1
734,quit,Нет амбициозных задач и проектов,2
734,quit,Отсутствие карьерного роста (должность не меняется),3
735,quit,Финансовая нестабильность компании или сокращение персонала,1
735,quit,Токсичная атмосфера в команде,2
735,quit,Отсутствие профессионального или технического развития,3
736,quit,Высокая бюрократия (сложные / медленные бизнес процессы),1
736,quit,Базовая зарплата не растет (каждый год),2
736,quit,Токсичная атмосфера в команде,3
737,quit,Высокая бюрократия (сложные / медленные бизнес процессы),1
737,quit,Отсутствие профессионального или технического развития,2
737,quit,Токсичная атмосфера в команде,3
738,quit,Базовая зарплата не растет (каждый год),1
738,quit,Отсутствие карьерного роста (должность не меняется),2
738,quit,Токсичная атмосфера в команде,3
739,quit,Отсутствие профессионального или технического развития,1
739,quit,Нет амбициозных задач и проектов,2
739,quit,Другое: Невосприятие работ перед акционерами,3
740,quit,Непонятные / неэтические решения руководства,1
740,quit,Токсичная атмосфера в команде,2
740,quit,Высокая бюрократия (сложные / медленные бизнес процессы),3
741,quit,Отсутствие профессионального или технического развития,1
741,quit,Базовая зарплата не растет (каждый год),2
741,quit,Финансовая нестабильность компании или сокращение персонала,3
742,quit,Отсутствие карьерного роста (должность не меняется),1
742,quit,Финансовая нестабильность компании или сокращение персонала,2
742,quit,Токсичная атмосфера в команде,3
743,quit,Финансовая нестабильность компании или сокращение персонала,1
743,quit,Отсутствие карьерного роста (должность не меняется),2
743,quit,Токсичная атмосфера в команде,3
744,quit,Базовая зарплата не растет (каждый год),1
744,quit,Токсичная атмосфера в команде,2
744,quit,Отмена удаленного / гибридного формат работы,3
745,quit,Токсичная атмосфера в команде,1
745,quit,Высокая бюрократия (сложные / медленные бизнес процессы),2
745,quit,Базовая зарплата не растет (каждый год),3
746,quit,Отсутствие профессионального или технического развития,1
746,quit,Отмена удаленного / гибридного формат работы,2
746,quit,Базовая зарплата не растет (каждый год),3
747,quit,Высокая бюрократия (сложные / медленные бизнес процессы),1
747,quit,Финансовая нестабильность компании или сокращение персонала,2
747,quit,Базовая зарплата не растет (каждый год),3
748,quit,Базовая зарплата не растет (каждый год),1
748,quit,Непонятные / неэтические решения руководства,2
748,quit,Отсутствие карьерного роста (должность не меняется),3
749,quit,Смена руководства (компании / моего подразделения),1
749,quit,Финансовая нестабильность компании или сокращение персонала,2
749,quit,Отсутствие профессионального или технического развития,3
750,quit,Финансовая нестабильность компании или сокращение персонала,1
750,quit,Отсутствие профессионального или технического развития,2
750,quit,Токсичная атмосфера в команде,3
751,quit,Непонятные / неэтические решения руководства,1
751,quit,Базовая зарплата не растет (каждый год),2
751,quit,Финансовая нестабильность компании или сокращение персонала,3
752,quit,Непонятные / неэтические решения руководства,1
752,quit,Токсичная атмосфера в команде,2
752,quit,Финансовая нестабильность компании или сокращение персонала,3
753,quit,Токсичная атмосфера в команде,1
753,quit,Отсутствие карьерного роста (должность не меняется),2
753,quit,Высокая бюрократия (сложные / медленные бизнес процессы),3
754,quit,Финансовая нестабильность компании или сокращение персонала,1
754,quit,Базовая зарплата не растет (каждый год),2
754,quit,Высокая бюрократия (сложные / медленные бизнес процессы),3
755,quit,Финансовая нестабильность компании или сокращение персонала,1
755,quit,Токсичная атмосфера в команде,2
755,quit,Базовая зарплата не растет (каждый год),3
756,quit,Базовая зарплата не растет (каждый год),1
756,quit,Финансовая нестабильность компании или сокращение персонала,2
756,quit,Отсутствие профессионального или технического развития,3
757,quit,Финансовая нестабильность компании или сокращение персонала,1
757,quit,Базовая зарплата не растет (каждый год),2
757,quit,Непонятные / неэтические решения руководства,3
758,quit,Отмена удаленного / гибридного формат работы,1
758,quit,Отсутствие профессионального или технического развития,2
758,quit,Базовая зарплата не растет (каждый год),3
759,quit,Базовая зарплата не растет (каждый год),1
759,quit,Финансовая нестабильность компании или сокращение персонала,2
759,quit,Непонятные / неэтические решения руководства,3
760,quit,Токсичная атмосфера в команде,1
760,quit,Отмена удаленного / гибридного формат работы,2
760,quit,Высокая бюрократия (сложные / медленные бизнес процессы),3
761,quit,Базовая зарплата не растет (каждый год),1
761,quit,Отсутствие карьерного роста (должность не меняется),2
761,quit,Токсичная атмосфера в команде,3
762,quit,Базовая зарплата не растет (каждый год),1
762,quit,Высокая бюрократия (сложные / медленные бизнес процессы),2
762,quit,Токсичная атмосфера в команде,3
763,quit,Отмена удаленного / гибридного формат работы,1
763,quit,Базовая зарплата не растет (каждый год),2
763,quit,Отсутствие карьерного роста (должность не меняется),3
764,quit,Финансовая нестабильность компании или сокращение персонала,1
764,quit,Токсичная атмосфера в команде,2
764,quit,Отсутствие профессионального или технического развития,3
765,quit,Отмена удаленного / гибридного формат работы,1
765,quit,Токсичная атмосфера в команде,2
765,quit,Финансовая нестабильность компании или сокращение персонала,3
766,quit,Финансовая нестабильность компании или сокращение персонала,1
766,quit,Токсичная атмосфера в команде,2
766,quit,Высокая бюрократия (сложные / медленные бизнес процессы),3
767,quit,Базовая зарплата не растет (каждый год),1
767,quit,Высокая бюрократия (сложные / медленные бизнес процессы),2
767,quit,Финансовая нестабильность компании или сокращение персонала,3
768,quit,Смена руководства (компании / моего подразделения),1
768,quit,Непонятные / неэтические решения руководства,2
768,quit,Отмена удаленного / гибридного формат работы,3
769,quit,Базовая зарплата не растет (каждый год),1
769,quit,Непонятные / неэтические решения руководства,2
769,quit,Отмена удаленного / гибридного формат работы,3
770,quit,Базовая зарплата не растет (каждый год),1
770,quit,Токсичная атмосфера в команде,2
770,quit,Финансовая нестабильность компании или сокращение персонала,3
771,quit,Финансовая нестабильность компании или сокращение персонала,1
771,quit,Непонятные / неэтические решения руководства,2
771,quit,Отсутствие профессионального или технического развития,3
772,quit,Отсутствие карьерного роста (должность не меняется),1
772,quit,Токсичная атмосфера в команде,2
772,quit,Непонятные / неэтические решения руководства,3
773,quit,Отсутствие карьерного роста (должность не меняется),1
773,quit,Базовая зарплата не растет (каждый год),2
773,quit,Финансовая нестабильность компании или сокращение персонала,3
774,quit,Токсичная атмосфера в команде,1
774,quit,Базовая зарплата не растет (каждый год),2
774,quit,Непонятные / неэтические решения руководства,3
775,quit,Непонятные / неэтические решения руководства,1
775,quit,Токсичная атмосфера в команде,2
775,quit,Финансовая нестабильность компании или сокращение персонала,3
776,quit,Отсутствие карьерного роста (должность не меняется),1
776,quit,Базовая зарплата не растет (каждый год),2
776,quit,Отсутствие профессионального или технического развития,3
777,quit,Базовая зарплата не растет (каждый год),1
777,quit,Токсичная атмосфера в команде,2
777,quit,Непонятные / неэтические решения руководства,3
778,quit,Отсутствие карьерного роста (должность не меняется),1
778,quit,Финансовая нестабильность компании или сокращение персонала,2
778,quit,Отсутствие профессионального или технического развития,3
779,quit,Базовая зарплата не растет (каждый год),1
779,quit,Токсичная атмосфера в команде,2
779,quit,Отмена удаленного / гибридного формат работы,3
780,quit,Токсичная атмосфера в команде,1
780,quit,Непонятные / неэтические решения руководства,2
780,quit,Ухудшение репутации компании на рынке,3
781,quit,Базовая зарплата не растет (каждый год),1
781,quit,Отсутствие карьерного роста (должность не меняется),2
781,quit,Токсичная атмосфера в команде,3
782,quit,Непонятные / неэтические решения руководства,1
782,quit,Токсичная атмосфера в команде,2
782,quit,Нет амбициозных задач и проектов,3
783,quit,Базовая зарплата не растет (каждый год),1
783,quit,Высокая бюрократия (сложные / медленные бизнес процессы),2
783,quit,Отсутствие профессионального или технического развития,3
784,quit,Отмена удаленного / гибридного формат работы,1
784,quit,Токсичная атмосфера в команде,2
784,quit,Базовая зарплата не растет (каждый год),3
785,quit,Непонятные / неэтические решения руководства,1
785,quit,Токсичная атмосфера в команде,2
785,quit,Отсутствие профессионального или технического развития,3
786,quit,Отсутствие профессионального или технического развития,1
786,quit,Базовая зарплата не растет (каждый год),2
786,quit,Непонятные / неэтические решения руководства,3
787,quit,Отмена удаленного / гибридного формат работы,1
787,quit,Непонятные / неэтические решения руководства,2
787,quit,Финансовая нестабильность компании или сокращение персонала,3
788,quit,Высокая бюрократия (сложные / медленные бизнес процессы),1
788,quit,Нет амбициозных задач и проектов,2
788,quit,Отсутствие профессионального или технического развития,3
789,quit,Базовая зарплата не растет (каждый год),1
789,quit,Непонятные / неэтические решения руководства,2
789,quit,Финансовая нестабильность компании или сокращение персонала,3
790,quit,Отсутствие карьерного роста (должность не меняется),1
790,quit,Токсичная атмосфера в команде,2
790,quit,Финансовая нестабильность компании или сокращение персонала,3
791,quit,Финансовая нестабильность компании или сокращение персонала,1
791,quit,Токсичная атмосфера в команде,2
791,quit,Непонятные / неэтические решения руководства,3
792,quit,Отсутствие карьерного роста (должность не меняется),1
792,quit,Отсутствие профессионального или технического развития,2
792,quit,Смена руководства (компании / моего подразделения),3
793,quit,Токсичная атмосфера в команде,1
793,quit,Непонятные / неэтические решения руководства,2
793,quit,Финансовая нестабильность компании или сокращение персонала,3
794,quit,Непонятные / неэтические решения руководства,1
794,quit,Отмена удаленного / гибридного формат работы,2
794,quit,Токсичная атмосфера в команде,3
795,quit,Токсичная атмосфера в команде,1
795,quit,Отмена удаленного / гибридного формат работы,2
795,quit,Финансовая нестабильность компании или сокращение персонала,3
796,quit,Базовая зарплата не растет (каждый год),1
796,quit,Отсутствие карьерного роста (должность не меняется),2
796,quit,Финансовая нестабильность компании или сокращение персонала,3
797,quit,Базовая зарплата не растет (каждый год),1
797,quit,Непонятные / неэтические решения руководства,2
797,quit,Смена руководства (компании / моего подразделения),3
798,quit,Базовая зарплата не растет (каждый год),1
798,quit,Отсутствие профессионального или технического развития,2
798,quit,Отсутствие карьерного роста (должность не меняется),3
799,quit,Высокая бюрократия (сложные / медленные бизнес процессы),1
799,quit,Отмена удаленного / гибридного формат работы,2
799,quit,Смена руководства (компании / моего подразделения),3
800,quit,Непонятные / неэтические решения руководства,1
800,quit,Финансовая нестабильность компании или сокращение персонала,2
800,quit,Нет амбициозных задач и проектов,3
801,quit,Финансовая нестабильность компании или сокращение персонала,1
801,quit,Токсичная атмосфера в команде,2
801,quit,Нет амбициозных задач и проектов,3
802,quit,Токсичная атмосфера в команде,1
802,quit,Финансовая нестабильность компании или сокращение персонала,2
802,quit,Отсутствие профессионального или технического развития,3
803,quit,Базовая зарплата не растет (каждый год),1
803,quit,Высокая бюрократия (сложные / медленные бизнес процессы),2
803,quit,Непонятные / неэтические решения руководства,3
804,quit,Токсичная атмосфера в команде,1
804,quit,Отсутствие карьерного роста (должность не меняется),2
804,quit,Финансовая нестабильность компании или сокращение персонала,3
805,quit,Нет амбициозных задач и проектов,1
805,quit,Базовая зарплата не растет (каждый год),2
805,quit,Отсутствие карьерного роста (должность не меняется),3
806,quit,Финансовая нестабильность компании или сокращение персонала,1
806,quit,Высокая бюрократия (сложные / медленные бизнес процессы),2
806,quit,Токсичная атмосфера в команде,3
807,quit,Базовая зарплата не растет (каждый год),1
807,quit,Нет амбициозных задач и проектов,2
807,quit,Отсутствие профессионального или технического развития,3
808,quit,Отсутствие профессионального или технического развития,1
808,quit,Отсутствие карьерного роста (должность не меняется),2
808,quit,Базовая зарплата не растет (каждый год),3
809,quit,Токсичная атмосфера в команде,1
809,quit,Ухудшение репутации компании на рынке,2
809,quit,Высокая бюрократия (сложные / медленные бизнес процессы),3
810,quit,Базовая зарплата не растет (каждый год),1
810,quit,Непонятные / неэтические решения руководства,2
810,quit,Нет амбициозных задач и проектов,3
811,quit,Непонятные / неэтические решения руководства,1
811,quit,Отсутствие карьерного роста (должность не меняется),2
811,quit,Смена руководства (компании / моего подразделения),3
812,quit,Непонятные / неэтические решения руководства,1
812,quit,Финансовая нестабильность компании или сокращение персонала,2
812,quit,Другое: Логическое завершение сотрудничества,3
813,quit,Базовая зарплата не растет (каждый год),1
813,quit,Финансовая нестабильность компании или сокращение персонала,2
813,quit,Нет амбициозных задач и проектов,3
814,quit,Базовая зарплата не растет (каждый год),1
814,quit,Отмена удаленного / гибридного формат работы,2
814,quit,Отсутствие профессионального или технического развития,3
815,quit,Нет амбициозных задач и проектов,1
815,quit,Базовая зарплата не растет (каждый год),2
815,quit,Смена руководства (компании / моего подразделения),3
816,quit,Базовая зарплата не растет (каждый год),1
816,quit,Финансовая нестабильность компании или сокращение персонала,2
816,quit,Смена руководства (компании / моего подразделения),3
817,quit,Смена руководства (компании / моего подразделения),1
817,quit,Финансовая нестабильность компании или сокращение персонала,2
817,quit,Базовая зарплата не растет (каждый год),3
818,quit,Непонятные / неэтические решения руководства,1
818,quit,Смена руководства (компании / моего подразделения),2
818,quit,Токсичная атмосфера в команде,3
819,quit,Базовая зарплата не растет (каждый год),1
819,quit,Отсутствие карьерного роста (должность не меняется),2
819,quit,Непонятные / неэтические решения руководства,3
820,quit,Непонятные / неэтические решения руководства,1
820,quit,Базовая зарплата не растет (каждый год),2
820,quit,Отсутствие профессионального или технического развития,3
821,quit,Токсичная атмосфера в команде,1
821,quit,Базовая зарплата не растет (каждый год),2
821,quit,Непонятные / неэтические решения руководства,3
822,quit,Базовая зарплата не растет (каждый год),1
822,quit,Финансовая нестабильность компании или сокращение персонала,2
822,quit,Отмена удаленного / гибридного формат работы,3
823,quit,Токсичная атмосфера в команде,1
823,quit,Базовая зарплата не растет (каждый год),2
823,quit,Финансовая нестабильность компании или сокращение персонала,3
824,quit,Нет амбициозных задач и проектов,1
824,quit,Финансовая нестабильность компании или сокращение персонала,2
824,quit,Базовая зарплата не растет (каждый год),3
825,quit,Непонятные / неэтические решения руководства,1
825,quit,Отсутствие профессионального или технического развития,2
825,quit,Финансовая нестабильность компании или сокращение персонала,3
826,quit,Токсичная атмосфера в команде,1
826,quit,Отсутствие профессионального или технического развития,2
826,quit,Базовая зарплата не растет (каждый год),3
827,quit,Токсичная атмосфера в команде,1
827,quit,Непонятные / неэтические решения руководства,2
827,quit,Отмена удаленного / гибридного формат работы,3
828,quit,Отсутствие карьерного роста (должность не меняется),1
828,quit,Финансовая нестабильность компании или сокращение персонала,2
828,quit,Токсичная атмосфера в команде,3
829,quit,Базовая зарплата не растет (каждый год),1
829,quit,Отсутствие профессионального или технического развития,2
829,quit,Финансовая нестабильность компании или сокращение персонала,3
830,quit,Базовая зарплата не растет (каждый год),1
830,quit,Финансовая нестабильность компании или сокращение персонала,2
830,quit,Отсутствие карьерного роста (должность не меняется),3
831,quit,Финансовая нестабильность компании или сокращение персонала,1
831,quit,Отсутствие профессионального или технического развития,2
831,quit,Отсутствие карьерного роста (должность не меняется),3
832,quit,Токсичная атмосфера в команде,1
832,quit,Отмена удаленного / гибридного формат работы,2
832,quit,Базовая зарплата не растет (каждый год),3
833,quit,Отмена удаленного / гибридного формат работы,1
833,quit,Базовая зарплата не растет (каждый год),2
833,quit,Отсутствие карьерного роста (должность не меняется),3
834,quit,Отсутствие карьерного роста (должность не меняется),1
834,quit,Нет амбициозных задач и проектов,2
834,quit,Отсутствие профессионального или технического развития,3
835,quit,Непонятные / неэтические решения руководства,1
835,quit,Смена руководства (компании / моего подразделения),2
835,quit,Финансовая нестабильность компании или сокращение персонала,3
836,quit,Высокая бюрократия (сложные / медленные бизнес процессы),1
836,quit,Базовая зарплата не растет (каждый год),2
836,quit,Отсутствие карьерного роста (должность не меняется),3
837,quit,Отсутствие профессионального или технического развития,1
837,quit,Финансовая нестабильность компании или сокращение персонала,2
837,quit,Базовая зарплата не растет (каждый год),3
838,quit,Токсичная атмосфера в команде,1
838,quit,Ухудшение репутации компании на рынке,2
838,quit,Базовая зарплата не растет (каждый год),3
839,quit,Токсичная атмосфера в команде,1
839,quit,Высокая бюрократия (сложные / медленные бизнес процессы),2
839,quit,Непонятные / неэтические решения руководства,3
840,quit,Базовая зарплата не растет (каждый год),1
840,quit,Отсутствие профессионального или технического развития,2
840,quit,Токсичная атмосфера в команде,3
841,quit,Базовая зарплата не растет (каждый год),1
841,quit,Отсутствие карьерного роста (должность не меняется),2
841,quit,Финансовая нестабильность компании или сокращение персонала,3
842,quit,Токсичная атмосфера в команде,1
842,quit,Смена руководства (компании / моего подразделения),2
842,quit,Высокая бюрократия (сложные / медленные бизнес процессы),3
843,quit,Финансовая нестабильность компании или сокращение персонала,1
843,quit,Токсичная атмосфера в команде,2
843,quit,Непонятные / неэтические решения руководства,3
844,quit,Отсутствие карьерного роста (должность не меняется),1
844,quit,Токсичная атмосфера в команде,2
844,quit,Непонятные / неэтические решения руководства,3
845,quit,Финансовая нестабильность компании или сокращение персонала,1
845,quit,Токсичная атмосфера в команде,2
845,quit,Нет амбициозных задач и проектов,3
846,quit,Высокая бюрократия (сложные / медленные бизнес процессы),1
846,quit,Токсичная атмосфера в команде,2
846,quit,Непонятные / неэтические решения руководства,3
847,quit,Базовая зарплата не растет (каждый год),1
847,quit,Отмена удаленного / гибридного формат работы,2
847,quit,Токсичная атмосфера в команде,3
848,quit,Токсичная атмосфера в команде,1
848,quit,Непонятные / неэтические решения руководства,2
848,quit,Финансовая нестабильность компании или сокращение персонала,3
849,quit,Высокая бюрократия (сложные / медленные бизнес процессы),1
849,quit,Непонятные / неэтические решения руководства,2
849,quit,Токсичная атмосфера в команде,3
850,quit,Токсичная атмосфера в команде,1
850,quit,Базовая зарплата не растет (каждый год),2
850,quit,Непонятные / неэтические решения руководства,3
851,quit,Непонятные / неэтические решения руководства,1
851,quit,Базовая зарплата не растет (каждый год),2
851,quit,Нет амбициозных задач и проектов,3
852,quit,Базовая зарплата не растет (каждый год),1
852,quit,Токсичная атмосфера в команде,2
852,quit,Нет амбициозных задач и проектов,3
853,quit,Отмена удаленного / гибридного формат работы,1
853,quit,Базовая зарплата не растет (каждый год),2
853,quit,Токсичная атмосфера в команде,3
854,quit,Отсутствие профессионального или технического развития,1
854,quit,Финансовая нестабильность компании или сокращение персонала,2
854,quit,Нет амбициозных задач и проектов,3
855,quit,Токсичная атмосфера в команде,1
855,quit,Высокая бюрократия (сложные / медленные бизнес процессы),2
855,quit,Отсутствие карьерного роста (должность не меняется),3
856,quit,Отсутствие карьерного роста (должность не меняется),1
856,quit,Нет амбициозных задач и проектов,2
856,quit,Отсутствие профессионального или технического развития,3
857,quit,Токсичная атмосфера в команде,1
857,quit,Базовая зарплата не растет (каждый год),2
857,quit,Непонятные / неэтические решения руководства,3
858,quit,Токсичная атмосфера в команде,1
858,quit,Непонятные / неэтические решения руководства,2
858,quit,Отсутствие карьерного роста (должность не меняется),3
859,quit,Отсутствие карьерного роста (должность не меняется),1
859,quit,Токсичная атмосфера в команде,2
859,quit,Отсутствие профессионального или технического развития,3
860,quit,Нет амбициозных задач и проектов,1
860,quit,Токсичная атмосфера в команде,2
860,quit,Ухудшение репутации компании на рынке,3
861,quit,Непонятные / неэтические решения руководства,1
861,quit,Отмена удаленного / гибридного формат работы,2
861,quit,Отсутствие профессионального или технического развития,3
862,quit,Базовая зарплата не растет (каждый год),1
862,quit,Отсутствие карьерного роста (должность не меняется),2
862,quit,Смена руководства (компании / моего подразделения),3
863,quit,Отсутствие профессионального или технического развития,1
863,quit,Базовая зарплата не растет (каждый год),2
863,quit,Отсутствие карьерного роста (должность не меняется),3
864,quit,Финансовая нестабильность компании или сокращение персонала,1
864,quit,Отсутствие профессионального или технического развития,2
864,quit,Непонятные / неэтические решения руководства,3
865,quit,Отсутствие карьерного роста (должность не меняется),1
865,quit,Высокая бюрократия (сложные / медленные бизнес процессы),2
865,quit,Базовая зарплата не растет (каждый год),3
866,quit,Токсичная атмосфера в команде,1
866,quit,Базовая зарплата не растет (каждый год),2
866,quit,Отмена удаленного / гибридного формат работы,3
867,quit,Базовая зарплата не растет (каждый год),1
867,quit,Отмена удаленного / гибридного формат работы,2
867,quit,Отсутствие профессионального или технического развития,3
868,quit,Токсичная атмосфера в команде,1
868,quit,Финансовая нестабильность компании или сокращение персонала,2
868,quit,Смена руководства (компании / моего подразделения),3
869,quit,Финансовая нестабильность компании или сокращение персонала,1
869,quit,Отсутствие карьерного роста (должность не меняется),2
869,quit,Базовая зарплата не растет (каждый год),3
870,quit,Базовая зарплата не растет (каждый год),1
870,quit,Непонятные / неэтические решения руководства,2
870,quit,Токсичная атмосфера в команде,3
871,quit,Отсутствие профессионального или технического развития,1
871,quit,Финансовая нестабильность компании или сокращение персонала,2
871,quit,Непонятные / неэтические решения руководства,3
872,quit,Смена руководства (компании / моего подразделения),1
872,quit,Токсичная атмосфера в команде,2
872,quit,Высокая бюрократия (сложные / медленные бизнес процессы),3
873,quit,Отсутствие карьерного роста (должность не меняется),1
873,quit,Базовая зарплата не растет (каждый год),2
873,quit,Отсутствие профессионального или технического развития,3
874,quit,Отсутствие карьерного роста (должность не меняется),1
874,quit,Отсутствие профессионального или технического развития,2
874,quit,Непонятные / неэтические решения руководства,3
875,quit,Финансовая нестабильность компании или сокращение персонала,1
875,quit,Отсутствие карьерного роста (должность не меняется),2
875,quit,Токсичная атмосфера в команде,3
876,quit,Отсутствие карьерного роста (должность не меняется),1
876,quit,Базовая зарплата не растет (каждый год),2
876,quit,Токсичная атмосфера в команде,3
877,quit,Базовая зарплата не растет (каждый год),1
877,quit,Непонятные / неэтические решения руководства,2
877,quit,Финансовая нестабильность компании или сокращение персонала,3
878,quit,Нет амбициозных задач и проектов,1
878,quit,Финансовая нестабильность компании или сокращение персонала,2
878,quit,Базовая зарплата не растет (каждый год),3
879,quit,Нет амбициозных задач и проектов,1
879,quit,Отмена удаленного / гибридного формат работы,2
879,quit,Отсутствие карьерного роста (должность не меняется),3
880,quit,Отсутствие профессионального или технического развития,1
880,quit,Непонятные / неэтические решения руководства,2
880,quit,Токсичная атмосфера в команде,3
881,quit,Высокая бюрократия (сложные / медленные бизнес процессы),1
881,quit,Отсутствие профессионального или технического развития,2
881,quit,Отмена удаленного / гибридного формат работы,3
882,quit,Отмена удаленного / гибридного формат работы,1
882,quit,Отсутствие карьерного роста (должность не меняется),2
882,quit,Отсутствие профессионального или технического развития,3
883,quit,Отмена удаленного / гибридного формат работы,1
883,quit,Непонятные / неэтические решения руководства,2
883,quit,Отсутствие профессионального или технического развития,3
884,quit,Финансовая нестабильность компании или сокращение персонала,1
884,quit,Базовая зарплата не растет (каждый год),2
884,quit,Высокая бюрократия (сложные / медленные бизнес процессы),3
885,quit,Токсичная атмосфера в команде,1
885,quit,Финансовая нестабильность компании или сокращение персонала,2
885,quit,Базовая зарплата не растет (каждый год),3
886,quit,Непонятные / неэтические решения руководства,1
886,quit,Токсичная атмосфера в команде,2
886,quit,Базовая зарплата не растет (каждый год),3
887,quit,Отмена удаленного / гибридного формат работы,1
887,quit,Базовая зарплата не растет (каждый год),2
887,quit,Токсичная атмосфера в команде,3
888,quit,Базовая зарплата не растет (каждый год),1
888,quit,Финансовая нестабильность компании или сокращение персонала,2
888,quit,Токсичная атмосфера в команде,3
889,quit,Токсичная атмосфера в команде,1
889,quit,Финансовая нестабильность компании или сокращение персонала,2
889,quit,Непонятные / неэтические решения руководства,3
890,quit,Токсичная атмосфера в команде,1
890,quit,Финансовая нестабильность компании или сокращение персонала,2
890,quit,Базовая зарплата не растет (каждый год),3
891,quit,Токсичная атмосфера в команде,1
891,quit,Отсутствие карьерного роста (должность не меняется),2
891,quit,Базовая зарплата не растет (каждый год),3
892,quit,Высокая бюрократия (сложные / медленные бизнес процессы),1
892,quit,Базовая зарплата не растет (каждый год),2
892,quit,Токсичная атмосфера в команде,3
893,quit,Финансовая нестабильность компании или сокращение персонала,1
893,quit,Базовая зарплата не растет (каждый год),2
893,quit,Высокая бюрократия (сложные / медленные бизнес процессы),3
894,quit,Непонятные / неэтические решения руководства,1
894,quit,Токсичная атмосфера в команде,2
894,quit,Базовая зарплата не растет (каждый год),3
895,quit,Финансовая нестабильность компании или сокращение персонала,1
895,quit,Ухудшение репутации компании на рынке,2
895,quit,Базовая зарплата не растет (каждый год),3
896,quit,Базовая зарплата не растет (каждый год),1
896,quit,Непонятные / неэтические решения руководства,2
896,quit,Токсичная атмосфера в команде,3
897,quit,Высокая бюрократия (сложные / медленные бизнес процессы),1
897,quit,Отмена удаленного / гибридного формат работы,2
897,quit,Базовая зарплата не растет (каждый год),3
898,quit,Отсутствие профессионального или технического развития,1
898,quit,Высокая бюрократия (сложные / медленные бизнес процессы),2
898,quit,Непонятные / неэтические решения руководства,3
899,quit,Базовая зарплата не растет (каждый год),1
899,quit,Отмена удаленного / гибридного формат работы,2
899,quit,Финансовая нестабильность компании или сокращение персонала,3
900,quit,Базовая зарплата не растет (каждый год),1
900,quit,Финансовая нестабильность компании или сокращение персонала,2
900,quit,Непонятные / неэтические решения руководства,3
901,quit,Базовая зарплата не растет (каждый год),1
901,quit,Токсичная атмосфера в команде,2
901,quit,Финансовая нестабильность компании или сокращение персонала,3
902,quit,Токсичная атмосфера в команде,1
902,quit,Финансовая нестабильность компании или сокращение персонала,2
902,quit,Базовая зарплата не растет (каждый год),3
903,quit,Отсутствие профессионального или технического развития,1
903,quit,Нет амбициозных задач и проектов,2
903,quit,Непонятные / неэтические решения руководства,3
904,quit,Финансовая нестабильность компании или сокращение персонала,1
904,quit,Непонятные / неэтические решения руководства,2
904,quit,Базовая зарплата не растет (каждый год),3
905,quit,Базовая зарплата не растет (каждый год),1
905,quit,Отсутствие профессионального или технического развития,2
905,quit,Нет амбициозных задач и проектов,3
906,quit,Токсичная атмосфера в команде,1
906,quit,Непонятные / неэтические решения руководства,2
906,quit,Базовая зарплата не растет (каждый год),3
907,quit,Токсичная атмосфера в команде,1
907,quit,Базовая зарплата не растет (каждый год),2
907,quit,Отмена удаленного / гибридного формат работы,3
908,quit,Базовая зарплата не растет (каждый год),1
908,quit,Финансовая нестабильность компании или сокращение персонала,2
908,quit,Отмена удаленного / гибридного формат работы,3
909,quit,Базовая зарплата не растет (каждый год),1
909,quit,Отмена удаленного / гибридного формат работы,2
909,quit,Финансовая нестабильность компании или сокращение персонала,3
910,quit,Непонятные / неэтические решения руководства,1
910,quit,Базовая зарплата не растет (каждый год),2
910,quit,Токсичная атмосфера в команде,3
911,quit,Финансовая нестабильность компании или сокращение персонала,1
911,quit,Базовая зарплата не растет (каждый год),2
911,quit,Отмена удаленного / гибридного формат работы,3
912,quit,Непонятные / неэтические решения руководства,1
912,quit,Отсутствие карьерного роста (должность не меняется),2
912,quit,Высокая бюрократия (сложные / медленные бизнес процессы),3
913,quit,Высокая бюрократия (сложные / медленные бизнес процессы),1
913,quit,Токсичная атмосфера в команде,2
913,quit,Базовая зарплата не растет (каждый год),3
914,quit,Финансовая нестабильность компании или сокращение персонала,1
914,quit,Отсутствие профессионального или технического развития,2
914,quit,Базовая зарплата не растет (каждый год),3
915,quit,Базовая зарплата не растет (каждый год),1
915,quit,Высокая бюрократия (сложные / медленные бизнес процессы),2
915,quit,Нет амбициозных задач и проектов,3
916,quit,Базовая зарплата не растет (каждый год),1
916,quit,Отсутствие профессионального или технического развития,2
916,quit,Отсутствие карьерного роста (должность не меняется),3
917,quit,Базовая зарплата не растет (каждый год),1
917,quit,Отсутствие карьерного роста (должность не меняется),2
917,quit,Высокая бюрократия (сложные / медленные бизнес процессы),3
918,quit,Отсутствие карьерного роста (должность не меняется),1
918,quit,Финансовая нестабильность компании или сокращение персонала,2
918,quit,Токсичная атмосфера в команде,3
919,quit,Финансовая нестабильность компании или сокращение персонала,1
919,quit,Отсутствие профессионального или технического развития,2
919,quit,Отмена удаленного / гибридного формат работы,3
920,quit,Базовая зарплата не растет (каждый год),1
920,quit,Смена руководства (компании / моего подразделения),2
920,quit,Непонятные / неэтические решения руководства,3
921,quit,Непонятные / неэтические решения руководства,1
921,quit,Токсичная атмосфера в команде,2
921,quit,Финансовая нестабильность компании или сокращение персонала,3
922,quit,Финансовая нестабильность компании или сокращение персонала,1
922,quit,Высокая бюрократия (сложные / медленные бизнес процессы),2
922,quit,Отсутствие профессионального или технического развития,3
923,quit,Базовая зарплата не растет (каждый год),1
923,quit,Непонятные / неэтические решения руководства,2
923,quit,Финансовая нестабильность компании или сокращение персонала,3
924,quit,Отмена удаленного / гибридного формат работы,1
924,quit,Базовая зарплата не растет (каждый год),2
924,quit,Отсутствие профессионального или технического развития,3
925,quit,Финансовая нестабильность компании или сокращение персонала,1
925,quit,Отсутствие профессионального или технического развития,2
925,quit,Базовая зарплата не растет (каждый год),3
926,quit,Отсутствие профессионального или технического развития,1
926,quit,Непонятные / неэтические решения руководства,2
926,quit,Токсичная атмосфера в команде,3
927,quit,Базовая зарплата не растет (каждый год),1
927,quit,Отсутствие карьерного роста (должность не меняется),2
927,quit,Непонятные / неэтические решения руководства,3
928,quit,Токсичная атмосфера в команде,1
928,quit,Непонятные / неэтические решения руководства,2
928,quit,Финансовая нестабильность компании или сокращение персонала,3
929,quit,Отмена удаленного / гибридного формат работы,1
929,quit,Отсутствие профессионального или технического развития,2
929,quit,Непонятные / неэтические решения руководства,3
930,quit,Финансовая нестабильность компании или сокращение персонала,1
930,quit,Базовая зарплата не растет (каждый год),2
930,quit,Отсутствие профессионального или технического развития,3
931,quit,Токсичная атмосфера в команде,1
931,quit,Высокая бюрократия (сложные / медленные бизнес процессы),2
931,quit,Финансовая нестабильность компании или сокращение персонала,3
932,quit,Токсичная атмосфера в команде,1
932,quit,Финансовая нестабильность компании или сокращение персонала,2
932,quit,Отсутствие карьерного роста (должность не меняется),3
933,quit,Непонятные / неэтические решения руководства,1
933,quit,Отмена удаленного / гибридного формат работы,2
933,quit,Базовая зарплата не растет (каждый год),3
934,quit,Финансовая нестабильность компании или сокращение персонала,1
934,quit,Токсичная атмосфера в команде,2
934,quit,Базовая зарплата не растет (каждый год),3
935,quit,Финансовая нестабильность компании или сокращение персонала,1
935,quit,Базовая зарплата не растет (каждый год),2
935,quit,Непонятные / неэтические решения руководства,3
936,quit,Отсутствие карьерного роста (должность не меняется),1
936,quit,Непонятные / неэтические решения руководства,2
936,quit,Базовая зарплата не растет (каждый год),3
937,quit,Токсичная атмосфера в команде,1
937,quit,Непонятные / неэтические решения руководства,2
937,quit,Другое: Корпоративная культура упала,3
938,quit,Базовая зарплата не растет (каждый год),1
938,quit,Нет амбициозных задач и проектов,2
938,quit,Отсутствие профессионального или технического развития,3
939,quit,Базовая зарплата не растет (каждый год),1
939,quit,Высокая бюрократия (сложные / медленные бизнес процессы),2
939,quit,Финансовая нестабильность компании или сокращение персонала,3
940,quit,Финансовая нестабильность компании или сокращение персонала,1
940,quit,Базовая зарплата не растет (каждый год),2
940,quit,Отсутствие профессионального или технического развития,3
941,quit,Токсичная атмосфера в команде,1
941,quit,Непонятные / неэтические решения руководства,2
941,quit,Отсутствие карьерного роста (должность не меняется),3
942,quit,Базовая зарплата не растет (каждый год),1
942,quit,Отсутствие карьерного роста (должность не меняется),2
942,quit,Финансовая нестабильность компании или сокращение персонала,3
943,quit,Базовая зарплата не растет (каждый год),1
943,quit,Токсичная атмосфера в команде,2
943,quit,Непонятные / неэтические решения руководства,3
944,quit,Финансовая нестабильность компании или сокращение персонала,1
944,quit,Отмена удаленного / гибридного формат работы,2
944,quit,Высокая бюрократия (сложные / медленные бизнес процессы),3
945,quit,Непонятные / неэтические решения руководства,1
945,quit,Отмена удаленного / гибридного формат работы,2
945,quit,Базовая зарплата не растет (каждый год),3
946,quit,Базовая зарплата не растет (каждый год),1
946,quit,Отсутствие карьерного роста (должность не меняется),2
946,quit,Непонятные / неэтические решения руководства,3
947,quit,Финансовая нестабильность компании или сокращение персонала,1
947,quit,Базовая зарплата не растет (каждый год),2
947,quit,Отмена удаленного / гибридного формат работы,3
948,quit,Отмена удаленного / гибридного формат работы,1
948,quit,Финансовая нестабильность компании или сокращение персонала,2
948,quit,Базовая зарплата не растет (каждый год),3
949,quit,Финансовая нестабильность компании или сокращение персонала,1
949,quit,Токсичная атмосфера в команде,2
949,quit,Высокая бюрократия (сложные / медленные бизнес процессы),3
950,quit,Финансовая нестабильность компании или сокращение персонала,1
950,quit,Непонятные / неэтические решения руководства,2
950,quit,Базовая зарплата не растет (каждый год),3
951,quit,Базовая зарплата не растет (каждый год),1
951,quit,Финансовая нестабильность компании или сокращение персонала,2
951,quit,Отсутствие карьерного роста (должность не меняется),3
952,quit,Базовая зарплата не растет (каждый год),1
952,quit,Токсичная атмосфера в команде,2
952,quit,Финансовая нестабильность компании или сокращение персонала,3
953,quit,Отмена удаленного / гибридного формат работы,1
953,quit,Базовая зарплата не растет (каждый год),2
953,quit,Отсутствие карьерного роста (должность не меняется),3
954,quit,Базовая зарплата не растет (каждый год),1
954,quit,Отсутствие карьерного роста (должность не меняется),2
954,quit,Отсутствие профессионального или технического развития,3
955,quit,Отмена удаленного / гибридного формат работы,1
955,quit,Токсичная атмосфера в команде,2
955,quit,Базовая зарплата не растет (каждый год),3
956,quit,Токсичная атмосфера в команде,1
956,quit,Непонятные / неэтические решения руководства,2
956,quit,Базовая зарплата не растет (каждый год),3
957,quit,Отмена удаленного / гибридного формат работы,1
957,quit,Отсутствие карьерного роста (должность не меняется),2
957,quit,Базовая зарплата не растет (каждый год),3
958,quit,Высокая бюрократия (сложные / медленные бизнес процессы),1
958,quit,Отсутствие карьерного роста (должность не меняется),2
958,quit,Финансовая нестабильность компании или сокращение персонала,3
959,quit,Базовая зарплата не растет (каждый год),1
959,quit,Смена руководства (компании / моего подразделения),2
959,quit,Высокая бюрократия (сложные / медленные бизнес процессы),3
960,quit,Токсичная атмосфера в команде,1
960,quit,Нет амбициозных задач и проектов,2
960,quit,Базовая зарплата не растет (каждый год),3
961,quit,Финансовая нестабильность компании или сокращение персонала,1
961,quit,Отсутствие карьерного роста (должность не меняется),2
961,quit,Токсичная атмосфера в команде,3
962,quit,Токсичная атмосфера в команде,1
962,quit,Отсутствие карьерного роста (должность не меняется),2
962,quit,Непонятные / неэтические решения руководства,3
963,quit,Отсутствие профессионального или технического развития,1
963,quit,Токсичная атмосфера в команде,2
963,quit,Базовая зарплата не растет (каждый год),3
964,quit,Финансовая нестабильность компании или сокращение персонала,1
964,quit,Токсичная атмосфера в команде,2
964,quit,Отсутствие профессионального или технического развития,3
965,quit,Базовая зарплата не растет (каждый год),1
965,quit,Отмена удаленного / гибридного формат работы,2
965,quit,Непонятные / неэтические решения руководства,3
966,quit,Токсичная атмосфера в команде,1
966,quit,Высокая бюрократия (сложные / медленные бизнес процессы),2
966,quit,Отмена удаленного / гибридного формат работы,3
967,quit,Ухудшение репутации компании на рынке,1
967,quit,Токсичная атмосфера в команде,2
967,quit,Непонятные / неэтические решения руководства,3
968,quit,Отсутствие профессионального или технического развития,1
968,quit,Непонятные / неэтические решения руководства,2
968,quit,Токсичная атмосфера в команде,3
969,quit,Непонятные / неэтические решения руководства,1
969,quit,Финансовая нестабильность компании или сокращение персонала,2
969,quit,Токсичная атмосфера в команде,3
970,quit,Токсичная атмосфера в команде,1
970,quit,Нет амбициозных задач и проектов,2
970,quit,Смена руководства (компании / моего подразделения),3
971,quit,Базовая зарплата не растет (каждый год),1
971,quit,Отмена удаленного / гибридного формат работы,2
971,quit,Отсутствие карьерного роста (должность не меняется),3
972,quit,Токсичная атмосфера в команде,1
972,quit,Нет амбициозных задач и проектов,2
972,quit,Базовая зарплата не растет (каждый год),3
973,quit,Отсутствие карьерного роста (должность не меняется),1
973,quit,Токсичная атмосфера в команде,2
973,quit,Непонятные / неэтические решения руководства,3
974,quit,Нет амбициозных задач и проектов,1
974,quit,Отсутствие карьерного роста (должность не меняется),2
974,quit,Высокая бюрократия (сложные / медленные бизнес процессы),3
975,quit,Базовая зарплата не растет (каждый год),1
975,quit,Нет амбициозных задач и проектов,2
975,quit,Отсутствие профессионального или технического развития,3
976,quit,Базовая зарплата не растет (каждый год),1
976,quit,Отмена удаленного / гибридного формат работы,2
976,quit,Отсутствие профессионального или технического развития,3
977,quit,Токсичная атмосфера в команде,1
977,quit,Непонятные / неэтические решения руководства,2
977,quit,Отсутствие карьерного роста (должность не меняется),3
978,quit,Базовая зарплата не растет (каждый год),1
978,quit,Отсутствие профессионального или технического развития,2
978,quit,Отсутствие карьерного роста (должность не меняется),3
979,quit,Ухудшение репутации компании на рынке,1
979,quit,Высокая бюрократия (сложные / медленные бизнес процессы),2
979,quit,Непонятные / неэтические решения руководства,3
980,quit,Ухудшение репутации компании на рынке,1
980,quit,Отсутствие карьерного роста (должность не меняется),2
980,quit,Финансовая нестабильность компании или сокращение персонала,3
981,quit,Базовая зарплата не растет (каждый год),1
981,quit,Непонятные / неэтические решения руководства,2
981,quit,Отсутствие карьерного роста (должность не меняется),3
982,quit,Токсичная атмосфера в команде,1
982,quit,Отмена удаленного / гибридного формат работы,2
982,quit,Отсутствие профессионального или технического развития,3
983,quit,Базовая зарплата не растет (каждый год),1
983,quit,Отсутствие карьерного роста (должность не меняется),2
983,quit,Отсутствие профессионального или технического развития,3
984,quit,Нет амбициозных задач и проектов,1
984,quit,Отсутствие профессионального или технического развития,2
984,quit,Финансовая нестабильность компании или сокращение персонала,3
985,quit,Токсичная атмосфера в команде,1
985,quit,Отсутствие профессионального или технического развития,2
985,quit,Базовая зарплата не растет (каждый год),3
986,quit,Нет амбициозных задач и проектов,1
986,quit,Базовая зарплата не растет (каждый год),2
986,quit,Отсутствие профессионального или технического развития,3
987,quit,Базовая зарплата не растет (каждый год),1
987,quit,Отсутствие профессионального или технического развития,2
987,quit,Токсичная атмосфера в команде,3
988,quit,Отсутствие карьерного роста (должность не меняется),1
988,quit,Отмена удаленного / гибридного формат работы,2
988,quit,Базовая зарплата не растет (каждый год),3
989,quit,Базовая зарплата не растет (каждый год),1
989,quit,Непонятные / неэтические решения руководства,2
989,quit,Отмена удаленного / гибридного формат работы,3
990,quit,Отсутствие карьерного роста (должность не меняется),1
990,quit,Нет амбициозных задач и проектов,2
990,quit,Токсичная атмосфера в команде,3
991,quit,Базовая зарплата не растет (каждый год),1
991,quit,Непонятные / неэтические решения руководства,2
991,quit,Токсичная атмосфера в команде,3
992,quit,Токсичная атмосфера в команде,1
992,quit,Финансовая нестабильность компании или сокращение персонала,2
992,quit,Базовая зарплата не растет (каждый год),3
993,quit,Базовая зарплата не растет (каждый год),1
993,quit,Отмена удаленного / гибридного формат работы,2
993,quit,Непонятные / неэтические решения руководства,3
994,quit,Финансовая нестабильность компании или сокращение персонала,1
994,quit,Отсутствие профессионального или технического развития,2
994,quit,Базовая зарплата не растет (каждый год),3
995,quit,Базовая зарплата не растет (каждый год),1
995,quit,Отмена удаленного / гибридного формат работы,2
995,quit,Токсичная атмосфера в команде,3
996,quit,Базовая зарплата не растет (каждый год),1
996,quit,Высокая бюрократия (сложные / медленные бизнес процессы),2
996,quit,Отсутствие карьерного роста (должность не меняется),3
997,quit,Базовая зарплата не растет (каждый год),1
997,quit,Отсутствие карьерного роста (должность не меняется),2
997,quit,Непонятные / неэтические решения руководства,3
998,quit,Базовая зарплата не растет (каждый год),1
998,quit,Отсутствие карьерного роста (должность не меняется),2
998,quit,Финансовая нестабильность компании или сокращение персонала,3
999,quit,Финансовая нестабильность компании или сокращение персонала,1
999,quit,Отсутствие профессионального или технического развития,2
999,quit,Высокая бюрократия (сложные / медленные бизнес процессы),3
1000,quit,Отмена удаленного / гибридного формат работы,1
1000,quit,Нет амбициозных задач и проектов,2
1000,quit,Базовая зарплата не растет (каждый год),3
1001,quit,Отсутствие профессионального или технического развития,1
1001,quit,Токсичная атмосфера в команде,2
1001,quit,Нет амбициозных задач и проектов,3
1002,quit,Базовая зарплата не растет (каждый год),1
1002,quit,Токсичная атмосфера в команде,2
1002,quit,Высокая бюрократия (сложные / медленные бизнес процессы),3
1003,quit,Отсутствие профессионального или технического развития,1
1003,quit,Смена руководства (компании / моего подразделения),2
1003,quit,Отмена удаленного / гибридного формат работы,3
1004,quit,Базовая зарплата не растет (каждый год),1
1004,quit,Непонятные / неэтические решения руководства,2
1004,quit,Отсутствие профессионального или технического развития,3
1005,quit,Отсутствие карьерного роста (должность не меняется),1
1005,quit,Базовая зарплата не растет (каждый год),2
1005,quit,Финансовая нестабильность компании или сокращение персонала,3
1006,quit,Отсутствие профессионального или технического развития,1
1006,quit,Отсутствие карьерного роста (должность не меняется),2
1006,quit,Отмена удаленного / гибридного формат работы,3
1007,quit,Отсутствие профессионального или технического развития,1
1007,quit,Токсичная атмосфера в команде,2
1007,quit,Финансовая нестабильность компании или сокращение персонала,3
1008,quit,Отмена удаленного / гибридного формат работы,1
1008,quit,Отсутствие карьерного роста (должность не меняется),2
1008,quit,Базовая зарплата не растет (каждый год),3
1009,quit,Финансовая нестабильность компании или сокращение персонала,1
1009,quit,Непонятные / неэтические решения руководства,2
1009,quit,Токсичная атмосфера в команде,3
1010,quit,Токсичная атмосфера в команде,1
1010,quit,Отсутствие профессионального или технического развития,2
1010,quit,Отсутствие карьерного роста (должность не меняется),3
1011,quit,Токсичная атмосфера в команде,1
1011,quit,Нет амбициозных задач и проектов,2
1011,quit,Финансовая нестабильность компании или сокращение персонала,3
1012,quit,Токсичная атмосфера в команде,1
1012,quit,Финансовая нестабильность компании или сокращение персонала,2
1012,quit,Базовая зарплата не растет (каждый год),3
1013,quit,Отсутствие профессионального или технического развития,1
1013,quit,Токсичная атмосфера в команде,2
1013,quit,Базовая зарплата не растет (каждый год),3
1014,quit,Токсичная атмосфера в команде,1
1014,quit,Непонятные / неэтические решения руководства,2
1014,quit,Финансовая нестабильность компании или сокращение персонала,3
1015,quit,Отсутствие профессионального или технического развития,1
1015,quit,Базовая зарплата не растет (каждый год),2
1015,quit,Высокая бюрократия (сложные / медленные бизнес процессы),3
1016,quit,Смена руководства (компании / моего подразделения),1
1016,quit,Базовая зарплата не растет (каждый год),2
1016,quit,Непонятные / неэтические решения руководства,3
1017,quit,Отмена удаленного / гибридного формат работы,1
1017,quit,Токсичная атмосфера в команде,2
1017,quit,Базовая зарплата не растет (каждый год),3
1018,quit,Нет амбициозных задач и проектов,1
1018,quit,Смена руководства (компании / моего подразделения),2
1018,quit,Высокая бюрократия (сложные / медленные бизнес процессы),3
1019,quit,Финансовая нестабильность компании или сокращение персонала,1
1019,quit,Отсутствие карьерного роста (должность не меняется),2
1019,quit,Базовая зарплата не растет (каждый год),3
1020,quit,Базовая зарплата не растет (каждый год),1
1020,quit,Финансовая нестабильность компании или сокращение персонала,2
1020,quit,Непонятные / неэтические решения руководства,3
1021,quit,Отсутствие карьерного роста (должность не меняется),1
1021,quit,Отмена удаленного / гибридного формат работы,2
1021,quit,Отсутствие профессионального или технического развития,3
1022,quit,Финансовая нестабильность компании или сокращение персонала,1
1022,quit,Токсичная атмосфера в команде,2
1022,quit,Высокая бюрократия (сложные / медленные бизнес процессы),3
1023,quit,Финансовая нестабильность компании или сокращение персонала,1
1023,quit,Токсичная атмосфера в команде,2
1023,quit,Непонятные / неэтические решения руководства,3
1024,quit,Базовая зарплата не растет (каждый год),1
1024,quit,Финансовая нестабильность компании или сокращение персонала,2
1024,quit,Отсутствие карьерного роста (должность не меняется),3
1025,quit,Финансовая нестабильность компании или сокращение персонала,1
1025,quit,Отсутствие карьерного роста (должность не меняется),2
1025,quit,Отсутствие профессионального или технического развития,3
1026,quit,Финансовая нестабильность компании или сокращение персонала,1
1026,quit,Токсичная атмосфера в команде,2
1026,quit,Отсутствие профессионального или технического развития,3
1027,quit,Отсутствие профессионального или технического развития,1
1027,quit,Токсичная атмосфера в команде,2
1027,quit,Непонятные / неэтические решения руководства,3
1028,quit,Отсутствие карьерного роста (должность не меняется),1
1028,quit,Финансовая нестабильность компании или сокращение персонала,2
1028,quit,Базовая зарплата не растет (каждый год),3
1029,quit,Базовая зарплата не растет (каждый год),1
1029,quit,Токсичная атмосфера в команде,2
1029,quit,Отсутствие карьерного роста (должность не меняется),3
1030,quit,Токсичная атмосфера в команде,1
1030,quit,Непонятные / неэтические решения руководства,2
1030,quit,Базовая зарплата не растет (каждый год),3
1031,quit,Базовая зарплата не растет (каждый год),1
1031,quit,Токсичная атмосфера в команде,2
1031,quit,Непонятные / неэтические решения руководства,3
1032,quit,Отсутствие карьерного роста (должность не меняется),1
1032,quit,Базовая зарплата не растет (каждый год),2
1032,quit,Отсутствие профессионального или технического развития,3
1033,quit,Непонятные / неэтические решения руководства,1
1033,quit,Токсичная атмосфера в команде,2
1033,quit,Базовая зарплата не растет (каждый год),3
1034,quit,Непонятные / неэтические решения руководства,1
1034,quit,Финансовая нестабильность компании или сокращение персонала,2
1034,quit,Базовая зарплата не растет (каждый год),3
1035,quit,Непонятные / неэтические решения руководства,1
1035,quit,Высокая бюрократия (сложные / медленные бизнес процессы),2
1035,quit,Отмена удаленного / гибридного формат работы,3
1036,quit,Финансовая нестабильность компании или сокращение персонала,1
1036,quit,Базовая зарплата не растет (каждый год),2
1036,quit,Токсичная атмосфера в команде,3
1037,quit,Отмена удаленного / гибридного формат работы,1
1037,quit,Токсичная атмосфера в команде,2
1037,quit,Базовая зарплата не растет (каждый год),3
1038,quit,Базовая зарплата не растет (каждый год),1
1038,quit,Отсутствие карьерного роста (должность не меняется),2
1038,quit,Финансовая нестабильность компании или сокращение персонала,3
1039,quit,Нет амбициозных задач и проектов,1
1039,quit,Отсутствие карьерного роста (должность не меняется),2
1039,quit,Непонятные / неэтические решения руководства,3
1040,quit,Токсичная атмосфера в команде,1
1040,quit,Отмена удаленного / гибридного формат работы,2
1040,quit,Базовая зарплата не растет (каждый год),3
1041,quit,Базовая зарплата не растет (каждый год),1
1041,quit,Отмена удаленного / гибридного формат работы,2
1041,quit,Отсутствие профессионального или технического развития,3
1042,quit,Финансовая нестабильность компании или сокращение персонала,1
1042,quit,Непонятные / неэтические решения руководства,2
1042,quit,Отсутствие карьерного роста (должность не меняется),3
1043,quit,Базовая зарплата не растет (каждый год),1
1043,quit,Непонятные / неэтические решения руководства,2
1043,quit,Отсутствие профессионального или технического развития,3
1044,quit,Отсутствие карьерного роста (должность не меняется),1
1044,quit,Токсичная атмосфера в команде,2
1044,quit,Отсутствие профессионального или технического развития,3
1045,quit,Отмена удаленного / гибридного формат работы,1
1045,quit,Ухудшение репутации компании на рынке,2
1045,quit,Базовая зарплата не растет (каждый год),3
1046,quit,Финансовая нестабильность компании или сокращение персонала,1
1046,quit,Токсичная атмосфера в команде,2
1046,quit,Непонятные / неэтические решения руководства,3
1047,quit,Высокая бюрократия (сложные / медленные бизнес процессы),1
1047,quit,Токсичная атмосфера в команде,2
1047,quit,Отсутствие профессионального или технического развития,3
1048,quit,Смена руководства (компании / моего подразделения),1
1048,quit,Отсутствие карьерного роста (должность не меняется),2
1048,quit,Непонятные / неэтические решения руководства,3
1049,quit,Токсичная атмосфера в команде,1
1049,quit,Финансовая нестабильность компании или сокращение персонала,2
1049,quit,Базовая зарплата не растет (каждый год),3
1050,quit,Базовая зарплата не растет (каждый год),1
1050,quit,Непонятные / неэтические решения руководства,2
1050,quit,Высокая бюрократия (сложные / медленные бизнес процессы),3
1051,quit,Базовая зарплата не растет (каждый год),1
1051,quit,Токсичная атмосфера в команде,2
1051,quit,Отсутствие карьерного роста (должность не меняется),3
1052,quit,Отсутствие карьерного роста (должность не меняется),1
1052,quit,Отмена удаленного / гибридного формат работы,2
1052,quit,Базовая зарплата не растет (каждый год),3
1053,quit,Базовая зарплата не растет (каждый год),1
1053,quit,Отсутствие профессионального или технического развития,2
1053,quit,Токсичная атмосфера в команде,3
1054,quit,Токсичная атмосфера в команде,1
1054,quit,Высокая бюрократия (сложные / медленные бизнес процессы),2
1054,quit,Отмена удаленного / гибридного формат работы,3
1055,quit,Базовая зарплата не растет (каждый год),1
1055,quit,Токсичная атмосфера в команде,2
1055,quit,Высокая бюрократия (сложные / медленные бизнес процессы),3
1056,quit,Непонятные / неэтические решения руководства,1
1056,quit,Базовая зарплата не растет (каждый год),2
1056,quit,Отмена удаленного / гибридного формат работы,3
1057,quit,Базовая зарплата не растет (каждый год),1
1057,quit,Высокая бюрократия (сложные / медленные бизнес процессы),2
1057,quit,Финансовая нестабильность компании или сокращение персонала,3
1058,quit,Базовая зарплата не растет (каждый год),1
1058,quit,Непонятные / неэтические решения руководства,2
1058,quit,Токсичная атмосфера в команде,3
1059,quit,Отсутствие профессионального или технического развития,1
1059,quit,Непонятные / неэтические решения руководства,2
1059,quit,Базовая зарплата не растет (каждый год),3
1060,quit,Непонятные / неэтические решения руководства,1
1060,quit,Отмена удаленного / гибридного формат работы,2
1060,quit,Отсутствие профессионального или технического развития,3
1061,quit,Финансовая нестабильность компании или сокращение персонала,1
1061,quit,Непонятные / неэтические решения руководства,2
1061,quit,Отсутствие карьерного роста (должность не меняется),3
1062,quit,Токсичная атмосфера в команде,1
1062,quit,Отсутствие профессионального или технического развития,2
1062,quit,Непонятные / неэтические решения руководства,3
1063,quit,Нет амбициозных задач и проектов,1
1063,quit,Базовая зарплата не растет (каждый год),2
1063,quit,Непонятные / неэтические решения руководства,3
1064,quit,Токсичная атмосфера в команде,1
1064,quit,Отсутствие профессионального или технического развития,2
1064,quit,Высокая бюрократия (сложные / медленные бизнес процессы),3
1065,quit,Отсутствие профессионального или технического развития,1
1065,quit,Финансовая нестабильность компании или сокращение персонала,2
1065,quit,Непонятные / неэтические решения руководства,3
1066,quit,Финансовая нестабильность компании или сокращение персонала,1
1066,quit,Отмена удаленного / гибридного формат работы,2
1066,quit,Непонятные / неэтические решения руководства,3
1067,quit,Базовая зарплата не растет (каждый год),1
1067,quit,Отсутствие карьерного роста (должность не меняется),2
1067,quit,Отсутствие профессионального или технического развития,3
1068,quit,Токсичная атмосфера в команде,1
1068,quit,Непонятные / неэтические решения руководства,2
1068,quit,Финансовая нестабильность компании или сокращение персонала,3
1069,quit,Финансовая нестабильность компании или сокращение персонала,1
1069,quit,Базовая зарплата не растет (каждый год),2
1069,quit,Токсичная атмосфера в команде,3
1070,quit,Базовая зарплата не растет (каждый год),1
1070,quit,Непонятные / неэтические решения руководства,2
1070,quit,Отсутствие карьерного роста (должность не меняется),3
1071,quit,Высокая бюрократия (сложные / медленные бизнес процессы),1
1071,quit,Базовая зарплата не растет (каждый год),2
1071,quit,Непонятные / неэтические решения руководства,3
1072,quit,Финансовая нестабильность компании или сокращение персонала,1
1072,quit,Отсутствие карьерного роста (должность не меняется),2
1072,quit,Смена руководства (компании / моего подразделения),3
1073,quit,Базовая зарплата не растет (каждый год),1
1073,quit,Отмена удаленного / гибридного формат работы,2
1073,quit,Токсичная атмосфера в команде,3
1074,quit,Финансовая нестабильность компании или сокращение персонала,1
1074,quit,Отсутствие профессионального или технического развития,2
1074,quit,Непонятные / неэтические решения руководства,3
1075,quit,Непонятные / неэтические решения руководства,1
1075,quit,Финансовая нестабильность компании или сокращение персонала,2
1075,quit,Отмена удаленного / гибридного формат работы,3
1076,quit,Токсичная атмосфера в команде,1
1076,quit,Отмена удаленного / гибридного формат работы,2
1076,quit,Базовая зарплата не растет (каждый год),3
1077,quit,Отсутствие карьерного роста (должность не меняется),1
1077,quit,Непонятные / неэтические решения руководства,2
1077,quit,Нет амбициозных задач и проектов,3
1078,quit,Финансовая нестабильность компании или сокращение персонала,1
1078,quit,Высокая бюрократия (сложные / медленные бизнес процессы),2
1078,quit,Непонятные / неэтические решения руководства,3
1079,quit,Токсичная атмосфера в команде,1
1079,quit,Базовая зарплата не растет (каждый год),2
1079,quit,Непонятные / неэтические решения руководства,3
1080,quit,Непонятные / неэтические решения руководства,1
1080,quit,Финансовая нестабильность компании или сокращение персонала,2
1080,quit,Высокая бюрократия (сложные / медленные бизнес процессы),3
1081,quit,Отсутствие карьерного роста (должность не меняется),1
1081,quit,Финансовая нестабильность компании или сокращение персонала,2
1081,quit,Токсичная атмосфера в команде,3
1082,quit,Базовая зарплата не растет (каждый год),1
1082,quit,Непонятные / неэтические решения руководства,2
1082,quit,Отсутствие карьерного роста (должность не меняется),3
1083,quit,Отмена удаленного / гибридного формат работы,1
1083,quit,Отсутствие профессионального или технического развития,2
1083,quit,Токсичная атмосфера в команде,3
1084,quit,Отмена удаленного / гибридного формат работы,1
1084,quit,Токсичная атмосфера в команде,2
1084,quit,Базовая зарплата не растет (каждый год),3
1085,quit,Отмена удаленного / гибридного формат работы,1
1085,quit,Токсичная атмосфера в команде,2
1085,quit,Финансовая нестабильность компании или сокращение персонала,3
1086,quit,Токсичная атмосфера в команде,1
1086,quit,Отсутствие профессионального или технического развития,2
1086,quit,Непонятные / неэтические решения руководства,3
1087,quit,Отсутствие профессионального или технического развития,1
1087,quit,Финансовая нестабильность компании или сокращение персонала,2
1087,quit,Непонятные / неэтические решения руководства,3
1088,quit,Базовая зарплата не растет (каждый год),1
1088,quit,Непонятные / неэтические решения руководства,2
1088,quit,Отмена удаленного / гибридного формат работы,3
1089,quit,Отмена удаленного / гибридного формат работы,1
1089,quit,Базовая зарплата не растет (каждый год),2
1089,quit,Токсичная атмосфера в команде,3
1090,quit,Отсутствие профессионального или технического развития,1
1090,quit,Токсичная атмосфера в команде,2
1090,quit,Непонятные / неэтические решения руководства,3
1091,quit,Базовая зарплата не растет (каждый год),1
1091,quit,Токсичная атмосфера в команде,2
1091,quit,Непонятные / неэтические решения руководства,3
1092,quit,Токсичная атмосфера в команде,1
1092,quit,Непонятные / неэтические решения руководства,2
1092,quit,Смена руководства (компании / моего подразделения),3
1093,quit,Ухудшение репутации компании на рынке,1
1093,quit,Финансовая нестабильность компании или сокращение персонала,2
1093,quit,Отсутствие профессионального или технического развития,3
1094,quit,Отмена удаленного / гибридного формат работы,1
1094,quit,Базовая зарплата не растет (каждый год),2
1094,quit,Отсутствие профессионального или технического развития,3
1095,quit,Базовая зарплата не растет (каждый год),1
1095,quit,Отмена удаленного / гибридного формат работы,2
1095,quit,Непонятные / неэтические решения руководства,3
1096,quit,Отсутствие профессионального или технического развития,1
1096,quit,Непонятные / неэтические решения руководства,2
1096,quit,Базовая зарплата не растет (каждый год),3
1097,quit,Базовая зарплата не растет (каждый год),1
1097,quit,Токсичная атмосфера в команде,2
1097,quit,Непонятные / неэтические решения руководства,3
1098,quit,Базовая зарплата не растет (каждый год),1
1098,quit,Нет амбициозных задач и проектов,2
1098,quit,Отсутствие карьерного роста (должность не меняется),3
1099,quit,Непонятные / неэтические решения руководства,1
1099,quit,Смена руководства (компании / моего подразделения),2
1099,quit,Высокая бюрократия (сложные / медленные бизнес процессы),3
1100,quit,Базовая зарплата не растет (каждый год),1
1100,quit,Токсичная атмосфера в команде,2
1100,quit,Отсутствие профессионального или технического развития,3
1101,quit,Токсичная атмосфера в команде,1
1101,quit,Отсутствие профессионального или технического развития,2
1101,quit,Отсутствие карьерного роста (должность не меняется),3
1102,quit,Высокая бюрократия (сложные / медленные бизнес процессы),1
1102,quit,Непонятные / неэтические решения руководства,2
1102,quit,Отсутствие профессионального или технического развития,3
1103,quit,Непонятные / неэтические решения руководства,1
1103,quit,Базовая зарплата не растет (каждый год),2
1103,quit,Финансовая нестабильность компании или сокращение персонала,3
1104,quit,Базовая зарплата не растет (каждый год),1
1104,quit,Финансовая нестабильность компании или сокращение персонала,2
1104,quit,Высокая бюрократия (сложные / медленные бизнес процессы),3
1105,quit,Токсичная атмосфера в команде,1
1105,quit,Базовая зарплата не растет (каждый год),2
1105,quit,Непонятные / неэтические решения руководства,3
1106,quit,Базовая зарплата не растет (каждый год),1
1106,quit,Непонятные / неэтические решения руководства,2
1106,quit,Токсичная атмосфера в команде,3
1107,quit,Нет амбициозных задач и проектов,1
1107,quit,Токсичная атмосфера в команде,2
1107,quit,Непонятные / неэтические решения руководства,3
1108,quit,Токсичная атмосфера в команде,1
1108,quit,Непонятные / неэтические решения руководства,2
1108,quit,Отсутствие карьерного роста (должность не меняется),3
1109,quit,Базовая зарплата не растет (каждый год),1
1109,quit,Финансовая нестабильность компании или сокращение персонала,2
1109,quit,Токсичная атмосфера в команде,3
1110,quit,Базовая зарплата не растет (каждый год),1
1110,quit,Отсутствие карьерного роста (должность не меняется),2
1110,quit,Отмена удаленного / гибридного формат работы,3
1111,quit,Непонятные / неэтические решения руководства,1
1111,quit,Токсичная атмосфера в команде,2
1111,quit,Отсутствие карьерного роста (должность не меняется),3
1,reject,Нет интересных задач или проектов,1
1,reject,Несоответствующий уровень заработной платы,2
1,reject,Нет удаленного или гибридного формат работы,3
2,reject,Нет перспектив профессионального развития,1
2,reject,Нет интересных задач или проектов,2
2,reject,Плохая репутация компании или её руководства,3
3,reject,Плохая репутация компании или её руководства,1
3,reject,"Нет официального оформление трудовых отношений (""серая"" или ""черная"" зарплата)",2
3,reject,Негативная атмосфера в команде,3
4,reject,Нет удаленного или гибридного формат работы,1
4,reject,"Нет официального оформление трудовых отношений (""серая"" или ""черная"" зарплата)",2
4,reject,Неудовлетворительный процесс найма,3
5,reject,Плохая репутация компании или её руководства,1
5,reject,Нестабильный бизнес компании,2
5,reject,Нет перспектив профессионального развития,3
6,reject,Несоответствующий уровень заработной платы,1
6,reject,Нет удаленного или гибридного формат работы,2
6,reject,Нестабильный бизнес компании,3
7,reject,Негативная атмосфера в команде,1
7,reject,Несоответствующий уровень заработной платы,2
7,reject,Плохая репутация компании или её руководства,3
8,reject,Несоответствующий уровень заработной платы,1
8,reject,"Нет официального оформление трудовых отношений (""серая"" или ""черная"" зарплата)",2
8,reject,Негативная атмосфера в команде,3
9,reject,Нестабильный бизнес компании,1
9,reject,"Нет официального оформление трудовых отношений (""серая"" или ""черная"" зарплата)",2
9,reject,Плохая репутация компании или её руководства,3
10,reject,Нет интересных задач или проектов,1
10,reject,Несоответствующий уровень заработной платы,2
10,reject,Негативная атмосфера в команде,3
11,reject,Несоответствующий уровень заработной платы,1
11,reject,Негативная атмосфера в команде,2
11,reject,Нет интересных задач или проектов,3
12,reject,Нет удаленного или гибридного формат работы,1
12,reject,Нет интересных задач или проектов,2
12,reject,Несоответствующий уровень заработной платы,3
13,reject,Нестабильный бизнес компании,1
13,reject,Нет перспектив профессионального развития,2
13,reject,Плохая репутация компании или её руководства,3
14,reject,Плохая репутация компании или её руководства,1
14,reject,Несоответствующий уровень заработной платы,2
14,reject,Негативная атмосфера в команде,3
15,reject,Несоответствующий уровень заработной платы,1
15,reject,"Нет официального оформление трудовых отношений (""серая"" или ""черная"" зарплата)",2
15,reject,Плохая репутация компании или её руководства,3
16,reject,Несоответствующий уровень заработной платы,1
16,reject,Плохая репутация компании или её руководства,2
16,reject,Нестабильный бизнес компании,3
17,reject,Несоответствующий уровень заработной платы,1
17,reject,Нет перспектив профессионального развития,2
17,reject,Нет интересных задач или проектов,3
18,reject,Несоответствующий уровень заработной платы,1
18,reject,"Нет официального оформление трудовых отношений (""серая"" или ""черная"" зарплата)",2
18,reject,Негативная атмосфера в команде,3
19,reject,Несоответствующий уровень заработной платы,1
19,reject,Негативная атмосфера в команде,2
19,reject,"Нет официального оформление трудовых отношений (""серая"" или ""черная"" зарплата)",3
20,reject,"Нет официального оформление трудовых отношений (""серая"" или ""черная"" зарплата)",1
20,reject,Нет перспектив профессионального развития,2
20,reject,Несоответствующий уровень заработной платы,3
21,reject,Нет удаленного или гибридного формат работы,1
21,reject,Несоответствующий уровень заработной платы,2
21,reject,Плохая репутация компании или её руководства,3
22,reject,Нет удаленного или гибридного формат работы,1
22,reject,Несоответствующий уровень заработной платы,2
22,reject,"Нет официального оформление трудовых отношений (""серая"" или ""черная"" зарплата)",3
23,reject,Негативная атмосфера в команде,1
23,reject,Нет интересных задач или проектов,2
23,reject,"Нет официального оформление трудовых отношений (""серая"" или ""черная"" зарплата)",3
24,reject,Плохая репутация компании или её руководства,1
24,reject,Несоответствующий уровень заработной платы,2
24,reject,"Нет официального оформление трудовых отношений (""серая"" или ""черная"" зарплата)",3
25,reject,Плохая репутация компании или её руководства,1
25,reject,"Нет официального оформление трудовых отношений (""серая"" или ""черная"" зарплата)",2
25,reject,Нестабильный бизнес компании,3
26,reject,"Нет официального оформление трудовых отношений (""серая"" или ""черная"" зарплата)",1
26,reject,Нет перспектив профессионального развития,2
26,reject,Несоответствующий уровень заработной платы,3
27,reject,"Нет официального оформление трудовых отношений (""серая"" или ""черная"" зарплата)",1
27,reject,Несоответствующий уровень заработной платы,2
27,reject,Плохая репутация компании или её руководства,3
28,reject,Негативная атмосфера в команде,1
28,reject,Плохая репутация компании или её руководства,2
28,reject,Нет перспектив профессионального развития,3
29,reject,Несоответствующий уровень заработной платы,1
29,reject,Нет удаленного или гибридного формат работы,2
29,reject,Плохая репутация компании или её руководства,3
30,reject,Негативная атмосфера в команде,1
30,reject,Непривлекательные цифровые продукты компании,2
30,reject,Несоответствующий уровень заработной платы,3
31,reject,Несоответствующий уровень заработной платы,1
31,reject,Плохая репутация компании или её руководства,2
31,reject,Нет перспектив профессионального развития,3
32,reject,Несоответствующий уровень заработной платы,1
32,reject,Нет перспектив профессионального развития,2
32,reject,"Нет официального оформление трудовых отношений (""серая"" или ""черная"" зарплата)",3
33,reject,Плохая репутация компании или её руководства,1
33,reject,Негативная атмосфера в команде,2
33,reject,Несоответствующий уровень заработной платы,3
34,reject,Нет удаленного или гибридного формат работы,1
34,reject,Несоответствующий уровень заработной платы,2
34,reject,Плохая репутация компании или её руководства,3
35,reject,Несоответствующий уровень заработной платы,1
35,reject,Неудовлетворительный процесс найма,2
35,reject,Нет перспектив профессионального развития,3
36,reject,Неудовлетворительный процесс найма,1
36,reject,Негативная атмосфера в команде,2
36,reject,Несоответствующий уровень заработной платы,3
37,reject,"Нет официального оформление трудовых отношений (""серая"" или ""черная"" зарплата)",1
37,reject,Несоответствующий уровень заработной платы,2
37,reject,Нестабильный бизнес компании,3
38,reject,Негативная атмосфера в команде,1
38,reject,"Нет официального оформление трудовых отношений (""серая"" или ""черная"" зарплата)",2
38,reject,Несоответствующий уровень заработной платы,3
39,reject,Плохая репутация компании или её руководства,1
39,reject,Негативная атмосфера в команде,2
39,reject,Нет перспектив профессионального развития,3
40,reject,Нет перспектив профессионального развития,1
40,reject,Нет интересных задач или проектов,2
40,reject,Негативная атмосфера в команде,3
41,reject,Негативная атмосфера в команде,1
41,reject,"Нет официального оформление трудовых отношений (""серая"" или ""черная"" зарплата)",2
41,reject,Нет перспектив профессионального развития,3
42,reject,Нет интересных задач или проектов,1
42,reject,Плохая репутация компании или её руководства,2
42,reject,Несоответствующий уровень заработной платы,3
43,reject,Нестабильный бизнес компании,1
43,reject,Плохая репутация компании или её руководства,2
43,reject,"Нет официального оформление трудовых отношений (""серая"" или ""черная"" зарплата)",3
44,reject,Нет перспектив профессионального развития,1
44,reject,Непривлекательные цифровые продукты компании,2
44,reject,Негативная атмосфера в команде,3
45,reject,Нет удаленного или гибридного формат работы,1
45,reject,Несоответствующий уровень заработной платы,2
45,reject,"Нет официального оформление трудовых отношений (""серая"" или ""черная"" зарплата)",3
46,reject,Нестабильный бизнес компании,1
46,reject,Негативная атмосфера в команде,2
46,reject,"Нет официального оформление трудовых отношений (""серая"" или ""черная"" зарплата)",3
47,reject,Несоответствующий уровень заработной платы,1
47,reject,Нестабильный бизнес компании,2
47,reject,Плохая репутация компании или её руководства,3
48,reject,Нет интересных задач или проектов,1
48,reject,Несоответствующий уровень заработной платы,2
48,reject,Нет перспектив профессионального развития,3
49,reject,Нет перспектив профессионального развития,1
50,reject,Негативная атмосфера в команде,1
50,reject,Плохая репутация компании или её руководства,2
50,reject,Несоответствующий уровень заработной платы,3
51,reject,Нет перспектив профессионального развития,1
51,reject,"Нет официального оформление трудовых отношений (""серая"" или ""черная"" зарплата)",2
51,reject,Негативная атмосфера в команде,3
52,reject,Несоответствующий уровень заработной платы,1
52,reject,Нет удаленного или гибридного формат работы,2
52,reject,Плохая репутация компании или её руководства,3
53,reject,Несоответствующий уровень заработной платы,1
53,reject,Нет перспектив профессионального развития,2
53,reject,Негативная атмосфера в команде,3
54,reject,Несоответствующий уровень заработной платы,1
54,reject,Негативная атмосфера в команде,2
54,reject,Плохая репутация компании или её руководства,3
55,reject,"Нет официального оформление трудовых отношений (""серая"" или ""черная"" зарплата)",1
55,reject,Нет удаленного или гибридного формат работы,2
55,reject,Плохая репутация компании или её руководства,3
56,reject,Негативная атмосфера в команде,1
57,reject,Нет интересных задач или проектов,1
57,reject,Неудовлетворительный процесс найма,2
57,reject,Нет удаленного или гибридного формат работы,3
58,reject,Плохая репутация компании или её руководства,1
58,reject,Негативная атмосфера в команде,2
58,reject,Нестабильный бизнес компании,3
59,reject,Несоответствующий уровень заработной платы,1
59,reject,Нестабильный бизнес компании,2
59,reject,Нет перспектив профессионального развития,3
60,reject,Несоответствующий уровень заработной платы,1
61,reject,Плохая репутация компании или её руководства,1
61,reject,Несоответствующий уровень заработной платы,2
61,reject,Нет интересных задач или проектов,3
62,reject,Несоответствующий уровень заработной платы,1
62,reject,Нет удаленного или гибридного формат работы,2
62,reject,Негативная атмосфера в команде,3
63,reject,Нет интересных задач или проектов,1
63,reject,Негативная атмосфера в команде,2
63,reject,Непривлекательные цифровые продукты компании,3
64,reject,Плохая репутация компании или её руководства,1
64,reject,Несоответствующий уровень заработной платы,2
64,reject,Негативная атмосфера в команде,3
65,reject,Плохая репутация компании или её руководства,1
65,reject,Негативная атмосфера в команде,2
65,reject,Несоответствующий уровень заработной платы,3
66,reject,Нет перспектив профессионального развития,1
67,reject,Негативная атмосфера в команде,1
67,reject,"Нет официального оформление трудовых отношений (""серая"" или ""черная"" зарплата)",2
67,reject,Плохая репутация компании или её руководства,3
68,reject,Нет удаленного или гибридного формат работы,1
68,reject,Несоответствующий уровень заработной платы,2
68,reject,Негативная атмосфера в команде,3
69,reject,Нет интересных задач или проектов,1
69,reject,Нет удаленного или гибридного формат работы,2
69,reject,Нет перспектив профессионального развития,3
70,reject,Несоответствующий уровень заработной платы,1
70,reject,Негативная атмосфера в команде,2
70,reject,Нет перспектив профессионального развития,3
71,reject,Нет удаленного или гибридного формат работы,1
71,reject,Нет интересных задач или проектов,2
71,reject,Несоответствующий уровень заработной платы,3
72,reject,Нет удаленного или гибридного формат работы,1
72,reject,Плохая репутация компании или её руководства,2
72,reject,Нестабильный бизнес компании,3
73,reject,Негативная атмосфера в команде,1
73,reject,Нет перспектив профессионального развития,2
73,reject,Несоответствующий уровень заработной платы,3
74,reject,Плохая репутация компании или её руководства,1
74,reject,Негативная атмосфера в команде,2
74,reject,Несоответствующий уровень заработной платы,3
75,reject,Негативная атмосфера в команде,1
75,reject,"Нет официального оформление трудовых отношений (""серая"" или ""черная"" зарплата)",2
75,reject,Нет перспектив профессионального развития,3
76,reject,Несоответствующий уровень заработной платы,1
76,reject,Нестабильный бизнес компании,2
76,reject,Нет интересных задач или проектов,3
77,reject,Несоответствующий уровень заработной платы,1
77,reject,"Нет официального оформление трудовых отношений (""серая"" или ""черная"" зарплата)",2
77,reject,Негативная атмосфера в команде,3
78,reject,Плохая репутация компании или её руководства,1
78,reject,Несоответствующий уровень заработной платы,2
78,reject,Негативная атмосфера в команде,3
79,reject,Нет интересных задач или проектов,1
79,reject,Негативная атмосфера в команде,2
79,reject,Нет перспектив профессионального развития,3
80,reject,Нет перспектив профессионального развития,1
80,reject,Нестабильный бизнес компании,2
80,reject,Нет интересных задач или проектов,3
81,reject,Негативная атмосфера в команде,1
81,reject,Нет перспектив профессионального развития,2
81,reject,Несоответствующий уровень заработной платы,3
82,reject,"Нет официального оформление трудовых отношений (""серая"" или ""черная"" зарплата)",1
82,reject,Негативная атмосфера в команде,2
82,reject,Плохая репутация компании или её руководства,3
83,reject,Плохая репутация компании или её руководства,1
83,reject,Несоответствующий уровень заработной платы,2
83,reject,Нестабильный бизнес компании,3
84,reject,Неудовлетворительный процесс найма,1
84,reject,Плохая репутация компании или её руководства,2
84,reject,Несоответствующий уровень заработной платы,3
85,reject,Нет удаленного или гибридного формат работы,1
85,reject,"Нет официального оформление трудовых отношений (""серая"" или ""черная"" зарплата)",2
85,reject,Несоответствующий уровень заработной платы,3
86,reject,Нет удаленного или гибридного формат работы,1
86,reject,Нет перспектив профессионального развития,2
86,reject,Нет интересных задач или проектов,3
87,reject,Несоответствующий уровень заработной платы,1
87,reject,Плохая репутация компании или её руководства,2
87,reject,"Нет официального оформление трудовых отношений (""серая"" или ""черная"" зарплата)",3
88,reject,Нет перспектив профессионального развития,1
88,reject,Несоответствующий уровень заработной платы,2
88,reject,Плохая репутация компании или её руководства,3
89,reject,"Нет официального оформление трудовых отношений (""серая"" или ""черная"" зарплата)",1
89,reject,Нет перспектив профессионального развития,2
89,reject,Нет удаленного или гибридного формат работы,3
90,reject,Нет удаленного или гибридного формат работы,1
90,reject,Плохая репутация компании или её руководства,2
90,reject,Несоответствующий уровень заработной платы,3
91,reject,Плохая репутация компании или её руководства,1
91,reject,"Нет официального оформление трудовых отношений (""серая"" или ""черная"" зарплата)",2
91,reject,Несоответствующий уровень заработной платы,3
92,reject,Плохая репутация компании или её руководства,1
92,reject,Негативная атмосфера в команде,2
92,reject,Несоответствующий уровень заработной платы,3
93,reject,Негативная атмосфера в команде,1
93,reject,Нет перспектив профессионального развития,2
93,reject,Несоответствующий уровень заработной платы,3
94,reject,Несоответствующий уровень заработной платы,1
94,reject,Плохая репутация компании или её руководства,2
94,reject,Нет перспектив профессионального развития,3
95,reject,Нет удаленного или гибридного формат работы,1
95,reject,Плохая репутация компании или её руководства,2
95,reject,Несоответствующий уровень заработной платы,3
96,reject,"Нет официального оформление трудовых отношений (""серая"" или ""черная"" зарплата)",1
96,reject,Несоответствующий уровень заработной платы,2
96,reject,Плохая репутация компании или её руководства,3
97,reject,Негативная атмосфера в команде,1
97,reject,"Нет официального оформление трудовых отношений (""серая"" или ""черная"" зарплата)",2
97,reject,Нестабильный бизнес компании,3
98,reject,Нет удаленного или гибридного формат работы,1
98,reject,Нет интересных задач или проектов,2
98,reject,Нет перспектив профессионального развития,3
99,reject,Плохая репутация компании или её руководства,1
99,reject,"Нет официального оформление трудовых отношений (""серая"" или ""черная"" зарплата)",2
99,reject,Нет удаленного или гибридного формат работы,3
100,reject,Плохая репутация компании или её руководства,1
100,reject,Нет перспектив профессионального развития,2
100,reject,Нестабильный бизнес компании,3
101,reject,Нестабильный бизнес компании,1
101,reject,Плохая репутация компании или её руководства,2
101,reject,Несоответствующий уровень заработной платы,3
102,reject,Нестабильный бизнес компании,1
102,reject,Плохая репутация компании или её руководства,2
102,reject,"Нет официального оформление трудовых отношений (""серая"" или ""черная"" зарплата)",3
103,reject,Несоответствующий уровень заработной платы,1
103,reject,Нестабильный бизнес компании,2
103,reject,Негативная атмосфера в команде,3
104,reject,Нестабильный бизнес компании,1
104,reject,Негативная атмосфера в команде,2
104,reject,Нет удаленного или гибридного формат работы,3
105,reject,Нет перспектив профессионального развития,1
105,reject,Несоответствующий уровень заработной платы,2
105,reject,Нет интересных задач или проектов,3
106,reject,"Нет официального оформление трудовых отношений (""серая"" или ""черная"" зарплата)",1
106,reject,Плохая репутация компании или её руководства,2
106,reject,Нестабильный бизнес компании,3
107,reject,Нестабильный бизнес компании,1
107,reject,Нет удаленного или гибридного формат работы,2
107,reject,Несоответствующий уровень заработной платы,3
108,reject,Негативная атмосфера в команде,1
108,reject,Нет удаленного или гибридного формат работы,2
108,reject,Нет перспектив профессионального развития,3
109,reject,"Нет официального оформление трудовых отношений (""серая"" или ""черная"" зарплата)",1
109,reject,Нет перспектив профессионального развития,2
109,reject,Несоответствующий уровень заработной платы,3
110,reject,Несоответствующий уровень заработной платы,1
110,reject,Нет интересных задач или проектов,2
110,reject,Плохая репутация компании или её руководства,3
111,reject,Несоответствующий уровень заработной платы,1
111,reject,Плохая репутация компании или её руководства,2
111,reject,Негативная атмосфера в команде,3
112,reject,Нет удаленного или гибридного формат работы,1
112,reject,"Нет официального оформление трудовых отношений (""серая"" или ""черная"" зарплата)",2
112,reject,Несоответствующий уровень заработной платы,3
113,reject,Несоответствующий уровень заработной платы,1
113,reject,Плохая репутация компании или её руководства,2
113,reject,"Нет официального оформление трудовых отношений (""серая"" или ""черная"" зарплата)",3
114,reject,"Нет официального оформление трудовых отношений (""серая"" или ""черная"" зарплата)",1
114,reject,Несоответствующий уровень заработной платы,2
114,reject,Негативная атмосфера в команде,3
115,reject,Нет интересных задач или проектов,1
115,reject,Несоответствующий уровень заработной платы,2
115,reject,Нет перспектив профессионального развития,3
116,reject,Плохая репутация компании или её руководства,1
116,reject,Негативная атмосфера в команде,2
116,reject,"Нет официального оформление трудовых отношений (""серая"" или ""черная"" зарплата)",3
117,reject,Нет перспектив профессионального развития,1
117,reject,Плохая репутация компании или её руководства,2
117,reject,Несоответствующий уровень заработной платы,3
118,reject,Несоответствующий уровень заработной платы,1
118,reject,Негативная атмосфера в команде,2
118,reject,Плохая репутация компании или её руководства,3
119,reject,"Нет официального оформление трудовых отношений (""серая"" или ""черная"" зарплата)",1
119,reject,Негативная атмосфера в команде,2
119,reject,Несоответствующий уровень заработной платы,3
120,reject,"Нет официального оформление трудовых отношений (""серая"" или ""черная"" зарплата)",1
120,reject,Плохая репутация компании или её руководства,2
120,reject,Негативная атмосфера в команде,3
121,reject,Нет интересных задач или проектов,1
121,reject,Несоответствующий уровень заработной платы,2
121,reject,"Нет официального оформление трудовых отношений (""серая"" или ""черная"" зарплата)",3
122,reject,Несоответствующий уровень заработной платы,1
122,reject,"Нет официального оформление трудовых отношений (""серая"" или ""черная"" зарплата)",2
122,reject,Плохая репутация компании или её руководства,3
123,reject,"Нет официального оформление трудовых отношений (""серая"" или ""черная"" зарплата)",1
123,reject,Нет перспектив профессионального развития,2
123,reject,Несоответствующий уровень заработной платы,3
124,reject,"Нет официального оформление трудовых отношений (""серая"" или ""черная"" зарплата)",1
124,reject,Несоответствующий уровень заработной платы,2
124,reject,Плохая репутация компании или её руководства,3
125,reject,Нет удаленного или гибридного формат работы,1
125,reject,Несоответствующий уровень заработной платы,2
125,reject,Нет перспектив профессионального развития,3
126,reject,Нестабильный бизнес компании,1
126,reject,Непривлекательные цифровые продукты компании,2
126,reject,Негативная атмосфера в команде,3
127,reject,Плохая репутация компании или её руководства,1
127,reject,"Нет официального оформление трудовых отношений (""серая"" или ""черная"" зарплата)",2
127,reject,Нет удаленного или гибридного формат работы,3
128,reject,"Нет официального оформление трудовых отношений (""серая"" или ""черная"" зарплата)",1
128,reject,Неудовлетворительный процесс найма,2
128,reject,Непривлекательные цифровые продукты компании,3
129,reject,Нет удаленного или гибридного формат работы,1
129,reject,Несоответствующий уровень заработной платы,2
129,reject,Негативная атмосфера в команде,3
130,reject,Несоответствующий уровень заработной платы,1
130,reject,Нет удаленного или гибридного формат работы,2
130,reject,Плохая репутация компании или её руководства,3
131,reject,"Нет официального оформление трудовых отношений (""серая"" или ""черная"" зарплата)",1
131,reject,Несоответствующий уровень заработной платы,2
131,reject,Негативная атмосфера в команде,3
132,reject,Нет интересных задач или проектов,1
132,reject,"Нет официального оформление трудовых отношений (""серая"" или ""черная"" зарплата)",2
132,reject,Плохая репутация компании или её руководства,3
133,reject,"Нет официального оформление трудовых отношений (""серая"" или ""черная"" зарплата)",1
133,reject,Нет удаленного или гибридного формат работы,2
133,reject,Несоответствующий уровень заработной платы,3
134,reject,"Нет официального оформление трудовых отношений (""серая"" или ""черная"" зарплата)",1
134,reject,Нестабильный бизнес компании,2
134,reject,Несоответствующий уровень заработной платы,3
135,reject,Нет интересных задач или проектов,1
135,reject,Несоответствующий уровень заработной платы,2
135,reject,Нет удаленного или гибридного формат работы,3
136,reject,Плохая репутация компании или её руководства,1
136,reject,Негативная атмосфера в команде,2
136,reject,Нет удаленного или гибридного формат работы,3
137,reject,Нестабильный бизнес компании,1
137,reject,Несоответствующий уровень заработной платы,2
137,reject,Нет перспектив профессионального развития,3
138,reject,Неудовлетворительный процесс найма,1
138,reject,Нет удаленного или гибридного формат работы,2
138,reject,Несоответствующий уровень заработной платы,3
139,reject,Несоответствующий уровень заработной платы,1
139,reject,Нет перспектив профессионального развития,2
139,reject,Нет удаленного или гибридного формат работы,3
140,reject,Нет удаленного или гибридного формат работы,1
140,reject,"Нет официального оформление трудовых отношений (""серая"" или ""черная"" зарплата)",2
140,reject,Несоответствующий уровень заработной платы,3
141,reject,Несоответствующий уровень заработной платы,1
141,reject,Плохая репутация компании или её руководства,2
141,reject,"Нет официального оформление трудовых отношений (""серая"" или ""черная"" зарплата)",3
142,reject,Несоответствующий уровень заработной платы,1
142,reject,Плохая репутация компании или её руководства,2
142,reject,Негативная атмосфера в команде,3
143,reject,"Нет официального оформление трудовых отношений (""серая"" или ""черная"" зарплата)",1
143,reject,Нет удаленного или гибридного формат работы,2
143,reject,Плохая репутация компании или её руководства,3
144,reject,Негативная атмосфера в команде,1
144,reject,Нет интересных задач или проектов,2
144,reject,Нет перспектив профессионального развития,3
145,reject,Негативная атмосфера в команде,1
145,reject,"Нет официального оформление трудовых отношений (""серая"" или ""черная"" зарплата)",2
145,reject,Нет перспектив профессионального развития,3
146,reject,Нет перспектив профессионального развития,1
146,reject,Несоответствующий уровень заработной платы,2
146,reject,Плохая репутация компании или её руководства,3
147,reject,"Нет официального оформление трудовых отношений (""серая"" или ""черная"" зарплата)",1
147,reject,Несоответствующий уровень заработной платы,2
147,reject,Плохая репутация компании или её руководства,3
148,reject,Несоответствующий уровень заработной платы,1
148,reject,"Нет официального оформление трудовых отношений (""серая"" или ""черная"" зарплата)",2
148,reject,Плохая репутация компании или её руководства,3
149,reject,"Нет официального оформление трудовых отношений (""серая"" или ""черная"" зарплата)",1
149,reject,Плохая репутация компании или её руководства,2
149,reject,Нестабильный бизнес компании,3
150,reject,Нет перспектив профессионального развития,1
150,reject,Нет удаленного или гибридного формат работы,2
150,reject,Нет интересных задач или проектов,3
151,reject,Нестабильный бизнес компании,1
151,reject,Нет удаленного или гибридного формат работы,2
151,reject,Несоответствующий уровень заработной платы,3
152,reject,Плохая репутация компании или её руководства,1
152,reject,Непривлекательные цифровые продукты компании,2
152,reject,"Нет официального оформление трудовых отношений (""серая"" или ""черная"" зарплата)",3
153,reject,Нет перспектив профессионального развития,1
153,reject,Несоответствующий уровень заработной платы,2
153,reject,Плохая репутация компании или её руководства,3
154,reject,Негативная атмосфера в команде,1
154,reject,"Нет официального оформление трудовых отношений (""серая"" или ""черная"" зарплата)",2
154,reject,Несоответствующий уровень заработной платы,3
155,reject,Несоответствующий уровень заработной платы,1
155,reject,Нет удаленного или гибридного формат работы,2
155,reject,Негативная атмосфера в команде,3
156,reject,Негативная атмосфера в команде,1
156,reject,"Нет официального оформление трудовых отношений (""серая"" или ""черная"" зарплата)",2
156,reject,Несоответствующий уровень заработной платы,3
157,reject,Плохая репутация компании или её руководства,1
157,reject,Нет удаленного или гибридного формат работы,2
157,reject,Несоответствующий уровень заработной платы,3
158,reject,Плохая репутация компании или её руководства,1
158,reject,"Нет официального оформление трудовых отношений (""серая"" или ""черная"" зарплата)",2
158,reject,Нет перспектив профессионального развития,3
159,reject,Негативная атмосфера в команде,1
159,reject,Непривлекательные цифровые продукты компании,2
159,reject,Нет интересных задач или проектов,3
160,reject,Нет перспектив профессионального развития,1
160,reject,Несоответствующий уровень заработной платы,2
160,reject,Непривлекательные цифровые продукты компании,3
161,reject,Нет интересных задач или проектов,1
161,reject,Нет удаленного или гибридного формат работы,2
161,reject,Нет перспектив профессионального развития,3
162,reject,Нет интересных задач или проектов,1
162,reject,Непривлекательные цифровые продукты компании,2
162,reject,Нет перспектив профессионального развития,3
163,reject,Нет удаленного или гибридного формат работы,1
163,reject,"Нет официального оформление трудовых отношений (""серая"" или ""черная"" зарплата)",2
163,reject,Нестабильный бизнес компании,3
164,reject,Плохая репутация компании или её руководства,1
164,reject,Негативная атмосфера в команде,2
164,reject,Нестабильный бизнес компании,3
165,reject,Плохая репутация компании или её руководства,1
165,reject,Негативная атмосфера в команде,2
165,reject,Нет удаленного или гибридного формат работы,3
166,reject,Неудовлетворительный процесс найма,1
166,reject,Несоответствующий уровень заработной платы,2
166,reject,Плохая репутация компании или её руководства,3
167,reject,Нет перспектив профессионального развития,1
167,reject,Плохая репутация компании или её руководства,2
168,reject,Нет перспектив профессионального развития,1
168,reject,"Нет официального оформление трудовых отношений (""серая"" или ""черная"" зарплата)",2
168,reject,Негативная атмосфера в команде,3
169,reject,Несоответствующий уровень заработной платы,1
169,reject,"Нет официального оформление трудовых отношений (""серая"" или ""черная"" зарплата)",2
169,reject,Нет удаленного или гибридного формат работы,3
170,reject,Нет удаленного или гибридного формат работы,1
170,reject,Негативная атмосфера в команде,2
170,reject,Нет перспектив профессионального развития,3
171,reject,Нет интересных задач или проектов,1
171,reject,Негативная атмосфера в команде,2
171,reject,Нестабильный бизнес компании,3
172,reject,Негативная атмосфера в команде,1
172,reject,Нет удаленного или гибридного формат работы,2
172,reject,Несоответствующий уровень заработной платы,3
173,reject,Нет перспектив профессионального развития,1
173,reject,Плохая репутация компании или её руководства,2
173,reject,Негативная атмосфера в команде,3
174,reject,Негативная атмосфера в команде,1
174,reject,Несоответствующий уровень заработной платы,2
174,reject,Нестабильный бизнес компании,3
175,reject,Нестабильный бизнес компании,1
175,reject,"Нет официального оформление трудовых отношений (""серая"" или ""черная"" зарплата)",2
175,reject,Несоответствующий уровень заработной платы,3
176,reject,Плохая репутация компании или её руководства,1
176,reject,"Нет официального оформление трудовых отношений (""серая"" или ""черная"" зарплата)",2
176,reject,Негативная атмосфера в команде,3
177,reject,"Нет официального оформление трудовых отношений (""серая"" или ""черная"" зарплата)",1
177,reject,Несоответствующий уровень заработной платы,2
177,reject,Плохая репутация компании или её руководства,3
178,reject,"Нет официального оформление трудовых отношений (""серая"" или ""черная"" зарплата)",1
178,reject,Нет перспектив профессионального развития,2
178,reject,Нестабильный бизнес компании,3
179,reject,"Нет официального оформление трудовых отношений (""серая"" или ""черная"" зарплата)",1
179,reject,Несоответствующий уровень заработной платы,2
179,reject,Нет перспектив профессионального развития,3
180,reject,Несоответствующий уровень заработной платы,1
180,reject,"Нет официального оформление трудовых отношений (""серая"" или ""черная"" зарплата)",2
180,reject,Нет перспектив профессионального развития,3
181,reject,Нет перспектив профессионального развития,1
181,reject,Нет удаленного или гибридного формат работы,2
181,reject,Нет интересных задач или проектов,3
182,reject,Плохая репутация компании или её руководства,1
182,reject,Несоответствующий уровень заработной платы,2
182,reject,Негативная атмосфера в команде,3
183,reject,Плохая репутация компании или её руководства,1
183,reject,Негативная атмосфера в команде,2
183,reject,Нестабильный бизнес компании,3
184,reject,Плохая репутация компании или её руководства,1
184,reject,Нестабильный бизнес компании,2
184,reject,Нет перспектив профессионального развития,3
185,reject,Плохая репутация компании или её руководства,1
185,reject,"Нет официального оформление трудовых отношений (""серая"" или ""черная"" зарплата)",2
185,reject,Несоответствующий уровень заработной платы,3
186,reject,Нестабильный бизнес компании,1
186,reject,Плохая репутация компании или её руководства,2
186,reject,Негативная атмосфера в команде,3
187,reject,Несоответствующий уровень заработной платы,1
187,reject,Негативная атмосфера в команде,2
187,reject,"Нет официального оформление трудовых отношений (""серая"" или ""черная"" зарплата)",3
188,reject,Несоответствующий уровень заработной платы,1
188,reject,Нет перспектив профессионального развития,2
188,reject,Плохая репутация компании или её руководства,3
189,reject,Нет перспектив профессионального развития,1
189,reject,Нет интересных задач или проектов,2
189,reject,Негативная атмосфера в команде,3
190,reject,Нет перспектив профессионального развития,1
190,reject,Плохая репутация компании или её руководства,2
190,reject,Несоответствующий уровень заработной платы,3
191,reject,Плохая репутация компании или её руководства,1
191,reject,Несоответствующий уровень заработной платы,2
191,reject,Нестабильный бизнес компании,3
192,reject,"Нет официального оформление трудовых отношений (""серая"" или ""черная"" зарплата)",1
192,reject,Негативная атмосфера в команде,2
192,reject,Нет удаленного или гибридного формат работы,3
193,reject,Плохая репутация компании или её руководства,1
193,reject,Негативная атмосфера в команде,2
194,reject,Нет перспектив профессионального развития,1
194,reject,"Нет официального оформление трудовых отношений (""серая"" или ""черная"" зарплата)",2
194,reject,Негативная атмосфера в команде,3
195,reject,Несоответствующий уровень заработной платы,1
195,reject,"Нет официального оформление трудовых отношений (""серая"" или ""черная"" зарплата)",2
195,reject,Негативная атмосфера в команде,3
196,reject,Плохая репутация компании или её руководства,1
196,reject,Нет удаленного или гибридного формат работы,2
196,reject,Несоответствующий уровень заработной платы,3
197,reject,Нет удаленного или гибридного формат работы,1
197,reject,Нет перспектив профессионального развития,2
197,reject,Нестабильный бизнес компании,3
198,reject,Нестабильный бизнес компании,1
198,reject,"Нет официального оформление трудовых отношений (""серая"" или ""черная"" зарплата)",2
198,reject,Несоответствующий уровень заработной платы,3
199,reject,Негативная атмосфера в команде,1
199,reject,Плохая репутация компании или её руководства,2
199,reject,Нет перспектив профессионального развития,3
200,reject,Нет интересных задач или проектов,1
200,reject,Несоответствующий уровень заработной платы,2
200,reject,Плохая репутация компании или её руководства,3
201,reject,Непривлекательные цифровые продукты компании,1
201,reject,Плохая репутация компании или её руководства,2
201,reject,Нестабильный бизнес компании,3
202,reject,Несоответствующий уровень заработной платы,1
202,reject,Плохая репутация компании или её руководства,2
202,reject,Нет интересных задач или проектов,3
203,reject,Нестабильный бизнес компании,1
203,reject,Несоответствующий уровень заработной платы,2
203,reject,"Нет официального оформление трудовых отношений (""серая"" или ""черная"" зарплата)",3
204,reject,Нестабильный бизнес компании,1
204,reject,"Нет официального оформление трудовых отношений (""серая"" или ""черная"" зарплата)",2
204,reject,Нет перспектив профессионального развития,3
205,reject,Нестабильный бизнес компании,1
205,reject,Негативная атмосфера в команде,2
205,reject,Нет перспектив профессионального развития,3
206,reject,Плохая репутация компании или её руководства,1
206,reject,Негативная атмосфера в команде,2
206,reject,"Нет официального оформление трудовых отношений (""серая"" или ""черная"" зарплата)",3
207,reject,Несоответствующий уровень заработной платы,1
207,reject,Негативная атмосфера в команде,2
207,reject,Плохая репутация компании или её руководства,3
208,reject,Несоответствующий уровень заработной платы,1
208,reject,"Нет официального оформление трудовых отношений (""серая"" или ""черная"" зарплата)",2
208,reject,Нет интересных задач или проектов,3
209,reject,Несоответствующий уровень заработной платы,1
209,reject,Нет перспектив профессионального развития,2
209,reject,Нет интересных задач или проектов,3
210,reject,Нет перспектив профессионального развития,1
210,reject,"Нет официального оформление трудовых отношений (""серая"" или ""черная"" зарплата)",2
210,reject,Негативная атмосфера в команде,3
211,reject,Несоответствующий уровень заработной платы,1
211,reject,"Нет официального оформление трудовых отношений (""серая"" или ""черная"" зарплата)",2
211,reject,Нестабильный бизнес компании,3
212,reject,"Нет официального оформление трудовых отношений (""серая"" или ""черная"" зарплата)",1
212,reject,Нет интересных задач или проектов,2
212,reject,Несоответствующий уровень заработной платы,3
213,reject,"Нет официального оформление трудовых отношений (""серая"" или ""черная"" зарплата)",1
213,reject,Нет интересных задач или проектов,2
213,reject,Негативная атмосфера в команде,3
214,reject,Плохая репутация компании или её руководства,1
214,reject,Несоответствующий уровень заработной платы,2
214,reject,Другое: неподходящая под отрасль кадровая политика,3
215,reject,Нет удаленного или гибридного формат работы,1
215,reject,Несоответствующий уровень заработной платы,2
215,reject,Негативная атмосфера в команде,3
216,reject,Несоответствующий уровень заработной платы,1
216,reject,Нет перспектив профессионального развития,2
216,reject,Негативная атмосфера в команде,3
217,reject,Нет удаленного или гибридного формат работы,1
217,reject,Несоответствующий уровень заработной платы,2
217,reject,Нестабильный бизнес компании,3
218,reject,Нет перспектив профессионального развития,1
218,reject,Несоответствующий уровень заработной платы,2
218,reject,Негативная атмосфера в команде,3
219,reject,Несоответствующий уровень заработной платы,1
219,reject,"Нет официального оформление трудовых отношений (""серая"" или ""черная"" зарплата)",2
219,reject,Нет перспектив профессионального развития,3
220,reject,Другое: Локация от дома с учтом всех пробок в Алматя,1
221,reject,Нет интересных задач или проектов,1
221,reject,Негативная атмосфера в команде,2
221,reject,Нет перспектив профессионального развития,3
222,reject,Нет перспектив профессионального развития,1
222,reject,Плохая репутация компании или её руководства,2
223,reject,"Нет официального оформление трудовых отношений (""серая"" или ""черная"" зарплата)",1
223,reject,Нет перспектив профессионального развития,2
223,reject,Негативная атмосфера в команде,3
224,reject,Нет удаленного или гибридного формат работы,1
224,reject,Несоответствующий уровень заработной платы,2
224,reject,Негативная атмосфера в команде,3
225,reject,Несоответствующий уровень заработной платы,1
225,reject,Негативная атмосфера в команде,2
225,reject,"Нет официального оформление трудовых отношений (""серая"" или ""черная"" зарплата)",3
226,reject,Нет интересных задач или проектов,1
226,reject,Несоответствующий уровень заработной платы,2
226,reject,Нет перспектив профессионального развития,3
227,reject,Нестабильный бизнес компании,1
227,reject,Несоответствующий уровень заработной платы,2
227,reject,Негативная атмосфера в команде,3
228,reject,Негативная атмосфера в команде,1
228,reject,"Нет официального оформление трудовых отношений (""серая"" или ""черная"" зарплата)",2
228,reject,Неудовлетворительный процесс найма,3
229,reject,Несоответствующий уровень заработной платы,1
229,reject,Нет перспектив профессионального развития,2
229,reject,Негативная атмосфера в команде,3
230,reject,Нет удаленного или гибридного формат работы,1
230,reject,Нет интересных задач или проектов,2
230,reject,Несоответствующий уровень заработной платы,3
231,reject,Несоответствующий уровень заработной платы,1
231,reject,Плохая репутация компании или её руководства,2
231,reject,Нет удаленного или гибридного формат работы,3
232,reject,"Нет официального оформление трудовых отношений (""серая"" или ""черная"" зарплата)",1
232,reject,Негативная атмосфера в команде,2
232,reject,Нет перспектив профессионального развития,3
233,reject,"Нет официального оформление трудовых отношений (""серая"" или ""черная"" зарплата)",1
233,reject,Нет интересных задач или проектов,2
233,reject,Нестабильный бизнес компании,3
234,reject,Несоответствующий уровень заработной платы,1
234,reject,Плохая репутация компании или её руководства,2
234,reject,Негативная атмосфера в команде,3
235,reject,Нет удаленного или гибридного формат работы,1
235,reject,Нет перспектив профессионального развития,2
235,reject,Несоответствующий уровень заработной платы,3
236,reject,"Нет официального оформление трудовых отношений (""серая"" или ""черная"" зарплата)",1
236,reject,Негативная атмосфера в команде,2
236,reject,Несоответствующий уровень заработной платы,3
237,reject,Негативная атмосфера в команде,1
237,reject,Нет удаленного или гибридного формат работы,2
237,reject,Несоответствующий уровень заработной платы,3
238,reject,Плохая репутация компании или её руководства,1
238,reject,"Нет официального оформление трудовых отношений (""серая"" или ""черная"" зарплата)",2
238,reject,Нет интересных задач или проектов,3
239,reject,Нет интересных задач или проектов,1
239,reject,Плохая репутация компании или её руководства,2
239,reject,Непривлекательные цифровые продукты компании,3
240,reject,Плохая репутация компании или её руководства,1
240,reject,"Нет официального оформление трудовых отношений (""серая"" или ""черная"" зарплата)",2
240,reject,Нестабильный бизнес компании,3
241,reject,Нестабильный бизнес компании,1
241,reject,Нет интересных задач или проектов,2
241,reject,Плохая репутация компании или её руководства,3
242,reject,Плохая репутация компании или её руководства,1
242,reject,Негативная атмосфера в команде,2
242,reject,Несоответствующий уровень заработной платы,3
243,reject,Негативная атмосфера в команде,1
243,reject,"Нет официального оформление трудовых отношений (""серая"" или ""черная"" зарплата)",2
243,reject,Плохая репутация компании или её руководства,3
244,reject,"Нет официального оформление трудовых отношений (""серая"" или ""черная"" зарплата)",1
244,reject,Нет перспектив профессионального развития,2
244,reject,Несоответствующий уровень заработной платы,3
245,reject,Нет перспектив профессионального развития,1
245,reject,Нет интересных задач или проектов,2
245,reject,Негативная атмосфера в команде,3
246,reject,"Нет официального оформление трудовых отношений (""серая"" или ""черная"" зарплата)",1
246,reject,Несоответствующий уровень заработной платы,2
246,reject,Нет перспектив профессионального развития,3
247,reject,Нет перспектив профессионального развития,1
247,reject,Нет интересных задач или проектов,2
247,reject,"Нет официального оформление трудовых отношений (""серая"" или ""черная"" зарплата)",3
248,reject,"Нет официального оформление трудовых отношений (""серая"" или ""черная"" зарплата)",1
248,reject,Негативная атмосфера в команде,2
248,reject,Плохая репутация компании или её руководства,3
249,reject,Нет удаленного или гибридного формат работы,1
249,reject,Нет перспектив профессионального развития,2
249,reject,Нестабильный бизнес компании,3
250,reject,Негативная атмосфера в команде,1
250,reject,Нестабильный бизнес компании,2
250,reject,Несоответствующий уровень заработной платы,3
251,reject,Нестабильный бизнес компании,1
251,reject,Негативная атмосфера в команде,2
251,reject,"Нет официального оформление трудовых отношений (""серая"" или ""черная"" зарплата)",3
252,reject,Неудовлетворительный процесс найма,1
252,reject,Нет интересных задач или проектов,2
252,reject,Плохая репутация компании или её руководства,3
253,reject,Нет интересных задач или проектов,1
253,reject,Негативная атмосфера в команде,2
253,reject,Несоответствующий уровень заработной платы,3
254,reject,Негативная атмосфера в команде,1
254,reject,Несоответствующий уровень заработной платы,2
254,reject,"Нет официального оформление трудовых отношений (""серая"" или ""черная"" зарплата)",3
255,reject,Несоответствующий уровень заработной платы,1
255,reject,Плохая репутация компании или её руководства,2
255,reject,Нестабильный бизнес компании,3
256,reject,Плохая репутация компании или её руководства,1
256,reject,Нестабильный бизнес компании,2
256,reject,Нет перспектив профессионального развития,3
257,reject,"Нет официального оформление трудовых отношений (""серая"" или ""черная"" зарплата)",1
257,reject,Нет перспектив профессионального развития,2
257,reject,Негативная атмосфера в команде,3
258,reject,Нет интересных задач или проектов,1
258,reject,Плохая репутация компании или её руководства,2
258,reject,Негативная атмосфера в команде,3
259,reject,Плохая репутация компании или её руководства,1
259,reject,Негативная атмосфера в команде,2
259,reject,Несоответствующий уровень заработной платы,3
260,reject,"Нет официального оформление трудовых отношений (""серая"" или ""черная"" зарплата)",1
260,reject,Нет интересных задач или проектов,2
260,reject,Плохая репутация компании или её руководства,3
261,reject,Нет удаленного или гибридного формат работы,1
261,reject,Нет перспектив профессионального развития,2
261,reject,"Нет официального оформление трудовых отношений (""серая"" или ""черная"" зарплата)",3
262,reject,Нет перспектив профессионального развития,1
262,reject,Негативная атмосфера в команде,2
262,reject,Несоответствующий уровень заработной платы,3
263,reject,Негативная атмосфера в команде,1
263,reject,"Нет официального оформление трудовых отношений (""серая"" или ""черная"" зарплата)",2
263,reject,Несоответствующий уровень заработной платы,3
264,reject,Нет интересных задач или проектов,1
264,reject,Негативная атмосфера в команде,2
264,reject,Несоответствующий уровень заработной платы,3
265,reject,Негативная атмосфера в команде,1
265,reject,Несоответствующий уровень заработной платы,2
265,reject,Нет перспектив профессионального развития,3
266,reject,Плохая репутация компании или её руководства,1
266,reject,Нет перспектив профессионального развития,2
266,reject,Нестабильный бизнес компании,3
267,reject,"Нет официального оформление трудовых отношений (""серая"" или ""черная"" зарплата)",1
267,reject,Негативная атмосфера в команде,2
267,reject,Несоответствующий уровень заработной платы,3
268,reject,Плохая репутация компании или её руководства,1
268,reject,Негативная атмосфера в команде,2
268,reject,Нет удаленного или гибридного формат работы,3
269,reject,Нет удаленного или гибридного формат работы,1
269,reject,Несоответствующий уровень заработной платы,2
269,reject,Нет перспектив профессионального развития,3
270,reject,Нет удаленного или гибридного формат работы,1
270,reject,Нет перспектив профессионального развития,2
270,reject,Несоответствующий уровень заработной платы,3
271,reject,Другое: -,1
272,reject,Несоответствующий уровень заработной платы,1
272,reject,Нестабильный бизнес компании,2
272,reject,Нет перспектив профессионального развития,3
273,reject,Непривлекательные цифровые продукты компании,1
273,reject,Плохая репутация компании или её руководства,2
273,reject,Несоответствующий уровень заработной платы,3
274,reject,Нет перспектив профессионального развития,1
274,reject,"Нет официального оформление трудовых отношений (""серая"" или ""черная"" зарплата)",2
274,reject,Несоответствующий уровень заработной платы,3
275,reject,Нет интересных задач или проектов,1
275,reject,Негативная атмосфера в команде,2
275,reject,"Нет официального оформление трудовых отношений (""серая"" или ""черная"" зарплата)",3
276,reject,"Нет официального оформление трудовых отношений (""серая"" или ""черная"" зарплата)",1
276,reject,Плохая репутация компании или её руководства,2
276,reject,Нет перспектив профессионального развития,3
277,reject,Плохая репутация компании или её руководства,1
277,reject,"Нет официального оформление трудовых отношений (""серая"" или ""черная"" зарплата)",2
277,reject,Негативная атмосфера в команде,3
278,reject,Нет перспектив профессионального развития,1
278,reject,Несоответствующий уровень заработной платы,2
278,reject,Плохая репутация компании или её руководства,3
279,reject,Негативная атмосфера в команде,1
279,reject,Нет интересных задач или проектов,2
279,reject,Несоответствующий уровень заработной платы,3
280,reject,Несоответствующий уровень заработной платы,1
280,reject,Негативная атмосфера в команде,2
280,reject,Нестабильный бизнес компании,3
281,reject,Негативная атмосфера в команде,1
281,reject,Несоответствующий уровень заработной платы,2
281,reject,Плохая репутация компании или её руководства,3
282,reject,Плохая репутация компании или её руководства,1
282,reject,Негативная атмосфера в команде,2
282,reject,Нет интересных задач или проектов,3
283,reject,Нет перспектив профессионального развития,1
283,reject,Несоответствующий уровень заработной платы,2
283,reject,"Нет официального оформление трудовых отношений (""серая"" или ""черная"" зарплата)",3
284,reject,Нет перспектив профессионального развития,1
284,reject,Плохая репутация компании или её руководства,2
284,reject,Нестабильный бизнес компании,3
285,reject,"Нет официального оформление трудовых отношений (""серая"" или ""черная"" зарплата)",1
285,reject,Негативная атмосфера в команде,2
285,reject,Плохая репутация компании или её руководства,3
286,reject,Нет удаленного или гибридного формат работы,1
286,reject,Несоответствующий уровень заработной платы,2
287,reject,Нет удаленного или гибридного формат работы,1
287,reject,Нестабильный бизнес компании,2
287,reject,Нет интересных задач или проектов,3
288,reject,Нет интересных задач или проектов,1
288,reject,"Нет официального оформление трудовых отношений (""серая"" или ""черная"" зарплата)",2
288,reject,Нестабильный бизнес компании,3
289,reject,Негативная атмосфера в команде,1
289,reject,Плохая репутация компании или её руководства,2
289,reject,Несоответствующий уровень заработной платы,3
290,reject,Нет удаленного или гибридного формат работы,1
290,reject,"Нет официального оформление трудовых отношений (""серая"" или ""черная"" зарплата)",2
290,reject,Несоответствующий уровень заработной платы,3
291,reject,Нет удаленного или гибридного формат работы,1
291,reject,Негативная атмосфера в команде,2
291,reject,Нет перспектив профессионального развития,3
292,reject,Негативная атмосфера в команде,1
292,reject,Плохая репутация компании или её руководства,2
292,reject,Несоответствующий уровень заработной платы,3
293,reject,Несоответствующий уровень заработной платы,1
293,reject,Нет перспектив профессионального развития,2
293,reject,Негативная атмосфера в команде,3
294,reject,Нестабильный бизнес компании,1
294,reject,Несоответствующий уровень заработной платы,2
294,reject,Негативная атмосфера в команде,3
295,reject,Непривлекательные цифровые продукты компании,1
295,reject,Несоответствующий уровень заработной платы,2
295,reject,Негативная атмосфера в команде,3
296,reject,Плохая репутация компании или её руководства,1
296,reject,Нет перспектив профессионального развития,2
296,reject,Несоответствующий уровень заработной платы,3
297,reject,Нет перспектив профессионального развития,1
297,reject,Несоответствующий уровень заработной платы,2
297,reject,Неудовлетворительный процесс найма,3
298,reject,Плохая репутация компании или её руководства,1
298,reject,"Нет официального оформление трудовых отношений (""серая"" или ""черная"" зарплата)",2
298,reject,Несоответствующий уровень заработной платы,3
299,reject,"Нет официального оформление трудовых отношений (""серая"" или ""черная"" зарплата)",1
299,reject,Нет интересных задач или проектов,2
299,reject,Несоответствующий уровень заработной платы,3
300,reject,Плохая репутация компании или её руководства,1
300,reject,Негативная атмосфера в команде,2
300,reject,Несоответствующий уровень заработной платы,3
301,reject,Плохая репутация компании или её руководства,1
301,reject,"Нет официального оформление трудовых отношений (""серая"" или ""черная"" зарплата)",2
301,reject,Несоответствующий уровень заработной платы,3
302,reject,Нет интересных задач или проектов,1
302,reject,Плохая репутация компании или её руководства,2
302,reject,Негативная атмосфера в команде,3
303,reject,"Нет официального оформление трудовых отношений (""серая"" или ""черная"" зарплата)",1
303,reject,Несоответствующий уровень заработной платы,2
303,reject,Плохая репутация компании или её руководства,3
304,reject,Несоответствующий уровень заработной платы,1
304,reject,"Нет официального оформление трудовых отношений (""серая"" или ""черная"" зарплата)",2
304,reject,Негативная атмосфера в команде,3
305,reject,Нет интересных задач или проектов,1
305,reject,Несоответствующий уровень заработной платы,2
305,reject,Нет перспектив профессионального развития,3
306,reject,Плохая репутация компании или её руководства,1
306,reject,Несоответствующий уровень заработной платы,2
306,reject,"Нет официального оформление трудовых отношений (""серая"" или ""черная"" зарплата)",3
307,reject,Негативная атмосфера в команде,1
307,reject,Неудовлетворительный процесс найма,2
307,reject,Нет интересных задач или проектов,3
308,reject,Неудовлетворительный процесс найма,1
308,reject,Негативная атмосфера в команде,2
308,reject,"Нет официального оформление трудовых отношений (""серая"" или ""черная"" зарплата)",3
309,reject,Нет удаленного или гибридного формат работы,1
309,reject,Неудовлетворительный процесс найма,2
309,reject,Несоответствующий уровень заработной платы,3
310,reject,Несоответствующий уровень заработной платы,1
310,reject,Плохая репутация компании или её руководства,2
310,reject,"Нет официального оформление трудовых отношений (""серая"" или ""черная"" зарплата)",3
311,reject,Нет удаленного или гибридного формат работы,1
311,reject,Неудовлетворительный процесс найма,2
311,reject,Негативная атмосфера в команде,3
312,reject,"Нет официального оформление трудовых отношений (""серая"" или ""черная"" зарплата)",1
312,reject,Нет удаленного или гибридного формат работы,2
312,reject,Несоответствующий уровень заработной платы,3
313,reject,Нет перспектив профессионального развития,1
313,reject,Нестабильный бизнес компании,2
313,reject,Негативная атмосфера в команде,3
314,reject,Неудовлетворительный процесс найма,1
314,reject,Нестабильный бизнес компании,2
314,reject,Несоответствующий уровень заработной платы,3
315,reject,Нет перспектив профессионального развития,1
315,reject,Негативная атмосфера в команде,2
315,reject,Нет интересных задач или проектов,3
316,reject,"Нет официального оформление трудовых отношений (""серая"" или ""черная"" зарплата)",1
316,reject,Негативная атмосфера в команде,2
316,reject,Несоответствующий уровень заработной платы,3
317,reject,"Нет официального оформление трудовых отношений (""серая"" или ""черная"" зарплата)",1
317,reject,Неудовлетворительный процесс найма,2
317,reject,Несоответствующий уровень заработной платы,3
318,reject,"Нет официального оформление трудовых отношений (""серая"" или ""черная"" зарплата)",1
318,reject,Негативная атмосфера в команде,2
318,reject,Нет интересных задач или проектов,3
319,reject,Нестабильный бизнес компании,1
319,reject,Нет интересных задач или проектов,2
319,reject,"Нет официального оформление трудовых отношений (""серая"" или ""черная"" зарплата)",3
320,reject,Негативная атмосфера в команде,1
320,reject,Несоответствующий уровень заработной платы,2
320,reject,Нет перспектив профессионального развития,3
321,reject,"Нет официального оформление трудовых отношений (""серая"" или ""черная"" зарплата)",1
321,reject,Несоответствующий уровень заработной платы,2
321,reject,Плохая репутация компании или её руководства,3
322,reject,Нестабильный бизнес компании,1
322,reject,Плохая репутация компании или её руководства,2
322,reject,Нет удаленного или гибридного формат работы,3
323,reject,"Нет официального оформление трудовых отношений (""серая"" или ""черная"" зарплата)",1
323,reject,Нестабильный бизнес компании,2
323,reject,Негативная атмосфера в команде,3
324,reject,"Нет официального оформление трудовых отношений (""серая"" или ""черная"" зарплата)",1
324,reject,Нет перспектив профессионального развития,2
324,reject,Несоответствующий уровень заработной платы,3
325,reject,Нет перспектив профессионального развития,1
325,reject,Нестабильный бизнес компании,2
325,reject,Негативная атмосфера в команде,3
326,reject,Нет перспектив профессионального развития,1
326,reject,Несоответствующий уровень заработной платы,2
326,reject,"Нет официального оформление трудовых отношений (""серая"" или ""черная"" зарплата)",3
327,reject,Плохая репутация компании или её руководства,1
327,reject,"Нет официального оформление трудовых отношений (""серая"" или ""черная"" зарплата)",2
327,reject,Несоответствующий уровень заработной платы,3
328,reject,Негативная атмосфера в команде,1
328,reject,Нет перспектив профессионального развития,2
328,reject,Плохая репутация компании или её руководства,3
329,reject,Нет интересных задач или проектов,1
329,reject,Нет перспектив профессионального развития,2
329,reject,Нет удаленного или гибридного формат работы,3
330,reject,Нет перспектив профессионального развития,1
330,reject,Нестабильный бизнес компании,2
330,reject,Плохая репутация компании или её руководства,3
331,reject,Нестабильный бизнес компании,1
331,reject,Несоответствующий уровень заработной платы,2
331,reject,"Нет официального оформление трудовых отношений (""серая"" или ""черная"" зарплата)",3
332,reject,"Нет официального оформление трудовых отношений (""серая"" или ""черная"" зарплата)",1
332,reject,Нестабильный бизнес компании,2
332,reject,Нет удаленного или гибридного формат работы,3
333,reject,"Нет официального оформление трудовых отношений (""серая"" или ""черная"" зарплата)",1
333,reject,Негативная атмосфера в команде,2
333,reject,Плохая репутация компании или её руководства,3
334,reject,Нет перспектив профессионального развития,1
334,reject,"Нет официального оформление трудовых отношений (""серая"" или ""черная"" зарплата)",2
334,reject,Несоответствующий уровень заработной платы,3
335,reject,Негативная атмосфера в команде,1
335,reject,Несоответствующий уровень заработной платы,2
335,reject,Плохая репутация компании или её руководства,3
336,reject,Нет удаленного или гибридного формат работы,1
336,reject,Несоответствующий уровень заработной платы,2
336,reject,"Нет официального оформление трудовых отношений (""серая"" или ""черная"" зарплата)",3
337,reject,"Нет официального оформление трудовых отношений (""серая"" или ""черная"" зарплата)",1
337,reject,Нет перспектив профессионального развития,2
337,reject,Плохая репутация компании или её руководства,3
338,reject,"Нет официального оформление трудовых отношений (""серая"" или ""черная"" зарплата)",1
338,reject,Несоответствующий уровень заработной платы,2
338,reject,Нет перспектив профессионального развития,3
339,reject,Нестабильный бизнес компании,1
339,reject,Негативная атмосфера в команде,2
339,reject,Неудовлетворительный процесс найма,3
340,reject,Нет перспектив профессионального развития,1
340,reject,Негативная атмосфера в команде,2
340,reject,Несоответствующий уровень заработной платы,3
341,reject,Нет перспектив профессионального развития,1
341,reject,Непривлекательные цифровые продукты компании,2
341,reject,Плохая репутация компании или её руководства,3
342,reject,Плохая репутация компании или её руководства,1
342,reject,Негативная атмосфера в команде,2
342,reject,Нестабильный бизнес компании,3
343,reject,Негативная атмосфера в команде,1
343,reject,Несоответствующий уровень заработной платы,2
343,reject,Нет интересных задач или проектов,3
344,reject,Плохая репутация компании или её руководства,1
344,reject,Нет перспектив профессионального развития,2
345,reject,Нет удаленного или гибридного формат работы,1
345,reject,Непривлекательные цифровые продукты компании,2
345,reject,Негативная атмосфера в команде,3
346,reject,Несоответствующий уровень заработной платы,1
346,reject,Нестабильный бизнес компании,2
346,reject,"Нет официального оформление трудовых отношений (""серая"" или ""черная"" зарплата)",3
347,reject,"Нет официального оформление трудовых отношений (""серая"" или ""черная"" зарплата)",1
347,reject,Негативная атмосфера в команде,2
347,reject,Несоответствующий уровень заработной платы,3
348,reject,Плохая репутация компании или её руководства,1
348,reject,Нестабильный бизнес компании,2
348,reject,Нет перспектив профессионального развития,3
349,reject,Нестабильный бизнес компании,1
349,reject,"Нет официального оформление трудовых отношений (""серая"" или ""черная"" зарплата)",2
349,reject,Негативная атмосфера в команде,3
350,reject,"Нет официального оформление трудовых отношений (""серая"" или ""черная"" зарплата)",1
350,reject,Нет интересных задач или проектов,2
350,reject,Нет перспектив профессионального развития,3
351,reject,Нет перспектив профессионального развития,1
352,reject,Нет интересных задач или проектов,1
352,reject,Негативная атмосфера в команде,2
352,reject,Нет перспектив профессионального развития,3
353,reject,Нестабильный бизнес компании,1
353,reject,Негативная атмосфера в команде,2
353,reject,Несоответствующий уровень заработной платы,3
354,reject,Нет интересных задач или проектов,1
354,reject,Плохая репутация компании или её руководства,2
354,reject,Негативная атмосфера в команде,3
355,reject,Негативная атмосфера в команде,1
355,reject,Несоответствующий уровень заработной платы,2
355,reject,Нет перспектив профессионального развития,3
356,reject,Нет удаленного или гибридного формат работы,1
356,reject,Несоответствующий уровень заработной платы,2
356,reject,Плохая репутация компании или её руководства,3
357,reject,Нет перспектив профессионального развития,1
357,reject,Нет удаленного или гибридного формат работы,2
357,reject,Несоответствующий уровень заработной платы,3
358,reject,Негативная атмосфера в команде,1
358,reject,Нет удаленного или гибридного формат работы,2
358,reject,Плохая репутация компании или её руководства,3
359,reject,Несоответствующий уровень заработной платы,1
359,reject,Негативная атмосфера в команде,2
359,reject,Нет перспектив профессионального развития,3
360,reject,"Нет официального оформление трудовых отношений (""серая"" или ""черная"" зарплата)",1
360,reject,Плохая репутация компании или её руководства,2
360,reject,Негативная атмосфера в команде,3
361,reject,Нет перспектив профессионального развития,1
361,reject,Нет интересных задач или проектов,2
361,reject,Неудовлетворительный процесс найма,3
362,reject,Несоответствующий уровень заработной платы,1
362,reject,Негативная атмосфера в команде,2
362,reject,"Нет официального оформление трудовых отношений (""серая"" или ""черная"" зарплата)",3
363,reject,Нестабильный бизнес компании,1
363,reject,Плохая репутация компании или её руководства,2
363,reject,Несоответствующий уровень заработной платы,3
364,reject,Негативная атмосфера в команде,1
364,reject,Плохая репутация компании или её руководства,2
364,reject,"Нет официального оформление трудовых отношений (""серая"" или ""черная"" зарплата)",3
365,reject,"Нет официального оформление трудовых отношений (""серая"" или ""черная"" зарплата)",1
365,reject,Негативная атмосфера в команде,2
365,reject,Несоответствующий уровень заработной платы,3
366,reject,Несоответствующий уровень заработной платы,1
366,reject,Плохая репутация компании или её руководства,2
366,reject,"Нет официального оформление трудовых отношений (""серая"" или ""черная"" зарплата)",3
367,reject,Неудовлетворительный процесс найма,1
367,reject,Негативная атмосфера в команде,2
367,reject,Нет перспектив профессионального развития,3
368,reject,"Нет официального оформление трудовых отношений (""серая"" или ""черная"" зарплата)",1
368,reject,Нет перспектив профессионального развития,2
368,reject,Плохая репутация компании или её руководства,3
369,reject,Нет перспектив профессионального развития,1
369,reject,Неудовлетворительный процесс найма,2
369,reject,Негативная атмосфера в команде,3
370,reject,Негативная атмосфера в команде,1
370,reject,Несоответствующий уровень заработной платы,2
370,reject,Нет интересных задач или проектов,3
371,reject,"Нет официального оформление трудовых отношений (""серая"" или ""черная"" зарплата)",1
371,reject,Несоответствующий уровень заработной платы,2
371,reject,Негативная атмосфера в команде,3
372,reject,Нет перспектив профессионального развития,1
373,reject,Негативная атмосфера в команде,1
373,reject,Несоответствующий уровень заработной платы,2
373,reject,"Нет официального оформление трудовых отношений (""серая"" или ""черная"" зарплата)",3
374,reject,Негативная атмосфера в команде,1
374,reject,Несоответствующий уровень заработной платы,2
374,reject,Плохая репутация компании или её руководства,3
375,reject,Плохая репутация компании или её руководства,1
375,reject,Несоответствующий уровень заработной платы,2
375,reject,Нет удаленного или гибридного формат работы,3
376,reject,"Нет официального оформление трудовых отношений (""серая"" или ""черная"" зарплата)",1
376,reject,Негативная атмосфера в команде,2
376,reject,Несоответствующий уровень заработной платы,3
377,reject,Несоответствующий уровень заработной платы,1
377,reject,Негативная атмосфера в команде,2
377,reject,Нет перспектив профессионального развития,3
378,reject,Несоответствующий уровень заработной платы,1
378,reject,Негативная атмосфера в команде,2
378,reject,Нет интересных задач или проектов,3
379,reject,Нет перспектив профессионального развития,1
379,reject,Нет интересных задач или проектов,2
379,reject,Нет удаленного или гибридного формат работы,3
380,reject,Негативная атмосфера в команде,1
380,reject,Нет интересных задач или проектов,2
380,reject,Нестабильный бизнес компании,3
381,reject,Нестабильный бизнес компании,1
381,reject,Негативная атмосфера в команде,2
381,reject,Нет интересных задач или проектов,3
382,reject,Нет перспектив профессионального развития,1
382,reject,Негативная атмосфера в команде,2
382,reject,Несоответствующий уровень заработной платы,3
383,reject,Несоответствующий уровень заработной платы,1
383,reject,Нестабильный бизнес компании,2
383,reject,Негативная атмосфера в команде,3
384,reject,Нестабильный бизнес компании,1
384,reject,Плохая репутация компании или её руководства,2
384,reject,Нет перспектив профессионального развития,3
385,reject,Негативная атмосфера в команде,1
385,reject,Несоответствующий уровень заработной платы,2
385,reject,Нет интересных задач или проектов,3
386,reject,Нет интересных задач или проектов,1
386,reject,Негативная атмосфера в команде,2
386,reject,Плохая репутация компании или её руководства,3
387,reject,Нет удаленного или гибридного формат работы,1
387,reject,Несоответствующий уровень заработной платы,2
387,reject,Неудовлетворительный процесс найма,3
388,reject,Нет интересных задач или проектов,1
388,reject,Несоответствующий уровень заработной платы,2
388,reject,Негативная атмосфера в команде,3
389,reject,"Нет официального оформление трудовых отношений (""серая"" или ""черная"" зарплата)",1
389,reject,Нет перспектив профессионального развития,2
389,reject,Несоответствующий уровень заработной платы,3
390,reject,Плохая репутация компании или её руководства,1
390,reject,Нет перспектив профессионального развития,2
390,reject,Нет интересных задач или проектов,3
391,reject,Нет перспектив профессионального развития,1
391,reject,Нет интересных задач или проектов,2
391,reject,Несоответствующий уровень заработной платы,3
392,reject,Несоответствующий уровень заработной платы,1
392,reject,Нет интересных задач или проектов,2
392,reject,Нет удаленного или гибридного формат работы,3
393,reject,Несоответствующий уровень заработной платы,1
393,reject,Нет перспектив профессионального развития,2
393,reject,"Нет официального оформление трудовых отношений (""серая"" или ""черная"" зарплата)",3
394,reject,"Нет официального оформление трудовых отношений (""серая"" или ""черная"" зарплата)",1
394,reject,Несоответствующий уровень заработной платы,2
394,reject,Негативная атмосфера в команде,3
395,reject,Нестабильный бизнес компании,1
395,reject,Плохая репутация компании или её руководства,2
395,reject,"Нет официального оформление трудовых отношений (""серая"" или ""черная"" зарплата)",3
396,reject,Плохая репутация компании или её руководства,1
396,reject,Несоответствующий уровень заработной платы,2
396,reject,Негативная атмосфера в команде,3
397,reject,Несоответствующий уровень заработной платы,1
397,reject,Плохая репутация компании или её руководства,2
397,reject,Негативная атмосфера в команде,3
398,reject,Несоответствующий уровень заработной платы,1
398,reject,Непривлекательные цифровые продукты компании,2
398,reject,Нет перспектив профессионального развития,3
399,reject,Нет удаленного или гибридного формат работы,1
399,reject,Нестабильный бизнес компании,2
399,reject,Негативная атмосфера в команде,3
400,reject,Несоответствующий уровень заработной платы,1
400,reject,Негативная атмосфера в команде,2
400,reject,Нестабильный бизнес компании,3
401,reject,Несоответствующий уровень заработной платы,1
401,reject,Нет перспектив профессионального развития,2
401,reject,Негативная атмосфера в команде,3
402,reject,Нет перспектив профессионального развития,1
402,reject,Нестабильный бизнес компании,2
402,reject,Несоответствующий уровень заработной платы,3
403,reject,Плохая репутация компании или её руководства,1
403,reject,Негативная атмосфера в команде,2
403,reject,Нет перспектив профессионального развития,3
404,reject,"Нет официального оформление трудовых отношений (""серая"" или ""черная"" зарплата)",1
404,reject,Несоответствующий уровень заработной платы,2
404,reject,Негативная атмосфера в команде,3
405,reject,Неудовлетворительный процесс найма,1
405,reject,Нет удаленного или гибридного формат работы,2
405,reject,Несоответствующий уровень заработной платы,3
406,reject,Несоответствующий уровень заработной платы,1
406,reject,Нестабильный бизнес компании,2
406,reject,Негативная атмосфера в команде,3
407,reject,Несоответствующий уровень заработной платы,1
407,reject,Плохая репутация компании или её руководства,2
407,reject,"Нет официального оформление трудовых отношений (""серая"" или ""черная"" зарплата)",3
408,reject,Плохая репутация компании или её руководства,1
408,reject,Нет удаленного или гибридного формат работы,2
408,reject,Негативная атмосфера в команде,3
409,reject,Плохая репутация компании или её руководства,1
409,reject,"Нет официального оформление трудовых отношений (""серая"" или ""черная"" зарплата)",2
409,reject,Нестабильный бизнес компании,3
410,reject,Плохая репутация компании или её руководства,1
410,reject,Негативная атмосфера в команде,2
410,reject,Нет перспектив профессионального развития,3
411,reject,Плохая репутация компании или её руководства,1
412,reject,Плохая репутация компании или её руководства,1
412,reject,Негативная атмосфера в команде,2
412,reject,Нестабильный бизнес компании,3
413,reject,Несоответствующий уровень заработной платы,1
413,reject,Плохая репутация компании или её руководства,2
413,reject,"Нет официального оформление трудовых отношений (""серая"" или ""черная"" зарплата)",3
414,reject,Нет интересных задач или проектов,1
414,reject,"Нет официального оформление трудовых отношений (""серая"" или ""черная"" зарплата)",2
414,reject,Нестабильный бизнес компании,3
415,reject,Плохая репутация компании или её руководства,1
415,reject,Негативная атмосфера в команде,2
415,reject,Нестабильный бизнес компании,3
416,reject,Нет интересных задач или проектов,1
416,reject,Плохая репутация компании или её руководства,2
416,reject,Несоответствующий уровень заработной платы,3
417,reject,Нет интересных задач или проектов,1
417,reject,Несоответствующий уровень заработной платы,2
417,reject,Плохая репутация компании или её руководства,3
418,reject,Несоответствующий уровень заработной платы,1
418,reject,"Нет официального оформление трудовых отношений (""серая"" или ""черная"" зарплата)",2
418,reject,Нет перспектив профессионального развития,3
419,reject,Плохая репутация компании или её руководства,1
419,reject,Непривлекательные цифровые продукты компании,2
419,reject,Несоответствующий уровень заработной платы,3
420,reject,Нет удаленного или гибридного формат работы,1
420,reject,Несоответствующий уровень заработной платы,2
420,reject,Плохая репутация компании или её руководства,3
421,reject,Негативная атмосфера в команде,1
421,reject,Нестабильный бизнес компании,2
421,reject,Нет удаленного или гибридного формат работы,3
422,reject,Несоответствующий уровень заработной платы,1
422,reject,Плохая репутация компании или её руководства,2
422,reject,Нет удаленного или гибридного формат работы,3
423,reject,Нестабильный бизнес компании,1
423,reject,"Нет официального оформление трудовых отношений (""серая"" или ""черная"" зарплата)",2
423,reject,Плохая репутация компании или её руководства,3
424,reject,"Нет официального оформление трудовых отношений (""серая"" или ""черная"" зарплата)",1
424,reject,Нестабильный бизнес компании,2
424,reject,Плохая репутация компании или её руководства,3
425,reject,Несоответствующий уровень заработной платы,1
425,reject,"Нет официального оформление трудовых отношений (""серая"" или ""черная"" зарплата)",2
425,reject,Плохая репутация компании или её руководства,3
426,reject,Негативная атмосфера в команде,1
426,reject,Нет удаленного или гибридного формат работы,2
426,reject,Плохая репутация компании или её руководства,3
427,reject,Негативная атмосфера в команде,1
427,reject,Несоответствующий уровень заработной платы,2
427,reject,Плохая репутация компании или её руководства,3
428,reject,Нет перспектив профессионального развития,1
428,reject,Нестабильный бизнес компании,2
428,reject,Нет удаленного или гибридного формат работы,3
429,reject,Плохая репутация компании или её руководства,1
429,reject,Несоответствующий уровень заработной платы,2
429,reject,Неудовлетворительный процесс найма,3
430,reject,Плохая репутация компании или её руководства,1
430,reject,"Нет официального оформление трудовых отношений (""серая"" или ""черная"" зарплата)",2
430,reject,Несоответствующий уровень заработной платы,3
431,reject,Нет интересных задач или проектов,1
431,reject,Нестабильный бизнес компании,2
431,reject,Нет удаленного или гибридного формат работы,3
432,reject,Нет удаленного или гибридного формат работы,1
432,reject,Нестабильный бизнес компании,2
432,reject,Негативная атмосфера в команде,3
433,reject,Несоответствующий уровень заработной платы,1
433,reject,Плохая репутация компании или её руководства,2
433,reject,"Нет официального оформление трудовых отношений (""серая"" или ""черная"" зарплата)",3
434,reject,Нет удаленного или гибридного формат работы,1
435,reject,Несоответствующий уровень заработной платы,1
435,reject,Плохая репутация компании или её руководства,2
435,reject,Нет перспектив профессионального развития,3
436,reject,Нет удаленного или гибридного формат работы,1
436,reject,"Нет официального оформление трудовых отношений (""серая"" или ""черная"" зарплата)",2
437,reject,Нет перспектив профессионального развития,1
437,reject,Негативная атмосфера в команде,2
437,reject,Плохая репутация компании или её руководства,3
438,reject,"Нет официального оформление трудовых отношений (""серая"" или ""черная"" зарплата)",1
438,reject,Несоответствующий уровень заработной платы,2
438,reject,Плохая репутация компании или её руководства,3
439,reject,Несоответствующий уровень заработной платы,1
439,reject,Плохая репутация компании или её руководства,2
439,reject,Нет удаленного или гибридного формат работы,3
440,reject,Нет удаленного или гибридного формат работы,1
440,reject,Несоответствующий уровень заработной платы,2
440,reject,Негативная атмосфера в команде,3
441,reject,Негативная атмосфера в команде,1
441,reject,Несоответствующий уровень заработной платы,2
441,reject,Нет интересных задач или проектов,3
442,reject,Нет интересных задач или проектов,1
442,reject,Несоответствующий уровень заработной платы,2
442,reject,"Нет официального оформление трудовых отношений (""серая"" или ""черная"" зарплата)",3
443,reject,Несоответствующий уровень заработной платы,1
443,reject,Негативная атмосфера в команде,2
443,reject,Плохая репутация компании или её руководства,3
444,reject,Несоответствующий уровень заработной платы,1
444,reject,Непривлекательные цифровые продукты компании,2
444,reject,Плохая репутация компании или её руководства,3
445,reject,Нет интересных задач или проектов,1
445,reject,Нет перспектив профессионального развития,2
445,reject,Неудовлетворительный процесс найма,3
446,reject,Негативная атмосфера в команде,1
446,reject,Нет перспектив профессионального развития,2
447,reject,Плохая репутация компании или её руководства,1
447,reject,Негативная атмосфера в команде,2
447,reject,Нет удаленного или гибридного формат работы,3
448,reject,Нет перспектив профессионального развития,1
448,reject,Нет удаленного или гибридного формат работы,2
448,reject,Негативная атмосфера в команде,3
449,reject,Нестабильный бизнес компании,1
449,reject,Несоответствующий уровень заработной платы,2
449,reject,Плохая репутация компании или её руководства,3
450,reject,Неудовлетворительный процесс найма,1
450,reject,Нестабильный бизнес компании,2
450,reject,Нет удаленного или гибридного формат работы,3
451,reject,Нет перспектив профессионального развития,1
451,reject,Нестабильный бизнес компании,2
451,reject,Несоответствующий уровень заработной платы,3
452,reject,Несоответствующий уровень заработной платы,1
452,reject,"Нет официального оформление трудовых отношений (""серая"" или ""черная"" зарплата)",2
452,reject,Нет перспектив профессионального развития,3
453,reject,Несоответствующий уровень заработной платы,1
453,reject,Нет перспектив профессионального развития,2
453,reject,Неудовлетворительный процесс найма,3
454,reject,"Нет официального оформление трудовых отношений (""серая"" или ""черная"" зарплата)",1
454,reject,Несоответствующий уровень заработной платы,2
454,reject,Нет перспектив профессионального развития,3
455,reject,"Нет официального оформление трудовых отношений (""серая"" или ""черная"" зарплата)",1
455,reject,Нет перспектив профессионального развития,2
455,reject,Несоответствующий уровень заработной платы,3
456,reject,Плохая репутация компании или её руководства,1
456,reject,Нестабильный бизнес компании,2
457,reject,Несоответствующий уровень заработной платы,1
457,reject,Нет перспектив профессионального развития,2
457,reject,Нет интересных задач или проектов,3
458,reject,Плохая репутация компании или её руководства,1
458,reject,Несоответствующий уровень заработной платы,2
458,reject,"Нет официального оформление трудовых отношений (""серая"" или ""черная"" зарплата)",3
459,reject,Несоответствующий уровень заработной платы,1
459,reject,Плохая репутация компании или её руководства,2
459,reject,Негативная атмосфера в команде,3
460,reject,Нет перспектив профессионального развития,1
460,reject,Плохая репутация компании или её руководства,2
460,reject,Несоответствующий уровень заработной платы,3
461,reject,Нестабильный бизнес компании,1
461,reject,Плохая репутация компании или её руководства,2
461,reject,Несоответствующий уровень заработной платы,3
462,reject,Нестабильный бизнес компании,1
462,reject,Нет удаленного или гибридного формат работы,2
462,reject,Плохая репутация компании или её руководства,3
463,reject,"Нет официального оформление трудовых отношений (""серая"" или ""черная"" зарплата)",1
463,reject,Негативная атмосфера в команде,2
463,reject,Нестабильный бизнес компании,3
464,reject,Нет перспектив профессионального развития,1
464,reject,Нет интересных задач или проектов,2
464,reject,Несоответствующий уровень заработной платы,3
465,reject,Несоответствующий уровень заработной платы,1
466,reject,Нет интересных задач или проектов,1
466,reject,Плохая репутация компании или её руководства,2
466,reject,Негативная атмосфера в команде,3
467,reject,Нет удаленного или гибридного формат работы,1
467,reject,Нестабильный бизнес компании,2
467,reject,Плохая репутация компании или её руководства,3
468,reject,Несоответствующий уровень заработной платы,1
468,reject,"Нет официального оформление трудовых отношений (""серая"" или ""черная"" зарплата)",2
468,reject,Нет перспектив профессионального развития,3
469,reject,Негативная атмосфера в команде,1
469,reject,Несоответствующий уровень заработной платы,2
469,reject,Плохая репутация компании или её руководства,3
470,reject,Нет удаленного или гибридного формат работы,1
470,reject,Нет интересных задач или проектов,2
470,reject,Несоответствующий уровень заработной платы,3
471,reject,Негативная атмосфера в команде,1
471,reject,Нестабильный бизнес компании,2
471,reject,"Нет официального оформление трудовых отношений (""серая"" или ""черная"" зарплата)",3
472,reject,Нет перспектив профессионального развития,1
472,reject,Несоответствующий уровень заработной платы,2
472,reject,Плохая репутация компании или её руководства,3
473,reject,"Нет официального оформление трудовых отношений (""серая"" или ""черная"" зарплата)",1
473,reject,Нестабильный бизнес компании,2
473,reject,Нет перспектив профессионального развития,3
474,reject,Плохая репутация компании или её руководства,1
474,reject,Несоответствующий уровень заработной платы,2
474,reject,"Нет официального оформление трудовых отношений (""серая"" или ""черная"" зарплата)",3
475,reject,Негативная атмосфера в команде,1
475,reject,Несоответствующий уровень заработной платы,2
475,reject,Плохая репутация компании или её руководства,3
476,reject,"Нет официального оформление трудовых отношений (""серая"" или ""черная"" зарплата)",1
476,reject,Неудовлетворительный процесс найма,2
476,reject,Нет интересных задач или проектов,3
477,reject,Негативная атмосфера в команде,1
477,reject,Неудовлетворительный процесс найма,2
477,reject,Несоответствующий уровень заработной платы,3
478,reject,"Нет официального оформление трудовых отношений (""серая"" или ""черная"" зарплата)",1
478,reject,Неудовлетворительный процесс найма,2
478,reject,Нестабильный бизнес компании,3
479,reject,Нет перспектив профессионального развития,1
479,reject,"Нет официального оформление трудовых отношений (""серая"" или ""черная"" зарплата)",2
479,reject,Несоответствующий уровень заработной платы,3
480,reject,"Нет официального оформление трудовых отношений (""серая"" или ""черная"" зарплата)",1
480,reject,Негативная атмосфера в команде,2
480,reject,Нестабильный бизнес компании,3
481,reject,Несоответствующий уровень заработной платы,1
481,reject,Непривлекательные цифровые продукты компании,2
481,reject,Плохая репутация компании или её руководства,3
482,reject,Плохая репутация компании или её руководства,1
482,reject,Негативная атмосфера в команде,2
482,reject,Несоответствующий уровень заработной платы,3
483,reject,Нет перспектив профессионального развития,1
483,reject,Несоответствующий уровень заработной платы,2
483,reject,Плохая репутация компании или её руководства,3
484,reject,Несоответствующий уровень заработной платы,1
484,reject,Плохая репутация компании или её руководства,2
484,reject,Негативная атмосфера в команде,3
485,reject,Нет перспектив профессионального развития,1
485,reject,Несоответствующий уровень заработной платы,2
485,reject,"Нет официального оформление трудовых отношений (""серая"" или ""черная"" зарплата)",3
486,reject,Негативная атмосфера в команде,1
486,reject,Нет перспектив профессионального развития,2
486,reject,Плохая репутация компании или её руководства,3
487,reject,Нет интересных задач или проектов,1
487,reject,Нет перспектив профессионального развития,2
487,reject,Несоответствующий уровень заработной платы,3
488,reject,Нет удаленного или гибридного формат работы,1
488,reject,Несоответствующий уровень заработной платы,2
488,reject,Неудовлетворительный процесс найма,3
489,reject,Нет удаленного или гибридного формат работы,1
489,reject,"Нет официального оформление трудовых отношений (""серая"" или ""черная"" зарплата)",2
489,reject,Негативная атмосфера в команде,3
490,reject,Нет перспектив профессионального развития,1
490,reject,Нет удаленного или гибридного формат работы,2
490,reject,Плохая репутация компании или её руководства,3
491,reject,Непривлекательные цифровые продукты компании,1
491,reject,Нет интересных задач или проектов,2
491,reject,Несоответствующий уровень заработной платы,3
492,reject,Нет перспектив профессионального развития,1
492,reject,Несоответствующий уровень заработной платы,2
492,reject,Неудовлетворительный процесс найма,3
493,reject,Несоответствующий уровень заработной платы,1
493,reject,Нестабильный бизнес компании,2
493,reject,Негативная атмосфера в команде,3
494,reject,"Нет официального оформление трудовых отношений (""серая"" или ""черная"" зарплата)",1
494,reject,Несоответствующий уровень заработной платы,2
494,reject,Негативная атмосфера в команде,3
495,reject,Несоответствующий уровень заработной платы,1
495,reject,Нет удаленного или гибридного формат работы,2
495,reject,Нет перспектив профессионального развития,3
496,reject,Несоответствующий уровень заработной платы,1
497,reject,Негативная атмосфера в команде,1
497,reject,Нестабильный бизнес компании,2
497,reject,"Нет официального оформление трудовых отношений (""серая"" или ""черная"" зарплата)",3
498,reject,Плохая репутация компании или её руководства,1
498,reject,Несоответствующий уровень заработной платы,2
498,reject,Негативная атмосфера в команде,3
499,reject,"Нет официального оформление трудовых отношений (""серая"" или ""черная"" зарплата)",1
499,reject,Несоответствующий уровень заработной платы,2
499,reject,Нестабильный бизнес компании,3
500,reject,Несоответствующий уровень заработной платы,1
500,reject,"Нет официального оформление трудовых отношений (""серая"" или ""черная"" зарплата)",2
500,reject,Нет интересных задач или проектов,3
501,reject,Нет перспектив профессионального развития,1
501,reject,Нет удаленного или гибридного формат работы,2
501,reject,Нестабильный бизнес компании,3
502,reject,"Нет официального оформление трудовых отношений (""серая"" или ""черная"" зарплата)",1
502,reject,Несоответствующий уровень заработной платы,2
502,reject,Плохая репутация компании или её руководства,3
503,reject,Плохая репутация компании или её руководства,1
503,reject,Негативная атмосфера в команде,2
503,reject,Неудовлетворительный процесс найма,3
504,reject,Несоответствующий уровень заработной платы,1
504,reject,Плохая репутация компании или её руководства,2
504,reject,Негативная атмосфера в команде,3
505,reject,Нестабильный бизнес компании,1
505,reject,Нет удаленного или гибридного формат работы,2
505,reject,Несоответствующий уровень заработной платы,3
506,reject,Непривлекательные цифровые продукты компании,1
506,reject,Неудовлетворительный процесс найма,2
506,reject,Несоответствующий уровень заработной платы,3
507,reject,"Нет официального оформление трудовых отношений (""серая"" или ""черная"" зарплата)",1
507,reject,Негативная атмосфера в команде,2
507,reject,Несоответствующий уровень заработной платы,3
508,reject,Несоответствующий уровень заработной платы,1
508,reject,Неудовлетворительный процесс найма,2
508,reject,Нет удаленного или гибридного формат работы,3
509,reject,"Нет официального оформление трудовых отношений (""серая"" или ""черная"" зарплата)",1
509,reject,Нет удаленного или гибридного формат работы,2
509,reject,Нет перспектив профессионального развития,3
510,reject,"Нет официального оформление трудовых отношений (""серая"" или ""черная"" зарплата)",1
510,reject,Негативная атмосфера в команде,2
510,reject,Несоответствующий уровень заработной платы,3
511,reject,"Нет официального оформление трудовых отношений (""серая"" или ""черная"" зарплата)",1
511,reject,Нестабильный бизнес компании,2
511,reject,Негативная атмосфера в команде,3
512,reject,Несоответствующий уровень заработной платы,1
512,reject,Плохая репутация компании или её руководства,2
512,reject,"Нет официального оформление трудовых отношений (""серая"" или ""черная"" зарплата)",3
513,reject,Негативная атмосфера в команде,1
513,reject,Нет удаленного или гибридного формат работы,2
513,reject,Несоответствующий уровень заработной платы,3
514,reject,Нет интересных задач или проектов,1
514,reject,Несоответствующий уровень заработной платы,2
514,reject,Плохая репутация компании или её руководства,3
515,reject,Нестабильный бизнес компании,1
515,reject,Нет перспектив профессионального развития,2
515,reject,Плохая репутация компании или её руководства,3
516,reject,Несоответствующий уровень заработной платы,1
516,reject,Негативная атмосфера в команде,2
516,reject,Нет перспектив профессионального развития,3
517,reject,Несоответствующий уровень заработной платы,1
517,reject,Нет удаленного или гибридного формат работы,2
517,reject,Негативная атмосфера в команде,3
518,reject,Нестабильный бизнес компании,1
518,reject,Непривлекательные цифровые продукты компании,2
518,reject,Нет интересных задач или проектов,3
519,reject,Несоответствующий уровень заработной платы,1
519,reject,Негативная атмосфера в команде,2
519,reject,Нет удаленного или гибридного формат работы,3
520,reject,Нет удаленного или гибридного формат работы,1
520,reject,Несоответствующий уровень заработной платы,2
520,reject,"Нет официального оформление трудовых отношений (""серая"" или ""черная"" зарплата)",3
521,reject,Нет удаленного или гибридного формат работы,1
521,reject,"Нет официального оформление трудовых отношений (""серая"" или ""черная"" зарплата)",2
521,reject,Несоответствующий уровень заработной платы,3
522,reject,Плохая репутация компании или её руководства,1
522,reject,Негативная атмосфера в команде,2
522,reject,Несоответствующий уровень заработной платы,3
523,reject,Нет удаленного или гибридного формат работы,1
523,reject,Несоответствующий уровень заработной платы,2
523,reject,Нестабильный бизнес компании,3
524,reject,"Нет официального оформление трудовых отношений (""серая"" или ""черная"" зарплата)",1
524,reject,Несоответствующий уровень заработной платы,2
524,reject,Плохая репутация компании или её руководства,3
525,reject,"Нет официального оформление трудовых отношений (""серая"" или ""черная"" зарплата)",1
525,reject,Негативная атмосфера в команде,2
525,reject,Несоответствующий уровень заработной платы,3
526,reject,Нет удаленного или гибридного формат работы,1
526,reject,Несоответствующий уровень заработной платы,2
526,reject,Непривлекательные цифровые продукты компании,3
527,reject,Несоответствующий уровень заработной платы,1
527,reject,Нет удаленного или гибридного формат работы,2
527,reject,Нестабильный бизнес компании,3
528,reject,"Нет официального оформление трудовых отношений (""серая"" или ""черная"" зарплата)",1
528,reject,Негативная атмосфера в команде,2
528,reject,Несоответствующий уровень заработной платы,3
529,reject,Непривлекательные цифровые продукты компании,1
529,reject,Плохая репутация компании или её руководства,2
529,reject,"Нет официального оформление трудовых отношений (""серая"" или ""черная"" зарплата)",3
530,reject,Нестабильный бизнес компании,1
530,reject,Несоответствующий уровень заработной платы,2
530,reject,Нет удаленного или гибридного формат работы,3
531,reject,Несоответствующий уровень заработной платы,1
531,reject,Плохая репутация компании или её руководства,2
531,reject,Нет удаленного или гибридного формат работы,3
532,reject,Негативная атмосфера в команде,1
532,reject,Несоответствующий уровень заработной платы,2
532,reject,Нет удаленного или гибридного формат работы,3
533,reject,Плохая репутация компании или её руководства,1
533,reject,Нет перспектив профессионального развития,2
533,reject,Нестабильный бизнес компании,3
534,reject,Плохая репутация компании или её руководства,1
534,reject,"Нет официального оформление трудовых отношений (""серая"" или ""черная"" зарплата)",2
534,reject,Негативная атмосфера в команде,3
535,reject,Нестабильный бизнес компании,1
535,reject,Негативная атмосфера в команде,2
535,reject,"Нет официального оформление трудовых отношений (""серая"" или ""черная"" зарплата)",3
536,reject,Несоответствующий уровень заработной платы,1
536,reject,Нет интересных задач или проектов,2
536,reject,Негативная атмосфера в команде,3
537,reject,Нет удаленного или гибридного формат работы,1
537,reject,Несоответствующий уровень заработной платы,2
537,reject,Нестабильный бизнес компании,3
538,reject,Негативная атмосфера в команде,1
538,reject,"Нет официального оформление трудовых отношений (""серая"" или ""черная"" зарплата)",2
538,reject,Нет удаленного или гибридного формат работы,3
539,reject,"Нет официального оформление трудовых отношений (""серая"" или ""черная"" зарплата)",1
539,reject,Неудовлетворительный процесс найма,2
539,reject,Несоответствующий уровень заработной платы,3
540,reject,Негативная атмосфера в команде,1
540,reject,Плохая репутация компании или её руководства,2
540,reject,Несоответствующий уровень заработной платы,3
541,reject,Плохая репутация компании или её руководства,1
541,reject,Нет интересных задач или проектов,2
541,reject,Негативная атмосфера в команде,3
542,reject,Нет перспектив профессионального развития,1
542,reject,Негативная атмосфера в команде,2
542,reject,Нестабильный бизнес компании,3
543,reject,Нестабильный бизнес компании,1
543,reject,Нет удаленного или гибридного формат работы,2
543,reject,Несоответствующий уровень заработной платы,3
544,reject,Нет удаленного или гибридного формат работы,1
544,reject,Несоответствующий уровень заработной платы,2
544,reject,Нет интересных задач или проектов,3
545,reject,Несоответствующий уровень заработной платы,1
545,reject,Негативная атмосфера в команде,2
545,reject,Нет перспектив профессионального развития,3
546,reject,"Нет официального оформление трудовых отношений (""серая"" или ""черная"" зарплата)",1
546,reject,Несоответствующий уровень заработной платы,2
546,reject,Плохая репутация компании или её руководства,3
547,reject,Несоответствующий уровень заработной платы,1
547,reject,Плохая репутация компании или её руководства,2
547,reject,"Нет официального оформление трудовых отношений (""серая"" или ""черная"" зарплата)",3
548,reject,Плохая репутация компании или её руководства,1
548,reject,Нестабильный бизнес компании,2
548,reject,Несоответствующий уровень заработной платы,3
549,reject,Нет перспектив профессионального развития,1
549,reject,Плохая репутация компании или её руководства,2
549,reject,Негативная атмосфера в команде,3
550,reject,Плохая репутация компании или её руководства,1
550,reject,Неудовлетворительный процесс найма,2
550,reject,Нет удаленного или гибридного формат работы,3
551,reject,Нет удаленного или гибридного формат работы,1
551,reject,Несоответствующий уровень заработной платы,2
551,reject,"Нет официального оформление трудовых отношений (""серая"" или ""черная"" зарплата)",3
552,reject,Нет перспектив профессионального развития,1
552,reject,Нет интересных задач или проектов,2
552,reject,Несоответствующий уровень заработной платы,3
553,reject,Плохая репутация компании или её руководства,1
553,reject,"Нет официального оформление трудовых отношений (""серая"" или ""черная"" зарплата)",2
553,reject,Несоответствующий уровень заработной платы,3
554,reject,Плохая репутация компании или её руководства,1
554,reject,Несоответствующий уровень заработной платы,2
554,reject,Нет перспектив профессионального развития,3
555,reject,Нет интересных задач или проектов,1
555,reject,Несоответствующий уровень заработной платы,2
555,reject,Нестабильный бизнес компании,3
556,reject,Несоответствующий уровень заработной платы,1
556,reject,"Нет официального оформление трудовых отношений (""серая"" или ""черная"" зарплата)",2
556,reject,Нет удаленного или гибридного формат работы,3
557,reject,Несоответствующий уровень заработной платы,1
557,reject,Негативная атмосфера в команде,2
557,reject,Плохая репутация компании или её руководства,3
558,reject,Нет интересных задач или проектов,1
558,reject,"Нет официального оформление трудовых отношений (""серая"" или ""черная"" зарплата)",2
558,reject,Плохая репутация компании или её руководства,3
559,reject,Негативная атмосфера в команде,1
559,reject,Нет интересных задач или проектов,2
559,reject,Несоответствующий уровень заработной платы,3
560,reject,Нет удаленного или гибридного формат работы,1
560,reject,Нет перспектив профессионального развития,2
560,reject,Несоответствующий уровень заработной платы,3
561,reject,Несоответствующий уровень заработной платы,1
561,reject,Непривлекательные цифровые продукты компании,2
561,reject,Плохая репутация компании или её руководства,3
562,reject,Нет удаленного или гибридного формат работы,1
562,reject,Плохая репутация компании или её руководства,2
562,reject,Нестабильный бизнес компании,3
563,reject,Плохая репутация компании или её руководства,1
563,reject,Несоответствующий уровень заработной платы,2
563,reject,"Нет официального оформление трудовых отношений (""серая"" или ""черная"" зарплата)",3
564,reject,Несоответствующий уровень заработной платы,1
564,reject,Плохая репутация компании или её руководства,2
564,reject,Нет перспектив профессионального развития,3
565,reject,Несоответствующий уровень заработной платы,1
565,reject,Нет перспектив профессионального развития,2
565,reject,Негативная атмосфера в команде,3
566,reject,Несоответствующий уровень заработной платы,1
566,reject,Неудовлетворительный процесс найма,2
566,reject,"Нет официального оформление трудовых отношений (""серая"" или ""черная"" зарплата)",3
567,reject,Плохая репутация компании или её руководства,1
567,reject,Несоответствующий уровень заработной платы,2
567,reject,"Нет официального оформление трудовых отношений (""серая"" или ""черная"" зарплата)",3
568,reject,Нестабильный бизнес компании,1
568,reject,Нет перспектив профессионального развития,2
568,reject,Несоответствующий уровень заработной платы,3
569,reject,"Нет официального оформление трудовых отношений (""серая"" или ""черная"" зарплата)",1
569,reject,Плохая репутация компании или её руководства,2
569,reject,Негативная атмосфера в команде,3
570,reject,Нет перспектив профессионального развития,1
570,reject,Плохая репутация компании или её руководства,2
570,reject,Нет интересных задач или проектов,3
571,reject,Плохая репутация компании или её руководства,1
571,reject,Нестабильный бизнес компании,2
571,reject,Несоответствующий уровень заработной платы,3
572,reject,Плохая репутация компании или её руководства,1
572,reject,Негативная атмосфера в команде,2
572,reject,Несоответствующий уровень заработной платы,3
573,reject,Нет перспектив профессионального развития,1
573,reject,Нет интересных задач или проектов,2
573,reject,Несоответствующий уровень заработной платы,3
574,reject,Несоответствующий уровень заработной платы,1
574,reject,Плохая репутация компании или её руководства,2
574,reject,"Нет официального оформление трудовых отношений (""серая"" или ""черная"" зарплата)",3
575,reject,Несоответствующий уровень заработной платы,1
575,reject,Неудовлетворительный процесс найма,2
575,reject,Негативная атмосфера в команде,3
576,reject,Нет удаленного или гибридного формат работы,1
576,reject,"Нет официального оформление трудовых отношений (""серая"" или ""черная"" зарплата)",2
576,reject,Несоответствующий уровень заработной платы,3
577,reject,"Нет официального оформление трудовых отношений (""серая"" или ""черная"" зарплата)",1
577,reject,Нет удаленного или гибридного формат работы,2
577,reject,Непривлекательные цифровые продукты компании,3
578,reject,Нет удаленного или гибридного формат работы,1
578,reject,Непривлекательные цифровые продукты компании,2
578,reject,Несоответствующий уровень заработной платы,3
579,reject,Нестабильный бизнес компании,1
579,reject,"Нет официального оформление трудовых отношений (""серая"" или ""черная"" зарплата)",2
579,reject,Негативная атмосфера в команде,3
580,reject,Несоответствующий уровень заработной платы,1
580,reject,Плохая репутация компании или её руководства,2
580,reject,Негативная атмосфера в команде,3
581,reject,Нет удаленного или гибридного формат работы,1
581,reject,Нет интересных задач или проектов,2
581,reject,Нет перспектив профессионального развития,3
582,reject,"Нет официального оформление трудовых отношений (""серая"" или ""черная"" зарплата)",1
582,reject,Несоответствующий уровень заработной платы,2
582,reject,Нестабильный бизнес компании,3
583,reject,"Нет официального оформление трудовых отношений (""серая"" или ""черная"" зарплата)",1
583,reject,Нет перспектив профессионального развития,2
583,reject,Нестабильный бизнес компании,3
584,reject,Нет перспектив профессионального развития,1
584,reject,Непривлекательные цифровые продукты компании,2
584,reject,Нет интересных задач или проектов,3
585,reject,"Нет официального оформление трудовых отношений (""серая"" или ""черная"" зарплата)",1
585,reject,Негативная атмосфера в команде,2
585,reject,Нет перспектив профессионального развития,3
586,reject,Нет интересных задач или проектов,1
586,reject,Нет удаленного или гибридного формат работы,2
586,reject,Негативная атмосфера в команде,3
587,reject,Плохая репутация компании или её руководства,1
587,reject,Несоответствующий уровень заработной платы,2
587,reject,Нет перспектив профессионального развития,3
588,reject,Негативная атмосфера в команде,1
588,reject,"Нет официального оформление трудовых отношений (""серая"" или ""черная"" зарплата)",2
588,reject,Нет интересных задач или проектов,3
589,reject,Нестабильный бизнес компании,1
589,reject,Нет перспектив профессионального развития,2
589,reject,Нет интересных задач или проектов,3
590,reject,Плохая репутация компании или её руководства,1
590,reject,Нестабильный бизнес компании,2
590,reject,Нет интересных задач или проектов,3
591,reject,Плохая репутация компании или её руководства,1
591,reject,Нестабильный бизнес компании,2
591,reject,Негативная атмосфера в команде,3
592,reject,Нет перспектив профессионального развития,1
592,reject,Негативная атмосфера в команде,2
592,reject,Несоответствующий уровень заработной платы,3
593,reject,Нет интересных задач или проектов,1
593,reject,Нет удаленного или гибридного формат работы,2
593,reject,Несоответствующий уровень заработной платы,3
594,reject,Нет интересных задач или проектов,1
595,reject,"Нет официального оформление трудовых отношений (""серая"" или ""черная"" зарплата)",1
595,reject,Несоответствующий уровень заработной платы,2
595,reject,Плохая репутация компании или её руководства,3
596,reject,Несоответствующий уровень заработной платы,1
596,reject,Плохая репутация компании или её руководства,2
596,reject,Непривлекательные цифровые продукты компании,3
597,reject,Несоответствующий уровень заработной платы,1
597,reject,"Нет официального оформление трудовых отношений (""серая"" или ""черная"" зарплата)",2
597,reject,Плохая репутация компании или её руководства,3
598,reject,"Нет официального оформление трудовых отношений (""серая"" или ""черная"" зарплата)",1
598,reject,Негативная атмосфера в команде,2
598,reject,Несоответствующий уровень заработной платы,3
599,reject,Нет перспектив профессионального развития,1
599,reject,Негативная атмосфера в команде,2
599,reject,Плохая репутация компании или её руководства,3
600,reject,Нет удаленного или гибридного формат работы,1
600,reject,Нестабильный бизнес компании,2
600,reject,Несоответствующий уровень заработной платы,3
601,reject,"Нет официального оформление трудовых отношений (""серая"" или ""черная"" зарплата)",1
601,reject,Несоответствующий уровень заработной платы,2
601,reject,Нет перспектив профессионального развития,3
602,reject,Несоответствующий уровень заработной платы,1
602,reject,Нет интересных задач или проектов,2
602,reject,Негативная атмосфера в команде,3
603,reject,Нет интересных задач или проектов,1
603,reject,Несоответствующий уровень заработной платы,2
604,reject,Нет удаленного или гибридного формат работы,1
604,reject,Несоответствующий уровень заработной платы,2
604,reject,Негативная атмосфера в команде,3
605,reject,Несоответствующий уровень заработной платы,1
605,reject,"Нет официального оформление трудовых отношений (""серая"" или ""черная"" зарплата)",2
605,reject,Нет перспектив профессионального развития,3
606,reject,Несоответствующий уровень заработной платы,1
606,reject,"Нет официального оформление трудовых отношений (""серая"" или ""черная"" зарплата)",2
606,reject,Негативная атмосфера в команде,3
607,reject,Нет удаленного или гибридного формат работы,1
607,reject,Несоответствующий уровень заработной платы,2
607,reject,"Нет официального оформление трудовых отношений (""серая"" или ""черная"" зарплата)",3
608,reject,Нет перспектив профессионального развития,1
608,reject,Нет интересных задач или проектов,2
608,reject,Плохая репутация компании или её руководства,3
609,reject,Негативная атмосфера в команде,1
609,reject,Несоответствующий уровень заработной платы,2
609,reject,Нестабильный бизнес компании,3
610,reject,Нестабильный бизнес компании,1
610,reject,Несоответствующий уровень заработной платы,2
610,reject,Нет перспектив профессионального развития,3
611,reject,Нет удаленного или гибридного формат работы,1
611,reject,Нестабильный бизнес компании,2
611,reject,Плохая репутация компании или её руководства,3
612,reject,Нет перспектив профессионального развития,1
612,reject,Несоответствующий уровень заработной платы,2
613,reject,Негативная атмосфера в команде,1
613,reject,Нестабильный бизнес компании,2
613,reject,Плохая репутация компании или её руководства,3
614,reject,Плохая репутация компании или её руководства,1
614,reject,Негативная атмосфера в команде,2
614,reject,Нет интересных задач или проектов,3
615,reject,Негативная атмосфера в команде,1
615,reject,Плохая репутация компании или её руководства,2
615,reject,Нет интересных задач или проектов,3
616,reject,Плохая репутация компании или её руководства,1
616,reject,"Нет официального оформление трудовых отношений (""серая"" или ""черная"" зарплата)",2
616,reject,Негативная атмосфера в команде,3
617,reject,Плохая репутация компании или её руководства,1
617,reject,Несоответствующий уровень заработной платы,2
617,reject,Негативная атмосфера в команде,3
618,reject,Негативная атмосфера в команде,1
618,reject,Нет перспектив профессионального развития,2
618,reject,Нет интересных задач или проектов,3
619,reject,Нет интересных задач или проектов,1
619,reject,Плохая репутация компании или её руководства,2
619,reject,Негативная атмосфера в команде,3
620,reject,Нет интересных задач или проектов,1
620,reject,Нет перспектив профессионального развития,2
620,reject,Негативная атмосфера в команде,3
621,reject,Нет интересных задач или проектов,1
621,reject,Несоответствующий уровень заработной платы,2
621,reject,Негативная атмосфера в команде,3
622,reject,Несоответствующий уровень заработной платы,1
622,reject,Нет перспектив профессионального развития,2
622,reject,Нестабильный бизнес компании,3
623,reject,Нет перспектив профессионального развития,1
623,reject,Несоответствующий уровень заработной платы,2
623,reject,Негативная атмосфера в команде,3
624,reject,"Нет официального оформление трудовых отношений (""серая"" или ""черная"" зарплата)",1
624,reject,Несоответствующий уровень заработной платы,2
624,reject,Нестабильный бизнес компании,3
625,reject,Нестабильный бизнес компании,1
625,reject,Нет перспектив профессионального развития,2
625,reject,"Нет официального оформление трудовых отношений (""серая"" или ""черная"" зарплата)",3
626,reject,Плохая репутация компании или её руководства,1
626,reject,Нет перспектив профессионального развития,2
626,reject,"Нет официального оформление трудовых отношений (""серая"" или ""черная"" зарплата)",3
627,reject,"Нет официального оформление трудовых отношений (""серая"" или ""черная"" зарплата)",1
627,reject,Несоответствующий уровень заработной платы,2
627,reject,Плохая репутация компании или её руководства,3
628,reject,"Нет официального оформление трудовых отношений (""серая"" или ""черная"" зарплата)",1
628,reject,Нестабильный бизнес компании,2
628,reject,Несоответствующий уровень заработной платы,3
629,reject,Неудовлетворительный процесс найма,1
629,reject,Нет перспектив профессионального развития,2
629,reject,Несоответствующий уровень заработной платы,3
630,reject,Нет интересных задач или проектов,1
630,reject,Негативная атмосфера в команде,2
630,reject,Несоответствующий уровень заработной платы,3
631,reject,Плохая репутация компании или её руководства,1
631,reject,Нестабильный бизнес компании,2
631,reject,"Нет официального оформление трудовых отношений (""серая"" или ""черная"" зарплата)",3
632,reject,Несоответствующий уровень заработной платы,1
632,reject,Нет удаленного или гибридного формат работы,2
632,reject,Нет перспектив профессионального развития,3
633,reject,Нет удаленного или гибридного формат работы,1
633,reject,Плохая репутация компании или её руководства,2
633,reject,Нестабильный бизнес компании,3
634,reject,Нестабильный бизнес компании,1
634,reject,Несоответствующий уровень заработной платы,2
634,reject,Плохая репутация компании или её руководства,3
635,reject,Нет интересных задач или проектов,1
635,reject,Нестабильный бизнес компании,2
635,reject,Плохая репутация компании или её руководства,3
636,reject,Несоответствующий уровень заработной платы,1
636,reject,Нет удаленного или гибридного формат работы,2
636,reject,"Нет официального оформление трудовых отношений (""серая"" или ""черная"" зарплата)",3
637,reject,Несоответствующий уровень заработной платы,1
637,reject,Плохая репутация компании или её руководства,2
637,reject,Непривлекательные цифровые продукты компании,3
638,reject,"Нет официального оформление трудовых отношений (""серая"" или ""черная"" зарплата)",1
638,reject,Негативная атмосфера в команде,2
638,reject,Несоответствующий уровень заработной платы,3
639,reject,Несоответствующий уровень заработной платы,1
639,reject,"Нет официального оформление трудовых отношений (""серая"" или ""черная"" зарплата)",2
639,reject,Плохая репутация компании или её руководства,3
640,reject,Нестабильный бизнес компании,1
640,reject,Плохая репутация компании или её руководства,2
640,reject,Негативная атмосфера в команде,3
641,reject,"Нет официального оформление трудовых отношений (""серая"" или ""черная"" зарплата)",1
641,reject,Плохая репутация компании или её руководства,2
641,reject,Негативная атмосфера в команде,3
642,reject,Нестабильный бизнес компании,1
642,reject,Нет интересных задач или проектов,2
642,reject,"Нет официального оформление трудовых отношений (""серая"" или ""черная"" зарплата)",3
643,reject,Нестабильный бизнес компании,1
643,reject,Несоответствующий уровень заработной платы,2
643,reject,Непривлекательные цифровые продукты компании,3
644,reject,Несоответствующий уровень заработной платы,1
644,reject,Нет интересных задач или проектов,2
644,reject,Плохая репутация компании или её руководства,3
645,reject,Нет удаленного или гибридного формат работы,1
645,reject,Несоответствующий уровень заработной платы,2
645,reject,Плохая репутация компании или её руководства,3
646,reject,Плохая репутация компании или её руководства,1
646,reject,Нет перспектив профессионального развития,2
646,reject,Несоответствующий уровень заработной платы,3
647,reject,Плохая репутация компании или её руководства,1
647,reject,Несоответствующий уровень заработной платы,2
647,reject,Нет удаленного или гибридного формат работы,3
648,reject,Нет перспектив профессионального развития,1
648,reject,Негативная атмосфера в команде,2
648,reject,Непривлекательные цифровые продукты компании,3
649,reject,Несоответствующий уровень заработной платы,1
649,reject,Нет интересных задач или проектов,2
649,reject,Нет перспектив профессионального развития,3
650,reject,Негативная атмосфера в команде,1
650,reject,Нет перспектив профессионального развития,2
650,reject,Плохая репутация компании или её руководства,3
651,reject,Нет удаленного или гибридного формат работы,1
651,reject,"Нет официального оформление трудовых отношений (""серая"" или ""черная"" зарплата)",2
651,reject,Несоответствующий уровень заработной платы,3
652,reject,Нет удаленного или гибридного формат работы,1
652,reject,Непривлекательные цифровые продукты компании,2
652,reject,Несоответствующий уровень заработной платы,3
653,reject,Несоответствующий уровень заработной платы,1
653,reject,Нестабильный бизнес компании,2
653,reject,"Нет официального оформление трудовых отношений (""серая"" или ""черная"" зарплата)",3
654,reject,Несоответствующий уровень заработной платы,1
654,reject,Непривлекательные цифровые продукты компании,2
654,reject,Плохая репутация компании или её руководства,3
655,reject,Несоответствующий уровень заработной платы,1
655,reject,"Нет официального оформление трудовых отношений (""серая"" или ""черная"" зарплата)",2
655,reject,Нет перспектив профессионального развития,3
656,reject,Несоответствующий уровень заработной платы,1
656,reject,Нет перспектив профессионального развития,2
656,reject,"Нет официального оформление трудовых отношений (""серая"" или ""черная"" зарплата)",3
657,reject,Нет перспектив профессионального развития,1
657,reject,Нет удаленного или гибридного формат работы,2
657,reject,Негативная атмосфера в команде,3
658,reject,Нестабильный бизнес компании,1
658,reject,"Нет официального оформление трудовых отношений (""серая"" или ""черная"" зарплата)",2
658,reject,Нет удаленного или гибридного формат работы,3
659,reject,Плохая репутация компании или её руководства,1
659,reject,Несоответствующий уровень заработной платы,2
659,reject,Нет перспектив профессионального развития,3
660,reject,Нет перспектив профессионального развития,1
660,reject,Нестабильный бизнес компании,2
660,reject,Плохая репутация компании или её руководства,3
661,reject,Несоответствующий уровень заработной платы,1
661,reject,Нет перспектив профессионального развития,2
661,reject,Плохая репутация компании или её руководства,3
662,reject,Плохая репутация компании или её руководства,1
662,reject,Нестабильный бизнес компании,2
662,reject,"Нет официального оформление трудовых отношений (""серая"" или ""черная"" зарплата)",3
663,reject,Нет перспектив профессионального развития,1
663,reject,Негативная атмосфера в команде,2
663,reject,Нет интересных задач или проектов,3
664,reject,Несоответствующий уровень заработной платы,1
664,reject,Плохая репутация компании или её руководства,2
664,reject,Нет перспектив профессионального развития,3
665,reject,Плохая репутация компании или её руководства,1
665,reject,"Нет официального оформление трудовых отношений (""серая"" или ""черная"" зарплата)",2
665,reject,Нет удаленного или гибридного формат работы,3
666,reject,Неудовлетворительный процесс найма,1
666,reject,Нет перспектив профессионального развития,2
666,reject,Негативная атмосфера в команде,3
667,reject,Негативная атмосфера в команде,1
667,reject,Непривлекательные цифровые продукты компании,2
667,reject,Плохая репутация компании или её руководства,3
668,reject,Нет интересных задач или проектов,1
668,reject,Несоответствующий уровень заработной платы,2
668,reject,Плохая репутация компании или её руководства,3
669,reject,"Нет официального оформление трудовых отношений (""серая"" или ""черная"" зарплата)",1
669,reject,Негативная атмосфера в команде,2
669,reject,Плохая репутация компании или её руководства,3
670,reject,Нет интересных задач или проектов,1
670,reject,Негативная атмосфера в команде,2
670,reject,Нет перспектив профессионального развития,3
671,reject,Нестабильный бизнес компании,1
671,reject,Несоответствующий уровень заработной платы,2
671,reject,Плохая репутация компании или её руководства,3
672,reject,Неудовлетворительный процесс найма,1
672,reject,Негативная атмосфера в команде,2
672,reject,Плохая репутация компании или её руководства,3
673,reject,Плохая репутация компании или её руководства,1
673,reject,Несоответствующий уровень заработной платы,2
673,reject,Негативная атмосфера в команде,3
674,reject,Несоответствующий уровень заработной платы,1
674,reject,Негативная атмосфера в команде,2
674,reject,Нестабильный бизнес компании,3
675,reject,Негативная атмосфера в команде,1
675,reject,Неудовлетворительный процесс найма,2
675,reject,Плохая репутация компании или её руководства,3
676,reject,Несоответствующий уровень заработной платы,1
676,reject,"Нет официального оформление трудовых отношений (""серая"" или ""черная"" зарплата)",2
676,reject,Нестабильный бизнес компании,3
677,reject,"Нет официального оформление трудовых отношений (""серая"" или ""черная"" зарплата)",1
677,reject,Плохая репутация компании или её руководства,2
677,reject,Несоответствующий уровень заработной платы,3
678,reject,Нет удаленного или гибридного формат работы,1
678,reject,Несоответствующий уровень заработной платы,2
678,reject,Неудовлетворительный процесс найма,3
679,reject,"Нет официального оформление трудовых отношений (""серая"" или ""черная"" зарплата)",1
679,reject,Нет перспектив профессионального развития,2
679,reject,Негативная атмосфера в команде,3
680,reject,"Нет официального оформление трудовых отношений (""серая"" или ""черная"" зарплата)",1
680,reject,Несоответствующий уровень заработной платы,2
680,reject,Нестабильный бизнес компании,3
681,reject,Нет интересных задач или проектов,1
681,reject,Негативная атмосфера в команде,2
681,reject,Несоответствующий уровень заработной платы,3
682,reject,Нет перспектив профессионального развития,1
682,reject,"Нет официального оформление трудовых отношений (""серая"" или ""черная"" зарплата)",2
682,reject,Нет удаленного или гибридного формат работы,3
683,reject,"Нет официального оформление трудовых отношений (""серая"" или ""черная"" зарплата)",1
683,reject,Нет перспектив профессионального развития,2
683,reject,Нестабильный бизнес компании,3
684,reject,"Нет официального оформление трудовых отношений (""серая"" или ""черная"" зарплата)",1
684,reject,Несоответствующий уровень заработной платы,2
684,reject,Негативная атмосфера в команде,3
685,reject,Плохая репутация компании или её руководства,1
685,reject,Нет удаленного или гибридного формат работы,2
685,reject,Несоответствующий уровень заработной платы,3
686,reject,Несоответствующий уровень заработной платы,1
686,reject,"Нет официального оформление трудовых отношений (""серая"" или ""черная"" зарплата)",2
686,reject,Негативная атмосфера в команде,3
687,reject,Неудовлетворительный процесс найма,1
687,reject,Негативная атмосфера в команде,2
687,reject,Плохая репутация компании или её руководства,3
688,reject,"Нет официального оформление трудовых отношений (""серая"" или ""черная"" зарплата)",1
688,reject,Неудовлетворительный процесс найма,2
688,reject,Нет интересных задач или проектов,3
689,reject,"Нет официального оформление трудовых отношений (""серая"" или ""черная"" зарплата)",1
689,reject,Нет удаленного или гибридного формат работы,2
689,reject,Несоответствующий уровень заработной платы,3
690,reject,Нет удаленного или гибридного формат работы,1
690,reject,Несоответствующий уровень заработной платы,2
690,reject,Нет перспектив профессионального развития,3
691,reject,Негативная атмосфера в команде,1
691,reject,Нет удаленного или гибридного формат работы,2
691,reject,"Нет официального оформление трудовых отношений (""серая"" или ""черная"" зарплата)",3
692,reject,Негативная атмосфера в команде,1
692,reject,Нет перспектив профессионального развития,2
692,reject,"Нет официального оформление трудовых отношений (""серая"" или ""черная"" зарплата)",3
693,reject,Нет интересных задач или проектов,1
693,reject,Нет перспектив профессионального развития,2
693,reject,Несоответствующий уровень заработной платы,3
694,reject,Нет удаленного или гибридного формат работы,1
694,reject,Несоответствующий уровень заработной платы,2
694,reject,Плохая репутация компании или её руководства,3
695,reject,"Нет официального оформление трудовых отношений (""серая"" или ""черная"" зарплата)",1
695,reject,Несоответствующий уровень заработной платы,2
695,reject,Нет перспектив профессионального развития,3
696,reject,"Нет официального оформление трудовых отношений (""серая"" или ""черная"" зарплата)",1
696,reject,Нет интересных задач или проектов,2
696,reject,Нестабильный бизнес компании,3
697,reject,Нестабильный бизнес компании,1
697,reject,Несоответствующий уровень заработной платы,2
697,reject,Плохая репутация компании или её руководства,3
698,reject,Несоответствующий уровень заработной платы,1
698,reject,Непривлекательные цифровые продукты компании,2
698,reject,Нет интересных задач или проектов,3
699,reject,Негативная атмосфера в команде,1
699,reject,Несоответствующий уровень заработной платы,2
699,reject,Нет интересных задач или проектов,3
700,reject,Плохая репутация компании или её руководства,1
700,reject,Несоответствующий уровень заработной платы,2
700,reject,"Нет официального оформление трудовых отношений (""серая"" или ""черная"" зарплата)",3
701,reject,Нет удаленного или гибридного формат работы,1
701,reject,Несоответствующий уровень заработной платы,2
701,reject,Плохая репутация компании или её руководства,3
702,reject,Нестабильный бизнес компании,1
702,reject,Нет удаленного или гибридного формат работы,2
702,reject,Несоответствующий уровень заработной платы,3
703,reject,"Нет официального оформление трудовых отношений (""серая"" или ""черная"" зарплата)",1
703,reject,Несоответствующий уровень заработной платы,2
703,reject,Нет перспектив профессионального развития,3
704,reject,Негативная атмосфера в команде,1
704,reject,Нет интересных задач или проектов,2
704,reject,Нет перспектив профессионального развития,3
705,reject,Несоответствующий уровень заработной платы,1
705,reject,"Нет официального оформление трудовых отношений (""серая"" или ""черная"" зарплата)",2
705,reject,Плохая репутация компании или её руководства,3
706,reject,Несоответствующий уровень заработной платы,1
706,reject,Непривлекательные цифровые продукты компании,2
706,reject,Нет перспектив профессионального развития,3
707,reject,Негативная атмосфера в команде,1
707,reject,Плохая репутация компании или её руководства,2
707,reject,Несоответствующий уровень заработной платы,3
708,reject,Негативная атмосфера в команде,1
708,reject,"Нет официального оформление трудовых отношений (""серая"" или ""черная"" зарплата)",2
708,reject,Плохая репутация компании или её руководства,3
709,reject,Несоответствующий уровень заработной платы,1
709,reject,Негативная атмосфера в команде,2
709,reject,Нет удаленного или гибридного формат работы,3
710,reject,Негативная атмосфера в команде,1
710,reject,"Нет официального оформление трудовых отношений (""серая"" или ""черная"" зарплата)",2
710,reject,Плохая репутация компании или её руководства,3
711,reject,Плохая репутация компании или её руководства,1
711,reject,Нестабильный бизнес компании,2
711,reject,Несоответствующий уровень заработной платы,3
712,reject,Нет перспектив профессионального развития,1
712,reject,"Нет официального оформление трудовых отношений (""серая"" или ""черная"" зарплата)",2
712,reject,Несоответствующий уровень заработной платы,3
713,reject,Несоответствующий уровень заработной платы,1
713,reject,"Нет официального оформление трудовых отношений (""серая"" или ""черная"" зарплата)",2
713,reject,Негативная атмосфера в команде,3
714,reject,Несоответствующий уровень заработной платы,1
714,reject,Нет интересных задач или проектов,2
714,reject,Нет перспектив профессионального развития,3
715,reject,Нет удаленного или гибридного формат работы,1
715,reject,Несоответствующий уровень заработной платы,2
715,reject,"Нет официального оформление трудовых отношений (""серая"" или ""черная"" зарплата)",3
716,reject,Несоответствующий уровень заработной платы,1
716,reject,Нет удаленного или гибридного формат работы,2
716,reject,"Нет официального оформление трудовых отношений (""серая"" или ""черная"" зарплата)",3
717,reject,Негативная атмосфера в команде,1
717,reject,Нет перспектив профессионального развития,2
717,reject,Нестабильный бизнес компании,3
718,reject,"Нет официального оформление трудовых отношений (""серая"" или ""черная"" зарплата)",1
718,reject,Нет перспектив профессионального развития,2
718,reject,Нестабильный бизнес компании,3
719,reject,"Нет официального оформление трудовых отношений (""серая"" или ""черная"" зарплата)",1
719,reject,Несоответствующий уровень заработной платы,2
719,reject,Нет удаленного или гибридного формат работы,3
720,reject,"Нет официального оформление трудовых отношений (""серая"" или ""черная"" зарплата)",1
720,reject,Плохая репутация компании или её руководства,2
720,reject,Несоответствующий уровень заработной платы,3
721,reject,Нет перспектив профессионального развития,1
721,reject,"Нет официального оформление трудовых отношений (""серая"" или ""черная"" зарплата)",2
721,reject,Нет удаленного или гибридного формат работы,3
722,reject,Нестабильный бизнес компании,1
722,reject,"Нет официального оформление трудовых отношений (""серая"" или ""черная"" зарплата)",2
722,reject,Непривлекательные цифровые продукты компании,3
723,reject,Плохая репутация компании или её руководства,1
723,reject,Несоответствующий уровень заработной платы,2
723,reject,Нет перспектив профессионального развития,3
724,reject,Негативная атмосфера в команде,1
724,reject,Несоответствующий уровень заработной платы,2
724,reject,Нет перспектив профессионального развития,3
725,reject,Несоответствующий уровень заработной платы,1
725,reject,Плохая репутация компании или её руководства,2
725,reject,"Нет официального оформление трудовых отношений (""серая"" или ""черная"" зарплата)",3
726,reject,Несоответствующий уровень заработной платы,1
726,reject,Нет перспектив профессионального развития,2
726,reject,Нестабильный бизнес компании,3
727,reject,Нет интересных задач или проектов,1
727,reject,Нет удаленного или гибридного формат работы,2
727,reject,Неудовлетворительный процесс найма,3
728,reject,Плохая репутация компании или её руководства,1
728,reject,Неудовлетворительный процесс найма,2
728,reject,Несоответствующий уровень заработной платы,3
729,reject,Плохая репутация компании или её руководства,1
729,reject,Нет перспектив профессионального развития,2
729,reject,Нет интересных задач или проектов,3
730,reject,Негативная атмосфера в команде,1
730,reject,Несоответствующий уровень заработной платы,2
730,reject,Нет перспектив профессионального развития,3
731,reject,Несоответствующий уровень заработной платы,1
731,reject,Плохая репутация компании или её руководства,2
731,reject,"Нет официального оформление трудовых отношений (""серая"" или ""черная"" зарплата)",3
732,reject,Нет перспектив профессионального развития,1
732,reject,Негативная атмосфера в команде,2
732,reject,Плохая репутация компании или её руководства,3
733,reject,Плохая репутация компании или её руководства,1
733,reject,Нет интересных задач или проектов,2
733,reject,Негативная атмосфера в команде,3
734,reject,Нестабильный бизнес компании,1
734,reject,Нет удаленного или гибридного формат работы,2
734,reject,Плохая репутация компании или её руководства,3
735,reject,Нестабильный бизнес компании,1
735,reject,Несоответствующий уровень заработной платы,2
735,reject,"Нет официального оформление трудовых отношений (""серая"" или ""черная"" зарплата)",3
736,reject,Нестабильный бизнес компании,1
736,reject,Несоответствующий уровень заработной платы,2
736,reject,Негативная атмосфера в команде,3
737,reject,"Нет официального оформление трудовых отношений (""серая"" или ""черная"" зарплата)",1
737,reject,Нет удаленного или гибридного формат работы,2
737,reject,Негативная атмосфера в команде,3
738,reject,Плохая репутация компании или её руководства,1
738,reject,Негативная атмосфера в команде,2
738,reject,Нет перспектив профессионального развития,3
739,reject,Нет перспектив профессионального развития,1
739,reject,Несоответствующий уровень заработной платы,2
740,reject,"Нет официального оформление трудовых отношений (""серая"" или ""черная"" зарплата)",1
740,reject,Плохая репутация компании или её руководства,2
740,reject,Негативная атмосфера в команде,3
741,reject,"Нет официального оформление трудовых отношений (""серая"" или ""черная"" зарплата)",1
741,reject,Плохая репутация компании или её руководства,2
741,reject,Несоответствующий уровень заработной платы,3
742,reject,Плохая репутация компании или её руководства,1
742,reject,"Нет официального оформление трудовых отношений (""серая"" или ""черная"" зарплата)",2
742,reject,Нестабильный бизнес компании,3
743,reject,Плохая репутация компании или её руководства,1
743,reject,Нет интересных задач или проектов,2
743,reject,Негативная атмосфера в команде,3
744,reject,Нет удаленного или гибридного формат работы,1
744,reject,Несоответствующий уровень заработной платы,2
744,reject,Плохая репутация компании или её руководства,3
745,reject,Нет удаленного или гибридного формат работы,1
745,reject,Несоответствующий уровень заработной платы,2
745,reject,Негативная атмосфера в команде,3
746,reject,Нет перспектив профессионального развития,1
746,reject,Нет удаленного или гибридного формат работы,2
746,reject,Несоответствующий уровень заработной платы,3
747,reject,Негативная атмосфера в команде,1
747,reject,"Нет официального оформление трудовых отношений (""серая"" или ""черная"" зарплата)",2
747,reject,Непривлекательные цифровые продукты компании,3
748,reject,Нет интересных задач или проектов,1
748,reject,Нестабильный бизнес компании,2
748,reject,Неудовлетворительный процесс найма,3
749,reject,Плохая репутация компании или её руководства,1
749,reject,Несоответствующий уровень заработной платы,2
749,reject,"Нет официального оформление трудовых отношений (""серая"" или ""черная"" зарплата)",3
750,reject,Плохая репутация компании или её руководства,1
750,reject,Нет удаленного или гибридного формат работы,2
750,reject,Несоответствующий уровень заработной платы,3
751,reject,Плохая репутация компании или её руководства,1
751,reject,"Нет официального оформление трудовых отношений (""серая"" или ""черная"" зарплата)",2
751,reject,Негативная атмосфера в команде,3
752,reject,Несоответствующий уровень заработной платы,1
752,reject,"Нет официального оформление трудовых отношений (""серая"" или ""черная"" зарплата)",2
752,reject,Нет перспектив профессионального развития,3
753,reject,Нестабильный бизнес компании,1
753,reject,Негативная атмосфера в команде,2
753,reject,Плохая репутация компании или её руководства,3
754,reject,"Нет официального оформление трудовых отношений (""серая"" или ""черная"" зарплата)",1
754,reject,Несоответствующий уровень заработной платы,2
754,reject,Нет удаленного или гибридного формат работы,3
755,reject,Нестабильный бизнес компании,1
755,reject,Негативная атмосфера в команде,2
755,reject,Несоответствующий уровень заработной платы,3
756,reject,Нестабильный бизнес компании,1
756,reject,Плохая репутация компании или её руководства,2
756,reject,"Нет официального оформление трудовых отношений (""серая"" или ""черная"" зарплата)",3
757,reject,Несоответствующий уровень заработной платы,1
758,reject,Негативная атмосфера в команде,1
758,reject,Несоответствующий уровень заработной платы,2
758,reject,Нет удаленного или гибридного формат работы,3
759,reject,Негативная атмосфера в команде,1
759,reject,Несоответствующий уровень заработной платы,2
759,reject,Нет интересных задач или проектов,3
760,reject,Нет удаленного или гибридного формат работы,1
760,reject,Негативная атмосфера в команде,2
760,reject,Несоответствующий уровень заработной платы,3
761,reject,Негативная атмосфера в команде,1
761,reject,"Нет официального оформление трудовых отношений (""серая"" или ""черная"" зарплата)",2
761,reject,Нестабильный бизнес компании,3
762,reject,Негативная атмосфера в команде,1
762,reject,Плохая репутация компании или её руководства,2
762,reject,Несоответствующий уровень заработной платы,3
763,reject,"Нет официального оформление трудовых отношений (""серая"" или ""черная"" зарплата)",1
763,reject,Плохая репутация компании или её руководства,2
763,reject,Нет удаленного или гибридного формат работы,3
764,reject,Нет перспектив профессионального развития,1
764,reject,Плохая репутация компании или её руководства,2
764,reject,Непривлекательные цифровые продукты компании,3
765,reject,Негативная атмосфера в команде,1
765,reject,Плохая репутация компании или её руководства,2
765,reject,Несоответствующий уровень заработной платы,3
766,reject,Несоответствующий уровень заработной платы,1
766,reject,Негативная атмосфера в команде,2
766,reject,Нет удаленного или гибридного формат работы,3
767,reject,Плохая репутация компании или её руководства,1
767,reject,Несоответствующий уровень заработной платы,2
767,reject,Нестабильный бизнес компании,3
768,reject,"Нет официального оформление трудовых отношений (""серая"" или ""черная"" зарплата)",1
768,reject,Несоответствующий уровень заработной платы,2
768,reject,Нет удаленного или гибридного формат работы,3
769,reject,Негативная атмосфера в команде,1
769,reject,Несоответствующий уровень заработной платы,2
769,reject,"Нет официального оформление трудовых отношений (""серая"" или ""черная"" зарплата)",3
770,reject,"Нет официального оформление трудовых отношений (""серая"" или ""черная"" зарплата)",1
770,reject,Плохая репутация компании или её руководства,2
770,reject,Нестабильный бизнес компании,3
771,reject,Плохая репутация компании или её руководства,1
771,reject,Несоответствующий уровень заработной платы,2
771,reject,"Нет официального оформление трудовых отношений (""серая"" или ""черная"" зарплата)",3
772,reject,"Нет официального оформление трудовых отношений (""серая"" или ""черная"" зарплата)",1
772,reject,Негативная атмосфера в команде,2
772,reject,Несоответствующий уровень заработной платы,3
773,reject,Несоответствующий уровень заработной платы,1
773,reject,Нет интересных задач или проектов,2
773,reject,Плохая репутация компании или её руководства,3
774,reject,"Нет официального оформление трудовых отношений (""серая"" или ""черная"" зарплата)",1
774,reject,Несоответствующий уровень заработной платы,2
774,reject,Непривлекательные цифровые продукты компании,3
775,reject,Несоответствующий уровень заработной платы,1
775,reject,Нет интересных задач или проектов,2
775,reject,Негативная атмосфера в команде,3
776,reject,Несоответствующий уровень заработной платы,1
776,reject,Нестабильный бизнес компании,2
776,reject,Нет перспектив профессионального развития,3
777,reject,Нестабильный бизнес компании,1
777,reject,"Нет официального оформление трудовых отношений (""серая"" или ""черная"" зарплата)",2
777,reject,Негативная атмосфера в команде,3
778,reject,Несоответствующий уровень заработной платы,1
779,reject,Негативная атмосфера в команде,1
779,reject,Нет интересных задач или проектов,2
779,reject,Нет удаленного или гибридного формат работы,3
780,reject,Плохая репутация компании или её руководства,1
780,reject,Негативная атмосфера в команде,2
780,reject,"Нет официального оформление трудовых отношений (""серая"" или ""черная"" зарплата)",3
781,reject,Нет удаленного или гибридного формат работы,1
781,reject,"Нет официального оформление трудовых отношений (""серая"" или ""черная"" зарплата)",2
781,reject,Несоответствующий уровень заработной платы,3
782,reject,Нет интересных задач или проектов,1
782,reject,Негативная атмосфера в команде,2
782,reject,Плохая репутация компании или её руководства,3
783,reject,Несоответствующий уровень заработной платы,1
783,reject,Плохая репутация компании или её руководства,2
783,reject,Нет перспектив профессионального развития,3
784,reject,"Нет официального оформление трудовых отношений (""серая"" или ""черная"" зарплата)",1
784,reject,Негативная атмосфера в команде,2
784,reject,Несоответствующий уровень заработной платы,3
785,reject,Нестабильный бизнес компании,1
785,reject,Негативная атмосфера в команде,2
785,reject,Несоответствующий уровень заработной платы,3
786,reject,"Нет официального оформление трудовых отношений (""серая"" или ""черная"" зарплата)",1
786,reject,Плохая репутация компании или её руководства,2
786,reject,Несоответствующий уровень заработной платы,3
787,reject,"Нет официального оформление трудовых отношений (""серая"" или ""черная"" зарплата)",1
787,reject,Нет удаленного или гибридного формат работы,2
787,reject,Нестабильный бизнес компании,3
788,reject,Неудовлетворительный процесс найма,1
788,reject,"Нет официального оформление трудовых отношений (""серая"" или ""черная"" зарплата)",2
788,reject,Негативная атмосфера в команде,3
789,reject,"Нет официального оформление трудовых отношений (""серая"" или ""черная"" зарплата)",1
789,reject,Несоответствующий уровень заработной платы,2
789,reject,Плохая репутация компании или её руководства,3
790,reject,"Нет официального оформление трудовых отношений (""серая"" или ""черная"" зарплата)",1
790,reject,Нестабильный бизнес компании,2
790,reject,Плохая репутация компании или её руководства,3
791,reject,Несоответствующий уровень заработной платы,1
791,reject,"Нет официального оформление трудовых отношений (""серая"" или ""черная"" зарплата)",2
791,reject,Плохая репутация компании или её руководства,3
792,reject,Нет интересных задач или проектов,1
792,reject,Нет перспектив профессионального развития,2
792,reject,Несоответствующий уровень заработной платы,3
793,reject,Нет интересных задач или проектов,1
793,reject,"Нет официального оформление трудовых отношений (""серая"" или ""черная"" зарплата)",2
793,reject,Неудовлетворительный процесс найма,3
794,reject,Негативная атмосфера в команде,1
794,reject,Несоответствующий уровень заработной платы,2
794,reject,Нет удаленного или гибридного формат работы,3
795,reject,Плохая репутация компании или её руководства,1
795,reject,Несоответствующий уровень заработной платы,2
795,reject,"Нет официального оформление трудовых отношений (""серая"" или ""черная"" зарплата)",3
796,reject,Нет перспектив профессионального развития,1
796,reject,Несоответствующий уровень заработной платы,2
796,reject,Нестабильный бизнес компании,3
797,reject,Негативная атмосфера в команде,1
797,reject,Несоответствующий уровень заработной платы,2
797,reject,Неудовлетворительный процесс найма,3
798,reject,Несоответствующий уровень заработной платы,1
798,reject,Плохая репутация компании или её руководства,2
798,reject,Негативная атмосфера в команде,3
799,reject,Неудовлетворительный процесс найма,1
799,reject,"Нет официального оформление трудовых отношений (""серая"" или ""черная"" зарплата)",2
799,reject,Нет удаленного или гибридного формат работы,3
800,reject,Несоответствующий уровень заработной платы,1
800,reject,Неудовлетворительный процесс найма,2
800,reject,Нет перспектив профессионального развития,3
801,reject,Негативная атмосфера в команде,1
801,reject,Несоответствующий уровень заработной платы,2
801,reject,"Нет официального оформление трудовых отношений (""серая"" или ""черная"" зарплата)",3
802,reject,"Нет официального оформление трудовых отношений (""серая"" или ""черная"" зарплата)",1
802,reject,Несоответствующий уровень заработной платы,2
802,reject,Нет перспектив профессионального развития,3
803,reject,Несоответствующий уровень заработной платы,1
803,reject,Нет перспектив профессионального развития,2
803,reject,Негативная атмосфера в команде,3
804,reject,Негативная атмосфера в команде,1
804,reject,Нестабильный бизнес компании,2
804,reject,Нет перспектив профессионального развития,3
805,reject,"Нет официального оформление трудовых отношений (""серая"" или ""черная"" зарплата)",1
805,reject,Плохая репутация компании или её руководства,2
805,reject,Несоответствующий уровень заработной платы,3
806,reject,Несоответствующий уровень заработной платы,1
806,reject,"Нет официального оформление трудовых отношений (""серая"" или ""черная"" зарплата)",2
806,reject,Негативная атмосфера в команде,3
807,reject,Плохая репутация компании или её руководства,1
807,reject,"Нет официального оформление трудовых отношений (""серая"" или ""черная"" зарплата)",2
807,reject,Несоответствующий уровень заработной платы,3
808,reject,Плохая репутация компании или её руководства,1
808,reject,Нет интересных задач или проектов,2
808,reject,"Нет официального оформление трудовых отношений (""серая"" или ""черная"" зарплата)",3
809,reject,Плохая репутация компании или её руководства,1
809,reject,Несоответствующий уровень заработной платы,2
809,reject,Неудовлетворительный процесс найма,3
810,reject,Несоответствующий уровень заработной платы,1
810,reject,Нет удаленного или гибридного формат работы,2
810,reject,Нет интересных задач или проектов,3
811,reject,Нет интересных задач или проектов,1
811,reject,"Нет официального оформление трудовых отношений (""серая"" или ""черная"" зарплата)",2
811,reject,Плохая репутация компании или её руководства,3
812,reject,Негативная атмосфера в команде,1
812,reject,Плохая репутация компании или её руководства,2
812,reject,Нет интересных задач или проектов,3
813,reject,Нет интересных задач или проектов,1
813,reject,Негативная атмосфера в команде,2
813,reject,Несоответствующий уровень заработной платы,3
814,reject,Несоответствующий уровень заработной платы,1
814,reject,Непривлекательные цифровые продукты компании,2
814,reject,Нет перспектив профессионального развития,3
815,reject,Плохая репутация компании или её руководства,1
815,reject,Непривлекательные цифровые продукты компании,2
815,reject,Несоответствующий уровень заработной платы,3
816,reject,Нестабильный бизнес компании,1
816,reject,Несоответствующий уровень заработной платы,2
816,reject,Плохая репутация компании или её руководства,3
817,reject,Несоответствующий уровень заработной платы,1
817,reject,Плохая репутация компании или её руководства,2
817,reject,"Нет официального оформление трудовых отношений (""серая"" или ""черная"" зарплата)",3
818,reject,Нет перспектив профессионального развития,1
818,reject,Негативная атмосфера в команде,2
818,reject,Непривлекательные цифровые продукты компании,3
819,reject,Несоответствующий уровень заработной платы,1
819,reject,Нестабильный бизнес компании,2
819,reject,Негативная атмосфера в команде,3
820,reject,Негативная атмосфера в команде,1
820,reject,Неудовлетворительный процесс найма,2
820,reject,Нет удаленного или гибридного формат работы,3
821,reject,Негативная атмосфера в команде,1
821,reject,Плохая репутация компании или её руководства,2
821,reject,Нет удаленного или гибридного формат работы,3
822,reject,"Нет официального оформление трудовых отношений (""серая"" или ""черная"" зарплата)",1
822,reject,Плохая репутация компании или её руководства,2
822,reject,Несоответствующий уровень заработной платы,3
823,reject,Нет перспектив профессионального развития,1
823,reject,Негативная атмосфера в команде,2
823,reject,Плохая репутация компании или её руководства,3
824,reject,"Нет официального оформление трудовых отношений (""серая"" или ""черная"" зарплата)",1
824,reject,Нет удаленного или гибридного формат работы,2
824,reject,Несоответствующий уровень заработной платы,3
825,reject,Нет перспектив профессионального развития,1
825,reject,Нет интересных задач или проектов,2
825,reject,Несоответствующий уровень заработной платы,3
826,reject,Нет перспектив профессионального развития,1
826,reject,"Нет официального оформление трудовых отношений (""серая"" или ""черная"" зарплата)",2
826,reject,Несоответствующий уровень заработной платы,3
827,reject,Несоответствующий уровень заработной платы,1
827,reject,Негативная атмосфера в команде,2
827,reject,"Нет официального оформление трудовых отношений (""серая"" или ""черная"" зарплата)",3
828,reject,Нестабильный бизнес компании,1
828,reject,Несоответствующий уровень заработной платы,2
828,reject,Неудовлетворительный процесс найма,3
829,reject,"Нет официального оформление трудовых отношений (""серая"" или ""черная"" зарплата)",1
829,reject,Нет перспектив профессионального развития,2
829,reject,Нестабильный бизнес компании,3
830,reject,Плохая репутация компании или её руководства,1
830,reject,Нет интересных задач или проектов,2
830,reject,Нестабильный бизнес компании,3
831,reject,"Нет официального оформление трудовых отношений (""серая"" или ""черная"" зарплата)",1
831,reject,Нет перспектив профессионального развития,2
831,reject,Нестабильный бизнес компании,3
832,reject,Нет удаленного или гибридного формат работы,1
832,reject,Несоответствующий уровень заработной платы,2
832,reject,Неудовлетворительный процесс найма,3
833,reject,Нет перспектив профессионального развития,1
833,reject,Нет удаленного или гибридного формат работы,2
833,reject,Несоответствующий уровень заработной платы,3
834,reject,Негативная атмосфера в команде,1
834,reject,Плохая репутация компании или её руководства,2
834,reject,Нет перспектив профессионального развития,3
835,reject,Непривлекательные цифровые продукты компании,1
835,reject,Несоответствующий уровень заработной платы,2
835,reject,Плохая репутация компании или её руководства,3
836,reject,Нет интересных задач или проектов,1
836,reject,Нет перспектив профессионального развития,2
836,reject,Нет удаленного или гибридного формат работы,3
837,reject,Несоответствующий уровень заработной платы,1
837,reject,Нестабильный бизнес компании,2
837,reject,Плохая репутация компании или её руководства,3
838,reject,Плохая репутация компании или её руководства,1
838,reject,Несоответствующий уровень заработной платы,2
838,reject,"Нет официального оформление трудовых отношений (""серая"" или ""черная"" зарплата)",3
839,reject,Нет перспектив профессионального развития,1
839,reject,Плохая репутация компании или её руководства,2
839,reject,Несоответствующий уровень заработной платы,3
840,reject,"Нет официального оформление трудовых отношений (""серая"" или ""черная"" зарплата)",1
840,reject,Несоответствующий уровень заработной платы,2
840,reject,Плохая репутация компании или её руководства,3
841,reject,Нет перспектив профессионального развития,1
841,reject,"Нет официального оформление трудовых отношений (""серая"" или ""черная"" зарплата)",2
841,reject,Плохая репутация компании или её руководства,3
842,reject,"Нет официального оформление трудовых отношений (""серая"" или ""черная"" зарплата)",1
842,reject,Нет удаленного или гибридного формат работы,2
842,reject,Негативная атмосфера в команде,3
843,reject,"Нет официального оформление трудовых отношений (""серая"" или ""черная"" зарплата)",1
843,reject,Плохая репутация компании или её руководства,2
843,reject,Несоответствующий уровень заработной платы,3
844,reject,Нет перспектив профессионального развития,1
844,reject,Нет интересных задач или проектов,2
844,reject,Негативная атмосфера в команде,3
845,reject,Несоответствующий уровень заработной платы,1
845,reject,Плохая репутация компании или её руководства,2
845,reject,"Нет официального оформление трудовых отношений (""серая"" или ""черная"" зарплата)",3
846,reject,Негативная атмосфера в команде,1
846,reject,Несоответствующий уровень заработной платы,2
846,reject,Нет удаленного или гибридного формат работы,3
847,reject,"Нет официального оформление трудовых отношений (""серая"" или ""черная"" зарплата)",1
847,reject,Нет удаленного или гибридного формат работы,2
847,reject,Нет перспектив профессионального развития,3
848,reject,Плохая репутация компании или её руководства,1
848,reject,Несоответствующий уровень заработной платы,2
848,reject,Нестабильный бизнес компании,3
849,reject,Негативная атмосфера в команде,1
849,reject,"Нет официального оформление трудовых отношений (""серая"" или ""черная"" зарплата)",2
849,reject,Плохая репутация компании или её руководства,3
850,reject,Негативная атмосфера в команде,1
850,reject,Нет перспектив профессионального развития,2
850,reject,Плохая репутация компании или её руководства,3
851,reject,Нестабильный бизнес компании,1
851,reject,Нет интересных задач или проектов,2
851,reject,Несоответствующий уровень заработной платы,3
852,reject,Плохая репутация компании или её руководства,1
852,reject,Несоответствующий уровень заработной платы,2
852,reject,Нестабильный бизнес компании,3
853,reject,Несоответствующий уровень заработной платы,1
853,reject,Плохая репутация компании или её руководства,2
853,reject,"Нет официального оформление трудовых отношений (""серая"" или ""черная"" зарплата)",3
854,reject,Нет интересных задач или проектов,1
854,reject,Нет перспектив профессионального развития,2
854,reject,Плохая репутация компании или её руководства,3
855,reject,"Нет официального оформление трудовых отношений (""серая"" или ""черная"" зарплата)",1
855,reject,Плохая репутация компании или её руководства,2
855,reject,Несоответствующий уровень заработной платы,3
856,reject,Нет интересных задач или проектов,1
856,reject,Несоответствующий уровень заработной платы,2
856,reject,Нет перспектив профессионального развития,3
857,reject,"Нет официального оформление трудовых отношений (""серая"" или ""черная"" зарплата)",1
857,reject,Несоответствующий уровень заработной платы,2
857,reject,Нет перспектив профессионального развития,3
858,reject,Плохая репутация компании или её руководства,1
858,reject,"Нет официального оформление трудовых отношений (""серая"" или ""черная"" зарплата)",2
858,reject,Несоответствующий уровень заработной платы,3
859,reject,Несоответствующий уровень заработной платы,1
859,reject,Плохая репутация компании или её руководства,2
859,reject,Негативная атмосфера в команде,3
860,reject,Плохая репутация компании или её руководства,1
860,reject,"Нет официального оформление трудовых отношений (""серая"" или ""черная"" зарплата)",2
860,reject,Нет интересных задач или проектов,3
861,reject,Нет удаленного или гибридного формат работы,1
861,reject,Негативная атмосфера в команде,2
861,reject,Несоответствующий уровень заработной платы,3
862,reject,Нет интересных задач или проектов,1
863,reject,Нет перспектив профессионального развития,1
863,reject,Плохая репутация компании или её руководства,2
863,reject,Несоответствующий уровень заработной платы,3
864,reject,Нет удаленного или гибридного формат работы,1
864,reject,Негативная атмосфера в команде,2
864,reject,Нет перспектив профессионального развития,3
865,reject,Нет перспектив профессионального развития,1
865,reject,Несоответствующий уровень заработной платы,2
865,reject,Негативная атмосфера в команде,3
866,reject,Неудовлетворительный процесс найма,1
866,reject,"Нет официального оформление трудовых отношений (""серая"" или ""черная"" зарплата)",2
866,reject,Несоответствующий уровень заработной платы,3
867,reject,Нет интересных задач или проектов,1
867,reject,Нестабильный бизнес компании,2
867,reject,Несоответствующий уровень заработной платы,3
868,reject,Несоответствующий уровень заработной платы,1
868,reject,"Нет официального оформление трудовых отношений (""серая"" или ""черная"" зарплата)",2
868,reject,Нет интересных задач или проектов,3
869,reject,Несоответствующий уровень заработной платы,1
869,reject,"Нет официального оформление трудовых отношений (""серая"" или ""черная"" зарплата)",2
869,reject,Плохая репутация компании или её руководства,3
870,reject,"Нет официального оформление трудовых отношений (""серая"" или ""черная"" зарплата)",1
870,reject,Нестабильный бизнес компании,2
870,reject,Плохая репутация компании или её руководства,3
871,reject,Несоответствующий уровень заработной платы,1
871,reject,Негативная атмосфера в команде,2
871,reject,Нет перспектив профессионального развития,3
872,reject,Нет перспектив профессионального развития,1
872,reject,Плохая репутация компании или её руководства,2
872,reject,Негативная атмосфера в команде,3
873,reject,Несоответствующий уровень заработной платы,1
873,reject,Непривлекательные цифровые продукты компании,2
873,reject,Нет перспектив профессионального развития,3
874,reject,Несоответствующий уровень заработной платы,1
874,reject,Плохая репутация компании или её руководства,2
874,reject,"Нет официального оформление трудовых отношений (""серая"" или ""черная"" зарплата)",3
875,reject,Плохая репутация компании или её руководства,1
875,reject,Несоответствующий уровень заработной платы,2
875,reject,"Нет официального оформление трудовых отношений (""серая"" или ""черная"" зарплата)",3
876,reject,Несоответствующий уровень заработной платы,1
876,reject,Негативная атмосфера в команде,2
876,reject,Нет перспектив профессионального развития,3
877,reject,Плохая репутация компании или её руководства,1
877,reject,Несоответствующий уровень заработной платы,2
877,reject,"Нет официального оформление трудовых отношений (""серая"" или ""черная"" зарплата)",3
878,reject,"Нет официального оформление трудовых отношений (""серая"" или ""черная"" зарплата)",1
878,reject,Плохая репутация компании или её руководства,2
878,reject,Несоответствующий уровень заработной платы,3
879,reject,Несоответствующий уровень заработной платы,1
879,reject,"Нет официального оформление трудовых отношений (""серая"" или ""черная"" зарплата)",2
879,reject,Негативная атмосфера в команде,3
880,reject,Негативная атмосфера в команде,1
880,reject,Плохая репутация компании или её руководства,2
880,reject,"Нет официального оформление трудовых отношений (""серая"" или ""черная"" зарплата)",3
881,reject,Нет удаленного или гибридного формат работы,1
881,reject,Несоответствующий уровень заработной платы,2
881,reject,Нет перспектив профессионального развития,3
882,reject,Плохая репутация компании или её руководства,1
882,reject,Нет удаленного или гибридного формат работы,2
882,reject,"Нет официального оформление трудовых отношений (""серая"" или ""черная"" зарплата)",3
883,reject,"Нет официального оформление трудовых отношений (""серая"" или ""черная"" зарплата)",1
883,reject,Непривлекательные цифровые продукты компании,2
883,reject,Нет удаленного или гибридного формат работы,3
884,reject,Нестабильный бизнес компании,1
884,reject,Несоответствующий уровень заработной платы,2
884,reject,Плохая репутация компании или её руководства,3
885,reject,Негативная атмосфера в команде,1
885,reject,Нет перспектив профессионального развития,2
885,reject,Несоответствующий уровень заработной платы,3
886,reject,Негативная атмосфера в команде,1
886,reject,Плохая репутация компании или её руководства,2
886,reject,Несоответствующий уровень заработной платы,3
887,reject,Плохая репутация компании или её руководства,1
887,reject,Нестабильный бизнес компании,2
887,reject,Нет удаленного или гибридного формат работы,3
888,reject,"Нет официального оформление трудовых отношений (""серая"" или ""черная"" зарплата)",1
888,reject,Несоответствующий уровень заработной платы,2
888,reject,Нестабильный бизнес компании,3
889,reject,"Нет официального оформление трудовых отношений (""серая"" или ""черная"" зарплата)",1
889,reject,Несоответствующий уровень заработной платы,2
889,reject,Плохая репутация компании или её руководства,3
890,reject,Негативная атмосфера в команде,1
890,reject,Несоответствующий уровень заработной платы,2
890,reject,Нестабильный бизнес компании,3
891,reject,Несоответствующий уровень заработной платы,1
891,reject,Плохая репутация компании или её руководства,2
891,reject,Нет перспектив профессионального развития,3
892,reject,Нет удаленного или гибридного формат работы,1
892,reject,Несоответствующий уровень заработной платы,2
892,reject,Нет перспектив профессионального развития,3
893,reject,Плохая репутация компании или её руководства,1
893,reject,Нет перспектив профессионального развития,2
893,reject,Нет интересных задач или проектов,3
894,reject,"Нет официального оформление трудовых отношений (""серая"" или ""черная"" зарплата)",1
894,reject,Несоответствующий уровень заработной платы,2
894,reject,Нестабильный бизнес компании,3
895,reject,Несоответствующий уровень заработной платы,1
895,reject,"Нет официального оформление трудовых отношений (""серая"" или ""черная"" зарплата)",2
895,reject,Нестабильный бизнес компании,3
896,reject,Плохая репутация компании или её руководства,1
897,reject,Нет интересных задач или проектов,1
897,reject,Негативная атмосфера в команде,2
897,reject,Неудовлетворительный процесс найма,3
898,reject,"Нет официального оформление трудовых отношений (""серая"" или ""черная"" зарплата)",1
898,reject,Нет интересных задач или проектов,2
898,reject,Несоответствующий уровень заработной платы,3
899,reject,Нестабильный бизнес компании,1
899,reject,Нет удаленного или гибридного формат работы,2
899,reject,Несоответствующий уровень заработной платы,3
900,reject,Плохая репутация компании или её руководства,1
900,reject,Несоответствующий уровень заработной платы,2
900,reject,Нет интересных задач или проектов,3
901,reject,Несоответствующий уровень заработной платы,1
901,reject,Плохая репутация компании или её руководства,2
901,reject,Негативная атмосфера в команде,3
902,reject,"Нет официального оформление трудовых отношений (""серая"" или ""черная"" зарплата)",1
902,reject,Нестабильный бизнес компании,2
902,reject,Плохая репутация компании или её руководства,3
903,reject,Нет интересных задач или проектов,1
903,reject,Несоответствующий уровень заработной платы,2
903,reject,Плохая репутация компании или её руководства,3
904,reject,Несоответствующий уровень заработной платы,1
904,reject,Негативная атмосфера в команде,2
904,reject,Нет перспектив профессионального развития,3
905,reject,Нет удаленного или гибридного формат работы,1
906,reject,Нестабильный бизнес компании,1
906,reject,Негативная атмосфера в команде,2
906,reject,Плохая репутация компании или её руководства,3
907,reject,Нет удаленного или гибридного формат работы,1
907,reject,Несоответствующий уровень заработной платы,2
907,reject,Негативная атмосфера в команде,3
908,reject,Плохая репутация компании или её руководства,1
908,reject,Несоответствующий уровень заработной платы,2
908,reject,Нет удаленного или гибридного формат работы,3
909,reject,Несоответствующий уровень заработной платы,1
909,reject,Негативная атмосфера в команде,2
909,reject,Нет удаленного или гибридного формат работы,3
910,reject,Несоответствующий уровень заработной платы,1
910,reject,Негативная атмосфера в команде,2
910,reject,Нет перспектив профессионального развития,3
911,reject,Несоответствующий уровень заработной платы,1
911,reject,Плохая репутация компании или её руководства,2
911,reject,Негативная атмосфера в команде,3
912,reject,Плохая репутация компании или её руководства,1
912,reject,Нет интересных задач или проектов,2
912,reject,Несоответствующий уровень заработной платы,3
913,reject,Нестабильный бизнес компании,1
913,reject,Несоответствующий уровень заработной платы,2
913,reject,Нет перспектив профессионального развития,3
914,reject,"Нет официального оформление трудовых отношений (""серая"" или ""черная"" зарплата)",1
914,reject,Нет перспектив профессионального развития,2
914,reject,Нестабильный бизнес компании,3
915,reject,Нет интересных задач или проектов,1
915,reject,Негативная атмосфера в команде,2
915,reject,Несоответствующий уровень заработной платы,3
916,reject,Нет перспектив профессионального развития,1
916,reject,"Нет официального оформление трудовых отношений (""серая"" или ""черная"" зарплата)",2
916,reject,Плохая репутация компании или её руководства,3
917,reject,"Нет официального оформление трудовых отношений (""серая"" или ""черная"" зарплата)",1
917,reject,Нет перспектив профессионального развития,2
917,reject,Негативная атмосфера в команде,3
918,reject,Несоответствующий уровень заработной платы,1
918,reject,"Нет официального оформление трудовых отношений (""серая"" или ""черная"" зарплата)",2
918,reject,Плохая репутация компании или её руководства,3
919,reject,Несоответствующий уровень заработной платы,1
919,reject,"Нет официального оформление трудовых отношений (""серая"" или ""черная"" зарплата)",2
919,reject,Плохая репутация компании или её руководства,3
920,reject,"Нет официального оформление трудовых отношений (""серая"" или ""черная"" зарплата)",1
920,reject,Несоответствующий уровень заработной платы,2
920,reject,Нет перспектив профессионального развития,3
921,reject,Негативная атмосфера в команде,1
921,reject,Плохая репутация компании или её руководства,2
921,reject,"Нет официального оформление трудовых отношений (""серая"" или ""черная"" зарплата)",3
922,reject,Несоответствующий уровень заработной платы,1
922,reject,Негативная атмосфера в команде,2
922,reject,"Нет официального оформление трудовых отношений (""серая"" или ""черная"" зарплата)",3
923,reject,Несоответствующий уровень заработной платы,1
923,reject,"Нет официального оформление трудовых отношений (""серая"" или ""черная"" зарплата)",2
923,reject,Нет перспектив профессионального развития,3
924,reject,Несоответствующий уровень заработной платы,1
924,reject,Нет интересных задач или проектов,2
924,reject,Нет перспектив профессионального развития,3
925,reject,Нет перспектив профессионального развития,1
925,reject,"Нет официального оформление трудовых отношений (""серая"" или ""черная"" зарплата)",2
925,reject,Негативная атмосфера в команде,3
926,reject,"Нет официального оформление трудовых отношений (""серая"" или ""черная"" зарплата)",1
926,reject,Негативная атмосфера в команде,2
926,reject,Несоответствующий уровень заработной платы,3
927,reject,"Нет официального оформление трудовых отношений (""серая"" или ""черная"" зарплата)",1
927,reject,Плохая репутация компании или её руководства,2
927,reject,Нестабильный бизнес компании,3
928,reject,Несоответствующий уровень заработной платы,1
928,reject,Плохая репутация компании или её руководства,2
928,reject,Негативная атмосфера в команде,3
929,reject,Несоответствующий уровень заработной платы,1
929,reject,"Нет официального оформление трудовых отношений (""серая"" или ""черная"" зарплата)",2
929,reject,Непривлекательные цифровые продукты компании,3
930,reject,Несоответствующий уровень заработной платы,1
930,reject,Негативная атмосфера в команде,2
930,reject,Нет интересных задач или проектов,3
931,reject,"Нет официального оформление трудовых отношений (""серая"" или ""черная"" зарплата)",1
931,reject,Плохая репутация компании или её руководства,2
931,reject,Нет перспектив профессионального развития,3
932,reject,Плохая репутация компании или её руководства,1
932,reject,Несоответствующий уровень заработной платы,2
932,reject,Негативная атмосфера в команде,3
933,reject,Нестабильный бизнес компании,1
933,reject,Плохая репутация компании или её руководства,2
933,reject,"Нет официального оформление трудовых отношений (""серая"" или ""черная"" зарплата)",3
934,reject,"Нет официального оформление трудовых отношений (""серая"" или ""черная"" зарплата)",1
934,reject,Нестабильный бизнес компании,2
934,reject,Негативная атмосфера в команде,3
935,reject,Плохая репутация компании или её руководства,1
935,reject,Нестабильный бизнес компании,2
935,reject,Несоответствующий уровень заработной платы,3
936,reject,Нет удаленного или гибридного формат работы,1
936,reject,Плохая репутация компании или её руководства,2
936,reject,Нет перспектив профессионального развития,3
937,reject,Нет удаленного или гибридного формат работы,1
937,reject,"Нет официального оформление трудовых отношений (""серая"" или ""черная"" зарплата)",2
937,reject,Плохая репутация компании или её руководства,3
938,reject,Плохая репутация компании или её руководства,1
938,reject,Несоответствующий уровень заработной платы,2
938,reject,Нет интересных задач или проектов,3
939,reject,Нет удаленного или гибридного формат работы,1
939,reject,Несоответствующий уровень заработной платы,2
939,reject,"Нет официального оформление трудовых отношений (""серая"" или ""черная"" зарплата)",3
940,reject,Плохая репутация компании или её руководства,1
940,reject,Несоответствующий уровень заработной платы,2
940,reject,"Нет официального оформление трудовых отношений (""серая"" или ""черная"" зарплата)",3
941,reject,Нет удаленного или гибридного формат работы,1
941,reject,Плохая репутация компании или её руководства,2
941,reject,Несоответствующий уровень заработной платы,3
942,reject,Нет перспектив профессионального развития,1
942,reject,"Нет официального оформление трудовых отношений (""серая"" или ""черная"" зарплата)",2
942,reject,Нет удаленного или гибридного формат работы,3
943,reject,"Нет официального оформление трудовых отношений (""серая"" или ""черная"" зарплата)",1
943,reject,Негативная атмосфера в команде,2
943,reject,Несоответствующий уровень заработной платы,3
944,reject,Нет удаленного или гибридного формат работы,1
945,reject,Несоответствующий уровень заработной платы,1
945,reject,Нет удаленного или гибридного формат работы,2
945,reject,Плохая репутация компании или её руководства,3
946,reject,Нет перспектив профессионального развития,1
946,reject,Плохая репутация компании или её руководства,2
946,reject,"Нет официального оформление трудовых отношений (""серая"" или ""черная"" зарплата)",3
947,reject,Плохая репутация компании или её руководства,1
947,reject,Нет удаленного или гибридного формат работы,2
947,reject,Несоответствующий уровень заработной платы,3
948,reject,Нет удаленного или гибридного формат работы,1
948,reject,Плохая репутация компании или её руководства,2
948,reject,Непривлекательные цифровые продукты компании,3
949,reject,Негативная атмосфера в команде,1
949,reject,Несоответствующий уровень заработной платы,2
949,reject,Нестабильный бизнес компании,3
950,reject,Несоответствующий уровень заработной платы,1
950,reject,Плохая репутация компании или её руководства,2
950,reject,Нет перспектив профессионального развития,3
951,reject,Негативная атмосфера в команде,1
951,reject,Нет интересных задач или проектов,2
951,reject,Нет перспектив профессионального развития,3
952,reject,"Нет официального оформление трудовых отношений (""серая"" или ""черная"" зарплата)",1
952,reject,Несоответствующий уровень заработной платы,2
952,reject,Нет удаленного или гибридного формат работы,3
953,reject,Нет удаленного или гибридного формат работы,1
953,reject,Неудовлетворительный процесс найма,2
953,reject,Несоответствующий уровень заработной платы,3
954,reject,Несоответствующий уровень заработной платы,1
954,reject,Нет перспектив профессионального развития,2
954,reject,Нет удаленного или гибридного формат работы,3
955,reject,Нет удаленного или гибридного формат работы,1
955,reject,Несоответствующий уровень заработной платы,2
955,reject,Плохая репутация компании или её руководства,3
956,reject,Негативная атмосфера в команде,1
956,reject,Несоответствующий уровень заработной платы,2
956,reject,Нет интересных задач или проектов,3
957,reject,"Нет официального оформление трудовых отношений (""серая"" или ""черная"" зарплата)",1
957,reject,Несоответствующий уровень заработной платы,2
957,reject,Нет удаленного или гибридного формат работы,3
958,reject,Нестабильный бизнес компании,1
958,reject,Нет перспектив профессионального развития,2
958,reject,Плохая репутация компании или её руководства,3
959,reject,Негативная атмосфера в команде,1
960,reject,Негативная атмосфера в команде,1
960,reject,Плохая репутация компании или её руководства,2
960,reject,Нет перспектив профессионального развития,3
961,reject,Нет перспектив профессионального развития,1
961,reject,Плохая репутация компании или её руководства,2
961,reject,Нестабильный бизнес компании,3
962,reject,Негативная атмосфера в команде,1
962,reject,Плохая репутация компании или её руководства,2
962,reject,Нет перспектив профессионального развития,3
963,reject,Несоответствующий уровень заработной платы,1
963,reject,Нет перспектив профессионального развития,2
963,reject,Нет интересных задач или проектов,3
964,reject,Несоответствующий уровень заработной платы,1
964,reject,Плохая репутация компании или её руководства,2
964,reject,"Нет официального оформление трудовых отношений (""серая"" или ""черная"" зарплата)",3
965,reject,Негативная атмосфера в команде,1
965,reject,Несоответствующий уровень заработной платы,2
965,reject,Плохая репутация компании или её руководства,3
966,reject,Негативная атмосфера в команде,1
966,reject,"Нет официального оформление трудовых отношений (""серая"" или ""черная"" зарплата)",2
966,reject,Плохая репутация компании или её руководства,3
967,reject,Несоответствующий уровень заработной платы,1
967,reject,Плохая репутация компании или её руководства,2
967,reject,"Нет официального оформление трудовых отношений (""серая"" или ""черная"" зарплата)",3
968,reject,Плохая репутация компании или её руководства,1
968,reject,"Нет официального оформление трудовых отношений (""серая"" или ""черная"" зарплата)",2
968,reject,Несоответствующий уровень заработной платы,3
969,reject,Нет перспектив профессионального развития,1
969,reject,Плохая репутация компании или её руководства,2
969,reject,Нет интересных задач или проектов,3
970,reject,Нет интересных задач или проектов,1
970,reject,Нет удаленного или гибридного формат работы,2
970,reject,Нет перспектив профессионального развития,3
971,reject,Нестабильный бизнес компании,1
971,reject,Нет удаленного или гибридного формат работы,2
971,reject,Несоответствующий уровень заработной платы,3
972,reject,Плохая репутация компании или её руководства,1
972,reject,Несоответствующий уровень заработной платы,2
972,reject,Негативная атмосфера в команде,3
973,reject,Несоответствующий уровень заработной платы,1
973,reject,Нестабильный бизнес компании,2
973,reject,Нет удаленного или гибридного формат работы,3
974,reject,Несоответствующий уровень заработной платы,1
974,reject,Нет удаленного или гибридного формат работы,2
974,reject,Нет интересных задач или проектов,3
975,reject,"Нет официального оформление трудовых отношений (""серая"" или ""черная"" зарплата)",1
975,reject,Несоответствующий уровень заработной платы,2
975,reject,Нестабильный бизнес компании,3
976,reject,Плохая репутация компании или её руководства,1
976,reject,Несоответствующий уровень заработной платы,2
976,reject,Нет удаленного или гибридного формат работы,3
977,reject,Негативная атмосфера в команде,1
977,reject,Несоответствующий уровень заработной платы,2
977,reject,Плохая репутация компании или её руководства,3
978,reject,Несоответствующий уровень заработной платы,1
978,reject,Нет перспектив профессионального развития,2
978,reject,Нет интересных задач или проектов,3
979,reject,Нет перспектив профессионального развития,1
979,reject,Нет интересных задач или проектов,2
979,reject,Нестабильный бизнес компании,3
980,reject,Нет интересных задач или проектов,1
980,reject,Нестабильный бизнес компании,2
980,reject,Нет перспектив профессионального развития,3
981,reject,"Нет официального оформление трудовых отношений (""серая"" или ""черная"" зарплата)",1
981,reject,Негативная атмосфера в команде,2
981,reject,Нет перспектив профессионального развития,3
982,reject,Нет удаленного или гибридного формат работы,1
982,reject,Несоответствующий уровень заработной платы,2
982,reject,Нет перспектив профессионального развития,3
983,reject,Нет перспектив профессионального развития,1
983,reject,Плохая репутация компании или её руководства,2
983,reject,Несоответствующий уровень заработной платы,3
984,reject,Нестабильный бизнес компании,1
984,reject,Несоответствующий уровень заработной платы,2
984,reject,"Нет официального оформление трудовых отношений (""серая"" или ""черная"" зарплата)",3
985,reject,Нет удаленного или гибридного формат работы,1
985,reject,Несоответствующий уровень заработной платы,2
985,reject,Плохая репутация компании или её руководства,3
986,reject,Нет перспектив профессионального развития,1
986,reject,Несоответствующий уровень заработной платы,2
986,reject,Нестабильный бизнес компании,3
987,reject,Нет удаленного или гибридного формат работы,1
987,reject,Плохая репутация компании или её руководства,2
987,reject,Несоответствующий уровень заработной платы,3
988,reject,Плохая репутация компании или её руководства,1
988,reject,Негативная атмосфера в команде,2
988,reject,Несоответствующий уровень заработной платы,3
989,reject,Нет удаленного или гибридного формат работы,1
989,reject,Несоответствующий уровень заработной платы,2
989,reject,Плохая репутация компании или её руководства,3
990,reject,Нет перспектив профессионального развития,1
990,reject,Негативная атмосфера в команде,2
990,reject,Плохая репутация компании или её руководства,3
991,reject,Нестабильный бизнес компании,1
991,reject,"Нет официального оформление трудовых отношений (""серая"" или ""черная"" зарплата)",2
991,reject,Несоответствующий уровень заработной платы,3
992,reject,"Нет официального оформление трудовых отношений (""серая"" или ""черная"" зарплата)",1
992,reject,Несоответствующий уровень заработной платы,2
992,reject,Нет удаленного или гибридного формат работы,3
993,reject,Плохая репутация компании или её руководства,1
993,reject,Несоответствующий уровень заработной платы,2
993,reject,Нет удаленного или гибридного формат работы,3
994,reject,Нет интересных задач или проектов,1
994,reject,Непривлекательные цифровые продукты компании,2
994,reject,Плохая репутация компании или её руководства,3
995,reject,Нет удаленного или гибридного формат работы,1
995,reject,Плохая репутация компании или её руководства,2
995,reject,Несоответствующий уровень заработной платы,3
996,reject,Плохая репутация компании или её руководства,1
996,reject,Несоответствующий уровень заработной платы,2
996,reject,Негативная атмосфера в команде,3
997,reject,Негативная атмосфера в команде,1
997,reject,Несоответствующий уровень заработной платы,2
997,reject,"Нет официального оформление трудовых отношений (""серая"" или ""черная"" зарплата)",3
998,reject,Несоответствующий уровень заработной платы,1
998,reject,Нет удаленного или гибридного формат работы,2
998,reject,Нет интересных задач или проектов,3
999,reject,"Нет официального оформление трудовых отношений (""серая"" или ""черная"" зарплата)",1
999,reject,Несоответствующий уровень заработной платы,2
999,reject,Неудовлетворительный процесс найма,3
1000,reject,Несоответствующий уровень заработной платы,1
1000,reject,Нет интересных задач или проектов,2
1000,reject,Нет удаленного или гибридного формат работы,3
1001,reject,Нет интересных задач или проектов,1
1001,reject,Негативная атмосфера в команде,2
1001,reject,Плохая репутация компании или её руководства,3
1002,reject,Нет удаленного или гибридного формат работы,1
1002,reject,Несоответствующий уровень заработной платы,2
1002,reject,Нет перспектив профессионального развития,3
1003,reject,Непривлекательные цифровые продукты компании,1
1004,reject,"Нет официального оформление трудовых отношений (""серая"" или ""черная"" зарплата)",1
1004,reject,Плохая репутация компании или её руководства,2
1004,reject,Нестабильный бизнес компании,3
1005,reject,"Нет официального оформление трудовых отношений (""серая"" или ""черная"" зарплата)",1
1005,reject,Несоответствующий уровень заработной платы,2
1005,reject,Негативная атмосфера в команде,3
1006,reject,Неудовлетворительный процесс найма,1
1006,reject,Несоответствующий уровень заработной платы,2
1006,reject,Нет интересных задач или проектов,3
1007,reject,Нет интересных задач или проектов,1
1008,reject,Несоответствующий уровень заработной платы,1
1008,reject,"Нет официального оформление трудовых отношений (""серая"" или ""черная"" зарплата)",2
1008,reject,Нет перспектив профессионального развития,3
1009,reject,Нет удаленного или гибридного формат работы,1
1009,reject,Несоответствующий уровень заработной платы,2
1010,reject,Негативная атмосфера в команде,1
1010,reject,"Нет официального оформление трудовых отношений (""серая"" или ""черная"" зарплата)",2
1010,reject,Несоответствующий уровень заработной платы,3
1011,reject,Нет интересных задач или проектов,1
1011,reject,Нет удаленного или гибридного формат работы,2
1011,reject,Нет перспектив профессионального развития,3
1012,reject,Нет интересных задач или проектов,1
1012,reject,"Нет официального оформление трудовых отношений (""серая"" или ""черная"" зарплата)",2
1012,reject,Несоответствующий уровень заработной платы,3
1013,reject,Нет перспектив профессионального развития,1
1013,reject,Негативная атмосфера в команде,2
1013,reject,Неудовлетворительный процесс найма,3
1014,reject,Плохая репутация компании или её руководства,1
1014,reject,Негативная атмосфера в команде,2
1014,reject,"Нет официального оформление трудовых отношений (""серая"" или ""черная"" зарплата)",3
1015,reject,Неудовлетворительный процесс найма,1
1015,reject,Негативная атмосфера в команде,2
1015,reject,Несоответствующий уровень заработной платы,3
1016,reject,Нестабильный бизнес компании,1
1016,reject,Несоответствующий уровень заработной платы,2
1016,reject,Плохая репутация компании или её руководства,3
1017,reject,"Нет официального оформление трудовых отношений (""серая"" или ""черная"" зарплата)",1
1017,reject,Нет удаленного или гибридного формат работы,2
1017,reject,Несоответствующий уровень заработной платы,3
1018,reject,Нестабильный бизнес компании,1
1019,reject,Нестабильный бизнес компании,1
1019,reject,Плохая репутация компании или её руководства,2
1019,reject,Несоответствующий уровень заработной платы,3
1020,reject,Нет перспектив профессионального развития,1
1021,reject,Нестабильный бизнес компании,1
1021,reject,Нет перспектив профессионального развития,2
1021,reject,Плохая репутация компании или её руководства,3
1022,reject,Негативная атмосфера в команде,1
1022,reject,"Нет официального оформление трудовых отношений (""серая"" или ""черная"" зарплата)",2
1022,reject,Нестабильный бизнес компании,3
1023,reject,Несоответствующий уровень заработной платы,1
1023,reject,Негативная атмосфера в команде,2
1023,reject,Нестабильный бизнес компании,3
1024,reject,Несоответствующий уровень заработной платы,1
1024,reject,"Нет официального оформление трудовых отношений (""серая"" или ""черная"" зарплата)",2
1024,reject,Нестабильный бизнес компании,3
1025,reject,Нет удаленного или гибридного формат работы,1
1025,reject,Негативная атмосфера в команде,2
1025,reject,Несоответствующий уровень заработной платы,3
1026,reject,Нет интересных задач или проектов,1
1026,reject,Негативная атмосфера в команде,2
1026,reject,Другое: Репутация руководства компании,3
1027,reject,Плохая репутация компании или её руководства,1
1027,reject,Нет перспектив профессионального развития,2
1027,reject,Несоответствующий уровень заработной платы,3
1028,reject,Плохая репутация компании или её руководства,1
1028,reject,Нет удаленного или гибридного формат работы,2
1028,reject,"Нет официального оформление трудовых отношений (""серая"" или ""черная"" зарплата)",3
1029,reject,Нет перспектив профессионального развития,1
1029,reject,Нет удаленного или гибридного формат работы,2
1029,reject,Несоответствующий уровень заработной платы,3
1030,reject,Неудовлетворительный процесс найма,1
1030,reject,Негативная атмосфера в команде,2
1030,reject,Несоответствующий уровень заработной платы,3
1031,reject,Плохая репутация компании или её руководства,1
1031,reject,Негативная атмосфера в команде,2
1031,reject,Несоответствующий уровень заработной платы,3
1032,reject,Неудовлетворительный процесс найма,1
1032,reject,"Нет официального оформление трудовых отношений (""серая"" или ""черная"" зарплата)",2
1032,reject,Несоответствующий уровень заработной платы,3
1033,reject,Несоответствующий уровень заработной платы,1
1033,reject,"Нет официального оформление трудовых отношений (""серая"" или ""черная"" зарплата)",2
1033,reject,Негативная атмосфера в команде,3
1034,reject,Нет интересных задач или проектов,1
1034,reject,Несоответствующий уровень заработной платы,2
1034,reject,Нестабильный бизнес компании,3
1035,reject,Нет интересных задач или проектов,1
1035,reject,Нет удаленного или гибридного формат работы,2
1035,reject,"Нет официального оформление трудовых отношений (""серая"" или ""черная"" зарплата)",3
1036,reject,"Нет официального оформление трудовых отношений (""серая"" или ""черная"" зарплата)",1
1036,reject,Нестабильный бизнес компании,2
1036,reject,Несоответствующий уровень заработной платы,3
1037,reject,Нет удаленного или гибридного формат работы,1
1037,reject,Негативная атмосфера в команде,2
1037,reject,Несоответствующий уровень заработной платы,3
1038,reject,Плохая репутация компании или её руководства,1
1038,reject,Несоответствующий уровень заработной платы,2
1038,reject,Негативная атмосфера в команде,3
1039,reject,Негативная атмосфера в команде,1
1039,reject,"Нет официального оформление трудовых отношений (""серая"" или ""черная"" зарплата)",2
1039,reject,Несоответствующий уровень заработной платы,3
1040,reject,Нет удаленного или гибридного формат работы,1
1040,reject,Несоответствующий уровень заработной платы,2
1040,reject,Негативная атмосфера в команде,3
1041,reject,Нет удаленного или гибридного формат работы,1
1041,reject,Нестабильный бизнес компании,2
1041,reject,Несоответствующий уровень заработной платы,3
1042,reject,"Нет официального оформление трудовых отношений (""серая"" или ""черная"" зарплата)",1
1042,reject,Негативная атмосфера в команде,2
1042,reject,Несоответствующий уровень заработной платы,3
1043,reject,Несоответствующий уровень заработной платы,1
1043,reject,Нет перспектив профессионального развития,2
1043,reject,Неудовлетворительный процесс найма,3
1044,reject,Нет интересных задач или проектов,1
1044,reject,Несоответствующий уровень заработной платы,2
1044,reject,Нет перспектив профессионального развития,3
1045,reject,Нет удаленного или гибридного формат работы,1
1045,reject,"Нет официального оформление трудовых отношений (""серая"" или ""черная"" зарплата)",2
1045,reject,Плохая репутация компании или её руководства,3
1046,reject,Негативная атмосфера в команде,1
1046,reject,Нестабильный бизнес компании,2
1046,reject,Плохая репутация компании или её руководства,3
1047,reject,Несоответствующий уровень заработной платы,1
1047,reject,Нет перспектив профессионального развития,2
1047,reject,Нет интересных задач или проектов,3
1048,reject,Нестабильный бизнес компании,1
1048,reject,"Нет официального оформление трудовых отношений (""серая"" или ""черная"" зарплата)",2
1048,reject,Неудовлетворительный процесс найма,3
1049,reject,Негативная атмосфера в команде,1
1049,reject,Несоответствующий уровень заработной платы,2
1049,reject,Нет перспектив профессионального развития,3
1050,reject,Нестабильный бизнес компании,1
1050,reject,Негативная атмосфера в команде,2
1050,reject,Плохая репутация компании или её руководства,3
1051,reject,Несоответствующий уровень заработной платы,1
1051,reject,Плохая репутация компании или её руководства,2
1051,reject,Нет удаленного или гибридного формат работы,3
1052,reject,Плохая репутация компании или её руководства,1
1052,reject,"Нет официального оформление трудовых отношений (""серая"" или ""черная"" зарплата)",2
1052,reject,Нет перспектив профессионального развития,3
1053,reject,Негативная атмосфера в команде,1
1053,reject,Плохая репутация компании или её руководства,2
1053,reject,"Нет официального оформление трудовых отношений (""серая"" или ""черная"" зарплата)",3
1054,reject,Нестабильный бизнес компании,1
1054,reject,"Нет официального оформление трудовых отношений (""серая"" или ""черная"" зарплата)",2
1054,reject,Несоответствующий уровень заработной платы,3
1055,reject,Несоответствующий уровень заработной платы,1
1055,reject,"Нет официального оформление трудовых отношений (""серая"" или ""черная"" зарплата)",2
1055,reject,Негативная атмосфера в команде,3
1056,reject,Плохая репутация компании или её руководства,1
1056,reject,Нет удаленного или гибридного формат работы,2
1056,reject,Несоответствующий уровень заработной платы,3
1057,reject,Несоответствующий уровень заработной платы,1
1057,reject,Плохая репутация компании или её руководства,2
1057,reject,Нестабильный бизнес компании,3
1058,reject,Нет перспектив профессионального развития,1
1058,reject,"Нет официального оформление трудовых отношений (""серая"" или ""черная"" зарплата)",2
1058,reject,Несоответствующий уровень заработной платы,3
1059,reject,Несоответствующий уровень заработной платы,1
1059,reject,Нет удаленного или гибридного формат работы,2
1059,reject,"Нет официального оформление трудовых отношений (""серая"" или ""черная"" зарплата)",3
1060,reject,Негативная атмосфера в команде,1
1060,reject,"Нет официального оформление трудовых отношений (""серая"" или ""черная"" зарплата)",2
1060,reject,Плохая репутация компании или её руководства,3
1061,reject,"Нет официального оформление трудовых отношений (""серая"" или ""черная"" зарплата)",1
1061,reject,Нет перспектив профессионального развития,2
1061,reject,Несоответствующий уровень заработной платы,3
1062,reject,Негативная атмосфера в команде,1
1062,reject,Несоответствующий уровень заработной платы,2
1062,reject,Плохая репутация компании или её руководства,3
1063,reject,Негативная атмосфера в команде,1
1063,reject,Несоответствующий уровень заработной платы,2
1063,reject,Нет перспектив профессионального развития,3
1064,reject,Плохая репутация компании или её руководства,1
1064,reject,Несоответствующий уровень заработной платы,2
1064,reject,Нет интересных задач или проектов,3
1065,reject,Несоответствующий уровень заработной платы,1
1065,reject,Негативная атмосфера в команде,2
1065,reject,Нет перспектив профессионального развития,3
1066,reject,Негативная атмосфера в команде,1
1066,reject,Нет удаленного или гибридного формат работы,2
1066,reject,Неудовлетворительный процесс найма,3
1067,reject,Нестабильный бизнес компании,1
1067,reject,Нет удаленного или гибридного формат работы,2
1067,reject,Несоответствующий уровень заработной платы,3
1068,reject,Несоответствующий уровень заработной платы,1
1068,reject,Нестабильный бизнес компании,2
1068,reject,"Нет официального оформление трудовых отношений (""серая"" или ""черная"" зарплата)",3
1069,reject,Негативная атмосфера в команде,1
1069,reject,"Нет официального оформление трудовых отношений (""серая"" или ""черная"" зарплата)",2
1069,reject,Нестабильный бизнес компании,3
1070,reject,Нет удаленного или гибридного формат работы,1
1070,reject,Негативная атмосфера в команде,2
1070,reject,Несоответствующий уровень заработной платы,3
1071,reject,"Нет официального оформление трудовых отношений (""серая"" или ""черная"" зарплата)",1
1071,reject,Несоответствующий уровень заработной платы,2
1071,reject,Плохая репутация компании или её руководства,3
1072,reject,Нестабильный бизнес компании,1
1072,reject,Плохая репутация компании или её руководства,2
1072,reject,"Нет официального оформление трудовых отношений (""серая"" или ""черная"" зарплата)",3
1073,reject,Плохая репутация компании или её руководства,1
1073,reject,Несоответствующий уровень заработной платы,2
1073,reject,Нет удаленного или гибридного формат работы,3
1074,reject,Нет перспектив профессионального развития,1
1074,reject,Нет удаленного или гибридного формат работы,2
1074,reject,Нет интересных задач или проектов,3
1075,reject,"Нет официального оформление трудовых отношений (""серая"" или ""черная"" зарплата)",1
1075,reject,Несоответствующий уровень заработной платы,2
1075,reject,Нестабильный бизнес компании,3
1076,reject,Негативная атмосфера в команде,1
1076,reject,Нет удаленного или гибридного формат работы,2
1076,reject,Плохая репутация компании или её руководства,3
1077,reject,Непривлекательные цифровые продукты компании,1
1077,reject,Несоответствующий уровень заработной платы,2
1077,reject,Негативная атмосфера в команде,3
1078,reject,"Нет официального оформление трудовых отношений (""серая"" или ""черная"" зарплата)",1
1078,reject,Нет перспектив профессионального развития,2
1078,reject,Плохая репутация компании или её руководства,3
1079,reject,Неудовлетворительный процесс найма,1
1079,reject,Непривлекательные цифровые продукты компании,2
1079,reject,Негативная атмосфера в команде,3
1080,reject,Нет перспектив профессионального развития,1
1080,reject,Плохая репутация компании или её руководства,2
1080,reject,Нестабильный бизнес компании,3
1081,reject,Несоответствующий уровень заработной платы,1
1081,reject,Плохая репутация компании или её руководства,2
1081,reject,"Нет официального оформление трудовых отношений (""серая"" или ""черная"" зарплата)",3
1082,reject,Несоответствующий уровень заработной платы,1
1082,reject,Негативная атмосфера в команде,2
1082,reject,Нет удаленного или гибридного формат работы,3
1083,reject,Нет перспектив профессионального развития,1
1083,reject,Негативная атмосфера в команде,2
1083,reject,Несоответствующий уровень заработной платы,3
1084,reject,Нет удаленного или гибридного формат работы,1
1084,reject,Негативная атмосфера в команде,2
1084,reject,Другое: всё вышеперечисленное,3
1085,reject,Несоответствующий уровень заработной платы,1
1085,reject,"Нет официального оформление трудовых отношений (""серая"" или ""черная"" зарплата)",2
1085,reject,Нестабильный бизнес компании,3
1086,reject,Несоответствующий уровень заработной платы,1
1086,reject,Негативная атмосфера в команде,2
1086,reject,Нет удаленного или гибридного формат работы,3
1087,reject,"Нет официального оформление трудовых отношений (""серая"" или ""черная"" зарплата)",1
1087,reject,Несоответствующий уровень заработной платы,2
1087,reject,Плохая репутация компании или её руководства,3
1088,reject,Плохая репутация компании или её руководства,1
1088,reject,Негативная атмосфера в команде,2
1088,reject,Нет удаленного или гибридного формат работы,3
1089,reject,Негативная атмосфера в команде,1
1089,reject,Нет удаленного или гибридного формат работы,2
1089,reject,Несоответствующий уровень заработной платы,3
1090,reject,Несоответствующий уровень заработной платы,1
1090,reject,Нет интересных задач или проектов,2
1090,reject,Негативная атмосфера в команде,3
1091,reject,Нет удаленного или гибридного формат работы,1
1091,reject,Несоответствующий уровень заработной платы,2
1091,reject,Негативная атмосфера в команде,3
1092,reject,Плохая репутация компании или её руководства,1
1092,reject,Негативная атмосфера в команде,2
1092,reject,Нет перспектив профессионального развития,3
1093,reject,Нестабильный бизнес компании,1
1093,reject,Нет интересных задач или проектов,2
1093,reject,Несоответствующий уровень заработной платы,3
1094,reject,"Нет официального оформление трудовых отношений (""серая"" или ""черная"" зарплата)",1
1094,reject,Негативная атмосфера в команде,2
1094,reject,Нет перспектив профессионального развития,3
1095,reject,Нет удаленного или гибридного формат работы,1
1095,reject,Негативная атмосфера в команде,2
1095,reject,Несоответствующий уровень заработной платы,3
1096,reject,Плохая репутация компании или её руководства,1
1096,reject,Несоответствующий уровень заработной платы,2
1096,reject,Нет перспектив профессионального развития,3
1097,reject,Несоответствующий уровень заработной платы,1
1097,reject,Плохая репутация компании или её руководства,2
1097,reject,Негативная атмосфера в команде,3
1098,reject,"Нет официального оформление трудовых отношений (""серая"" или ""черная"" зарплата)",1
1098,reject,Несоответствующий уровень заработной платы,2
1098,reject,Негативная атмосфера в команде,3
1099,reject,Нестабильный бизнес компании,1
1099,reject,Плохая репутация компании или её руководства,2
1099,reject,Нет интересных задач или проектов,3
1100,reject,Нет перспектив профессионального развития,1
1100,reject,Нет удаленного или гибридного формат работы,2
1100,reject,Несоответствующий уровень заработной платы,3
1101,reject,Нет перспектив профессионального развития,1
1101,reject,Негативная атмосфера в команде,2
1101,reject,Плохая репутация компании или её руководства,3
1102,reject,Плохая репутация компании или её руководства,1
1102,reject,Несоответствующий уровень заработной платы,2
1102,reject,"Нет официального оформление трудовых отношений (""серая"" или ""черная"" зарплата)",3
1103,reject,"Нет официального оформление трудовых отношений (""серая"" или ""черная"" зарплата)",1
1103,reject,Несоответствующий уровень заработной платы,2
1103,reject,Нестабильный бизнес компании,3
1104,reject,"Нет официального оформление трудовых отношений (""серая"" или ""черная"" зарплата)",1
1104,reject,Нет удаленного или гибридного формат работы,2
1104,reject,Несоответствующий уровень заработной платы,3
1105,reject,Несоответствующий уровень заработной платы,1
1105,reject,Нет удаленного или гибридного формат работы,2
1105,reject,Плохая репутация компании или её руководства,3
1106,reject,Нет удаленного или гибридного формат работы,1
1106,reject,"Нет официального оформление трудовых отношений (""серая"" или ""черная"" зарплата)",2
1106,reject,Несоответствующий уровень заработной платы,3
1107,reject,Несоответствующий уровень заработной платы,1
1107,reject,Негативная атмосфера в команде,2
1107,reject,Нет перспектив профессионального развития,3
1108,reject,Нет перспектив профессионального развития,1
1108,reject,Негативная атмосфера в команде,2
1108,reject,Несоответствующий уровень заработной платы,3
1109,reject,Негативная атмосфера в команде,1
1109,reject,Непривлекательные цифровые продукты компании,2
1109,reject,Плохая репутация компании или её руководства,3
1110,reject,Плохая репутация компании или её руководства,1
1110,reject,Несоответствующий уровень заработной платы,2
1110,reject,Нет удаленного или гибридного формат работы,3
1111,reject,Неудовлетворительный процесс найма,1
1111,reject,Негативная атмосфера в команде,2
1111,reject,Нет перспектив профессионального развития,3
