respondent_id,survey_language,participated_2025,gender,age_group,experience_group,specialization,grade,current_industry,city,employer_preference,main_decision_source,survey_score,ready_for_followup
1,rus,Да,Мужчина,22 - 26,Менее 2 лет,ИТ безопасность,Junior,ИТ продуктовая компания,Астана,Не вижу разницы,"Рекомендации и отзывы сотрудников (нынешних или бывших), Впечатление от общения с HR или ИТ-рекрутером компании, Личный бренд основателя или руководителя компании",5,Нет
2,rus,Да,Мужчина,32 - 36,Более 20 лет,ИТ безопасность,C-level (CEO + CEO-1),ИТ продуктовая компания,Астана,Не вижу разницы,"Репутация компании на рынке (обсуждение в чатах, пабликах, каналах), Личный бренд основателя или руководителя компании, Личный опыт использования цифрового продукта или услуги компании",4,Нет
3,rus,Да,Женщина,32 - 36,7 - 10,HR | ИТ подбор,C-level (CEO + CEO-1),ИТ продуктовая компания,Астана,Не вижу разницы,"Репутация компании на рынке (обсуждение в чатах, пабликах, каналах), Личный бренд основателя или руководителя компании, Рекомендации и отзывы сотрудников (нынешних или бывших)",5,Да
4,rus,Да,Женщина,27 - 31,7 - 10,HR | ИТ подбор,Senior,ИТ продуктовая компания,Алматы,Хочу работать только на иностранную компанию (удаленно из Казахстана),"Рекомендации и отзывы сотрудников (нынешних или бывших), Впечатление от общения с HR или ИТ-рекрутером компании, Репутация компании на рынке (обсуждение в чатах, пабликах, каналах)",5,Да
5,rus,Нет,Женщина,37 - 41,Менее 2 лет,HR | ИТ подбор,Middle,ИТ продуктовая компания,Астана,Только казахстанская компания,"Рекомендации и отзывы сотрудников (нынешних или бывших), Официальный сайт компании, Репутация компании на рынке (обсуждение в чатах, пабликах, каналах)",5,Нет
6,kaz,Нет,Мужчина,27 - 31,3 - 6,Frontend разработка,Senior,ИТ продуктовая компания,Атырау,Только иностранная компания (в Казахстане),"Рекомендации и отзывы сотрудников (нынешних или бывших), Рейтинги, Репутация компании на рынке (обсуждение в чатах, пабликах, каналах)",5,Да
7,rus,Нет,Женщина,27 - 31,3 - 6,HR | ИТ подбор,C-level,E-commerce | Логистика,Алматы,Только иностранная компания (в Казахстане),"Впечатление от общения с HR или ИТ-рекрутером компании, Личный опыт использования цифрового продукта или услуги компании, Репутация компании на рынке (обсуждение в чатах, пабликах, каналах)",5,Да
8,rus,Нет,Мужчина,32 - 36,15 - 19,Проектный менеджмент,Senior,Другое,Астана,Не вижу разницы,"Рекомендации и отзывы сотрудников (нынешних или бывших), Репутация компании на рынке (обсуждение в чатах, пабликах, каналах), Впечатление от общения с HR или ИТ-рекрутером компании",4,Да
9,rus,Нет,Женщина,22 - 26,Менее 2 лет,HR | ИТ подбор,Middle,ИТ продуктовая компания,Астана,Только иностранная компания (в Казахстане),"Рекомендации и отзывы сотрудников (нынешних или бывших), Рейтинги, Впечатление от общения с HR или ИТ-рекрутером компании",4,Нет
10,rus,Нет,Женщина,22 - 26,Менее 2 лет,Мобильная разработка,Middle,ИТ продуктовая компания,Астана,Только казахстанская компания,Рекомендации и отзывы сотрудников (нынешних или бывших),5,Нет
11,rus,Нет,Мужчина,27 - 31,7 - 10,Продакт менеджмент,C-level (CEO + CEO-1),ИТ продуктовая компания,Алматы,Не вижу разницы,"Рекомендации и отзывы сотрудников (нынешних или бывших), Личный бренд основателя или руководителя компании, Впечатление от общения с HR или ИТ-рекрутером компании",4,Да
12,rus,Нет,Мужчина,32 - 36,11 - 14,Web-design | UX/UI,Senior,ИТ продуктовая компания,Астана,Хочу работать только на иностранную компанию (удаленно из Казахстана),"Рекомендации и отзывы сотрудников (нынешних или бывших), Личный бренд основателя или руководителя компании, Репутация компании на рынке (обсуждение в чатах, пабликах, каналах)",4,Нет
13,rus,Нет,Мужчина,27 - 31,3 - 6,Frontend разработка,Team Lead,ИТ продуктовая компания,Алматы,Хочу работать только на иностранную компанию (удаленно из Казахстана),"Впечатление от общения с HR или ИТ-рекрутером компании, Корпоративные профили на специализированных платформах (LinkedIn, hh.kz и пр.), Рекомендации и отзывы сотрудников (нынешних или бывших)",5,Да
14,rus,Нет,Мужчина,Старше 46,Более 20 лет,Высший менеджмент (CEO/CIO/CTO/CMO/CPO/CISO/CTIO/CAIO/CDO),C-level (CEO + CEO-1),ИТ продуктовая компания,Алматы,Не вижу разницы,"Рекомендации и отзывы сотрудников (нынешних или бывших), Репутация компании на рынке (обсуждение в чатах, пабликах, каналах), Впечатление от общения с HR или ИТ-рекрутером компании",3,Нет
15,rus,Да,Женщина,37 - 41,15 - 19,Проектный менеджмент,Team Lead,Горнодобывающая промышленность,Алматы,Не вижу разницы,"Рекомендации и отзывы сотрудников (нынешних или бывших), Личный опыт использования цифрового продукта или услуги компании, Репутация компании на рынке (обсуждение в чатах, пабликах, каналах)",2,-
16,rus,Нет,Мужчина,32 - 36,7 - 10,Мобильная разработка,Senior,ИТ продуктовая компания,Алматы,Не вижу разницы,"Репутация компании на рынке (обсуждение в чатах, пабликах, каналах), Личный опыт использования цифрового продукта или услуги компании, Личный бренд основателя или руководителя компании",4,Нет
17,rus,Нет,Мужчина,22 - 26,Менее 2 лет,Мобильная разработка,Junior,ИТ продуктовая компания,Астана,Не вижу разницы,"Рекомендации и отзывы сотрудников (нынешних или бывших), Личный опыт использования цифрового продукта или услуги компании, Рейтинги",5,Нет
18,rus,Нет,Женщина,22 - 26,Менее 2 лет,Проектный менеджмент,Junior,Образование / EdTech,Астана,Не вижу разницы,"Впечатление от общения с HR или ИТ-рекрутером компании, Рекомендации и отзывы сотрудников (нынешних или бывших), Репутация компании на рынке (обсуждение в чатах, пабликах, каналах)",5,Нет
19,rus,Нет,Женщина,32 - 36,3 - 6,Backend разработка,Middle,E-commerce | Логистика,Алматы,Не вижу разницы,"Рекомендации и отзывы сотрудников (нынешних или бывших), Впечатление от общения с HR или ИТ-рекрутером компании, Рейтинги",5,Нет
20,rus,Нет,Женщина,27 - 31,Менее 2 лет,HR | ИТ подбор,Middle,ИТ продуктовая компания,Астана,Хочу работать только на иностранную компанию (удаленно из Казахстана),"Корпоративные профили на специализированных платформах (LinkedIn, hh.kz и пр.), Репутация компании на рынке (обсуждение в чатах, пабликах, каналах), Рейтинги",4,Да
21,rus,Нет,Женщина,27 - 31,7 - 10,Web-design | UX/UI,Team Lead,ИТ продуктовая компания,Алматы,Хочу работать только на иностранную компанию (удаленно из Казахстана),"Рекомендации и отзывы сотрудников (нынешних или бывших), Репутация компании на рынке (обсуждение в чатах, пабликах, каналах), Рейтинги",3,Нет
22,rus,Нет,Мужчина,22 - 26,3 - 6,DevOps | Системное администрирование,Junior,Телекоммуникации,Астана,Не вижу разницы,"Рейтинги, Впечатление от общения с HR или ИТ-рекрутером компании, Репутация компании на рынке (обсуждение в чатах, пабликах, каналах)",3,Нет
23,rus,Нет,Мужчина,32 - 36,7 - 10,HR | ИТ подбор,Team Lead,Fintech,Живу за пределами Казахстана,Только иностранная компания (в Казахстане),"Репутация компании на рынке (обсуждение в чатах, пабликах, каналах), Впечатление от общения с HR или ИТ-рекрутером компании, Рекомендации и отзывы сотрудников (нынешних или бывших)",5,Да
24,rus,Да,Женщина,37 - 41,11 - 14,Продакт менеджмент,Senior,Строительство / Инжиниринг / Сервис,Астана,Только иностранная компания (в Казахстане),"Рекомендации и отзывы сотрудников (нынешних или бывших), Впечатление от общения с HR или ИТ-рекрутером компании, Репутация компании на рынке (обсуждение в чатах, пабликах, каналах)",4,Да
25,rus,Да,Мужчина,22 - 26,3 - 6,Backend разработка,Middle,ИТ продуктовая компания,Алматы,Не вижу разницы,"Рекомендации и отзывы сотрудников (нынешних или бывших), Личный опыт использования цифрового продукта или услуги компании, Репутация компании на рынке (обсуждение в чатах, пабликах, каналах)",5,Да
26,rus,Нет,Мужчина,22 - 26,Менее 2 лет,Frontend разработка,Junior,ИТ продуктовая компания,Астана,Хочу работать только на иностранную компанию (удаленно из Казахстана),"Репутация компании на рынке (обсуждение в чатах, пабликах, каналах), Рекомендации и отзывы сотрудников (нынешних или бывших)",3,Нет
27,rus,Да,Женщина,Младше 21,3 - 6,Backend разработка,Middle,ИТ продуктовая компания,Астана,Хочу работать только на иностранную компанию (удаленно из Казахстана),"Рекомендации и отзывы сотрудников (нынешних или бывших), Репутация компании на рынке (обсуждение в чатах, пабликах, каналах), Впечатление от общения с HR или ИТ-рекрутером компании",1,-
28,rus,Нет,Мужчина,22 - 26,Менее 2 лет,ИТ безопасность,Middle,Другое,Астана,Не вижу разницы,"Рекомендации и отзывы сотрудников (нынешних или бывших), Впечатление от общения с HR или ИТ-рекрутером компании, Репутация компании на рынке (обсуждение в чатах, пабликах, каналах)",1,-
29,rus,Нет,Женщина,22 - 26,Менее 2 лет,Аналитика (бизнес аналитик / системный аналитик),Junior,ИТ продуктовая компания,Алматы,Только иностранная компания (в Казахстане),"Рейтинги, Корпоративные профили на специализированных платформах (LinkedIn, hh.kz и пр.), Репутация компании на рынке (обсуждение в чатах, пабликах, каналах)",5,Нет
30,rus,Нет,Мужчина,27 - 31,7 - 10,ИТ безопасность,C-level,ИТ продуктовая компания,Живу за пределами Казахстана,Не вижу разницы,"Личный бренд основателя или руководителя компании, Репутация компании на рынке (обсуждение в чатах, пабликах, каналах), Впечатление от общения с HR или ИТ-рекрутером компании",4,Нет
31,rus,Нет,Мужчина,27 - 31,3 - 6,Продакт менеджмент,C-level,ИТ продуктовая компания,Астана,Не вижу разницы,"Рекомендации и отзывы сотрудников (нынешних или бывших), Личный опыт использования цифрового продукта или услуги компании, Репутация компании на рынке (обсуждение в чатах, пабликах, каналах)",5,Да
32,rus,Нет,Мужчина,27 - 31,3 - 6,Проектный менеджмент,Team Lead,ИТ продуктовая компания,Алматы,Не вижу разницы,"Корпоративные профили на специализированных платформах (LinkedIn, hh.kz и пр.), Официальный сайт компании, Рекомендации и отзывы сотрудников (нынешних или бывших)",4,Да
33,rus,Нет,Мужчина,27 - 31,7 - 10,Frontend разработка,Team Lead,Разработка ПО | IT Outsourcing,Алматы,Не вижу разницы,"Впечатление от общения с HR или ИТ-рекрутером компании, Репутация компании на рынке (обсуждение в чатах, пабликах, каналах), Корпоративные профили на специализированных платформах (LinkedIn, hh.kz и пр.)",5,Нет
34,rus,Нет,Мужчина,37 - 41,15 - 19,Web-design | UX/UI,Tribe Leader,Fintech,Алматы,Не вижу разницы,"Рекомендации и отзывы сотрудников (нынешних или бывших), Впечатление от общения с HR или ИТ-рекрутером компании, Репутация компании на рынке (обсуждение в чатах, пабликах, каналах)",5,Нет
35,rus,Нет,Мужчина,32 - 36,11 - 14,Backend разработка,Senior,ИТ продуктовая компания,Алматы,Не вижу разницы,"Репутация компании на рынке (обсуждение в чатах, пабликах, каналах), Впечатление от общения с HR или ИТ-рекрутером компании, Личный опыт использования цифрового продукта или услуги компании",4,Да
36,rus,Нет,Мужчина,27 - 31,3 - 6,Data Science | Аналитик данных,Team Lead,Финансовый сектор (банк / брокер / страховая компания),Алматы,Не вижу разницы,"Корпоративные профили на специализированных платформах (LinkedIn, hh.kz и пр.), Рекомендации и отзывы сотрудников (нынешних или бывших), Репутация компании на рынке (обсуждение в чатах, пабликах, каналах)",4,Нет
37,rus,Нет,Женщина,22 - 26,Менее 2 лет,Data Science | Аналитик данных,Middle,Финансовый сектор (банк / брокер / страховая компания),Алматы,Не вижу разницы,"Рекомендации и отзывы сотрудников (нынешних или бывших), Впечатление от общения с HR или ИТ-рекрутером компании, Личный опыт использования цифрового продукта или услуги компании",4,Нет
38,rus,Нет,Женщина,22 - 26,Менее 2 лет,HR | ИТ подбор,Middle,Машиностроительство / Автоиндустрия,Астана,Не вижу разницы,"Репутация компании на рынке (обсуждение в чатах, пабликах, каналах), Рекомендации и отзывы сотрудников (нынешних или бывших), Рейтинги",5,Да
39,rus,Да,Мужчина,37 - 41,15 - 19,Высший менеджмент (CEO/CIO/CTO/CMO/CPO/CISO/CTIO/CAIO/CDO),C-level (CEO + CEO-1),ИТ продуктовая компания,Алматы,Не вижу разницы,"Корпоративные профили на специализированных платформах (LinkedIn, hh.kz и пр.), Рекомендации и отзывы сотрудников (нынешних или бывших), Впечатление от общения с HR или ИТ-рекрутером компании",4,Нет
40,rus,Да,Мужчина,27 - 31,7 - 10,HR | ИТ подбор,Team Lead,Другое,Алматы,Не вижу разницы,"Личный опыт использования цифрового продукта или услуги компании, Репутация компании на рынке (обсуждение в чатах, пабликах, каналах), Впечатление от общения с HR или ИТ-рекрутером компании",4,Да
41,rus,Нет,Женщина,22 - 26,3 - 6,Frontend разработка,Junior,ИТ продуктовая компания,Алматы,Не вижу разницы,"Впечатление от общения с HR или ИТ-рекрутером компании, Рекомендации и отзывы сотрудников (нынешних или бывших)",4,Нет
42,rus,Нет,Женщина,42 - 46,3 - 6,HR | ИТ подбор,C-level (CEO + CEO-1),Fintech,Алматы,Не вижу разницы,"Рекомендации и отзывы сотрудников (нынешних или бывших), Репутация компании на рынке (обсуждение в чатах, пабликах, каналах), Впечатление от общения с HR или ИТ-рекрутером компании",5,Да
43,rus,Нет,Мужчина,27 - 31,7 - 10,Backend разработка,Senior,ИТ продуктовая компания,Алматы,Хочу работать только на иностранную компанию (удаленно из Казахстана),"Рекомендации и отзывы сотрудников (нынешних или бывших), Впечатление от общения с HR или ИТ-рекрутером компании, Репутация компании на рынке (обсуждение в чатах, пабликах, каналах)",4,Нет
44,rus,Нет,Мужчина,Младше 21,Менее 2 лет,Backend разработка,Middle,Образование / EdTech,Алматы,Не вижу разницы,"Репутация компании на рынке (обсуждение в чатах, пабликах, каналах), Корпоративные профили на специализированных платформах (LinkedIn, hh.kz и пр.), Рекомендации и отзывы сотрудников (нынешних или бывших)",4,Нет
45,rus,Да,Мужчина,22 - 26,3 - 6,Web-design | UX/UI,Senior,Fintech,Алматы,Хочу работать только на иностранную компанию (удаленно из Казахстана),"Официальный сайт компании, Корпоративные профили на специализированных платформах (LinkedIn, hh.kz и пр.), Впечатление от общения с HR или ИТ-рекрутером компании",3,Да
46,rus,Нет,Женщина,32 - 36,7 - 10,Маркетинг | SMM | SEO,Senior,ИТ продуктовая компания,Алматы,Не вижу разницы,"Впечатление от общения с HR или ИТ-рекрутером компании, Рекомендации и отзывы сотрудников (нынешних или бывших), Личный бренд основателя или руководителя компании",5,Нет
47,rus,Нет,Мужчина,22 - 26,3 - 6,ИТ безопасность,Team Lead,Другое,Астана,Не вижу разницы,"Корпоративные профили на специализированных платформах (LinkedIn, hh.kz и пр.)",4,Нет
48,rus,Нет,Мужчина,22 - 26,3 - 6,Backend разработка,Middle,Разработка ПО | IT Outsourcing,Алматы,Не вижу разницы,"Репутация компании на рынке (обсуждение в чатах, пабликах, каналах), Рекомендации и отзывы сотрудников (нынешних или бывших), Личный бренд основателя или руководителя компании",5,Да
49,rus,Да,Мужчина,Младше 21,Менее 2 лет,ИТ безопасность,Junior,Нефтегазовая / Химическая промышленность / Нефтесервис,Астана,Не вижу разницы,Личный бренд основателя или руководителя компании,5,Нет
50,rus,Да,Мужчина,27 - 31,7 - 10,ИТ безопасность,Senior,Другое,Алматы,Только иностранная компания (в Казахстане),"Рекомендации и отзывы сотрудников (нынешних или бывших), Впечатление от общения с HR или ИТ-рекрутером компании, Репутация компании на рынке (обсуждение в чатах, пабликах, каналах)",1,-
51,rus,Да,Женщина,32 - 36,7 - 10,HR | ИТ подбор,Senior,Разработка ПО | IT Outsourcing,Караганда,Только иностранная компания (в Казахстане),"Рекомендации и отзывы сотрудников (нынешних или бывших), Рейтинги, Репутация компании на рынке (обсуждение в чатах, пабликах, каналах)",4,Нет
52,rus,Нет,Женщина,27 - 31,3 - 6,HR | ИТ подбор,Team Lead,Разработка ПО | IT Outsourcing,Астана,Только иностранная компания (в Казахстане),"Впечатление от общения с HR или ИТ-рекрутером компании, Рекомендации и отзывы сотрудников (нынешних или бывших), Репутация компании на рынке (обсуждение в чатах, пабликах, каналах)",5,Да
53,rus,Нет,Мужчина,27 - 31,3 - 6,ИТ архитектура,Middle,Другое,Шымкент,Только казахстанская компания,"Рекомендации и отзывы сотрудников (нынешних или бывших), Впечатление от общения с HR или ИТ-рекрутером компании, Рейтинги",3,Да
54,rus,Нет,Мужчина,32 - 36,7 - 10,Продакт менеджмент,Tribe Leader,Финансовый сектор (банк / брокер / страховая компания),Алматы,Не вижу разницы,"Рекомендации и отзывы сотрудников (нынешних или бывших), Репутация компании на рынке (обсуждение в чатах, пабликах, каналах)",3,Да
55,rus,Нет,Женщина,32 - 36,3 - 6,Проектный менеджмент,Middle,Телекоммуникации,Астана,Только иностранная компания (в Казахстане),"Репутация компании на рынке (обсуждение в чатах, пабликах, каналах), Впечатление от общения с HR или ИТ-рекрутером компании, Корпоративные профили на специализированных платформах (LinkedIn, hh.kz и пр.)",5,Да
56,rus,Нет,Мужчина,32 - 36,7 - 10,Frontend разработка,Team Lead,ИТ продуктовая компания,Астана,Не вижу разницы,"Репутация компании на рынке (обсуждение в чатах, пабликах, каналах), Личный опыт использования цифрового продукта или услуги компании, Впечатление от общения с HR или ИТ-рекрутером компании",5,Нет
57,rus,Нет,Женщина,Младше 21,Менее 2 лет,Backend разработка,Junior,ИТ продуктовая компания,Астана,Только казахстанская компания,"Официальный сайт компании, Репутация компании на рынке (обсуждение в чатах, пабликах, каналах), Рекомендации и отзывы сотрудников (нынешних или бывших)",5,Нет
58,rus,Нет,Мужчина,37 - 41,15 - 19,ИТ безопасность,Tribe Leader,Разработка ПО | IT Outsourcing,Астана,Не вижу разницы,"Репутация компании на рынке (обсуждение в чатах, пабликах, каналах), Рекомендации и отзывы сотрудников (нынешних или бывших), Впечатление от общения с HR или ИТ-рекрутером компании",5,Нет
59,rus,Да,Женщина,Старше 46,11 - 14,HR | ИТ подбор,Team Lead,Разработка ПО | IT Outsourcing,Алматы,Только иностранная компания (в Казахстане),"Рекомендации и отзывы сотрудников (нынешних или бывших), Впечатление от общения с HR или ИТ-рекрутером компании, Репутация компании на рынке (обсуждение в чатах, пабликах, каналах)",5,Да
60,rus,Да,Мужчина,Младше 21,Менее 2 лет,ИТ безопасность,Middle,Финансовый сектор (банк / брокер / страховая компания),Астана,Не вижу разницы,Официальный сайт компании,5,Нет
61,rus,Да,Мужчина,32 - 36,3 - 6,ИТ безопасность,Senior,ИТ продуктовая компания,Астана,Не вижу разницы,"Репутация компании на рынке (обсуждение в чатах, пабликах, каналах), Реклама компании на профессиональных мероприятиях и митапах, Рекомендации и отзывы сотрудников (нынешних или бывших)",5,Нет
62,kaz,Нет,Мужчина,32 - 36,11 - 14,Backend разработка,Senior,Разработка ПО | IT Outsourcing,Алматы,Только иностранная компания (в Казахстане),"Репутация компании на рынке (обсуждение в чатах, пабликах, каналах), Личный опыт использования цифрового продукта или услуги компании, Впечатление от общения с HR или ИТ-рекрутером компании",4,Нет
63,rus,Да,Женщина,42 - 46,7 - 10,ИТ архитектура,Senior,ИТ продуктовая компания,Алматы,Хочу работать только на иностранную компанию (удаленно из Казахстана),Рекомендации и отзывы сотрудников (нынешних или бывших),1,-
64,rus,Нет,Мужчина,22 - 26,3 - 6,Backend разработка,Middle,ИТ продуктовая компания,Караганда,Хочу работать только на иностранную компанию (удаленно из Казахстана),"Репутация компании на рынке (обсуждение в чатах, пабликах, каналах), Рекомендации и отзывы сотрудников (нынешних или бывших), Рейтинги",3,Нет
65,kaz,Нет,Мужчина,Младше 21,Менее 2 лет,ИТ безопасность,Middle,Финансовый сектор (банк / брокер / страховая компания),Астана,Не вижу разницы,"Реклама компании на профессиональных мероприятиях и митапах, Репутация компании на рынке (обсуждение в чатах, пабликах, каналах), Впечатление от общения с HR или ИТ-рекрутером компании",5,Да
66,kaz,Да,Мужчина,Младше 21,Менее 2 лет,ИТ безопасность,Junior,Финансовый сектор (банк / брокер / страховая компания),Алматы,Не вижу разницы,Реклама компании на профессиональных мероприятиях и митапах,5,Да
67,rus,Нет,Мужчина,32 - 36,15 - 19,ИТ архитектура,Team Lead,Разработка ПО | IT Outsourcing,Алматы,Не вижу разницы,"Рекомендации и отзывы сотрудников (нынешних или бывших), Личный опыт использования цифрового продукта или услуги компании, Репутация компании на рынке (обсуждение в чатах, пабликах, каналах)",4,Нет
68,rus,Нет,Женщина,32 - 36,Менее 2 лет,HR | ИТ подбор,Senior,Разработка ПО | IT Outsourcing,Алматы,Хочу работать только на иностранную компанию (удаленно из Казахстана),"Корпоративные профили на специализированных платформах (LinkedIn, hh.kz и пр.), Репутация компании на рынке (обсуждение в чатах, пабликах, каналах), Личный опыт использования цифрового продукта или услуги компании",5,Да
69,rus,Да,Мужчина,22 - 26,3 - 6,ИТ архитектура,Senior,ИТ продуктовая компания,Астана,Не вижу разницы,"Репутация компании на рынке (обсуждение в чатах, пабликах, каналах), Рекомендации и отзывы сотрудников (нынешних или бывших), Впечатление от общения с HR или ИТ-рекрутером компании",5,Нет
70,kaz,Нет,Женщина,32 - 36,3 - 6,QA тестирование,Junior,ИТ продуктовая компания,Алматы,Только иностранная компания (в Казахстане),"Рейтинги, Впечатление от общения с HR или ИТ-рекрутером компании, Репутация компании на рынке (обсуждение в чатах, пабликах, каналах)",4,Да
71,rus,Да,Мужчина,Младше 21,3 - 6,Backend разработка,Middle,Fintech,Астана,Хочу работать только на иностранную компанию (удаленно из Казахстана),Реклама компании на профессиональных мероприятиях и митапах,3,Да
72,rus,Да,Мужчина,27 - 31,7 - 10,Мобильная разработка,Senior,Fintech,Алматы,Хочу работать только на иностранную компанию (удаленно из Казахстана),"Репутация компании на рынке (обсуждение в чатах, пабликах, каналах), Рекомендации и отзывы сотрудников (нынешних или бывших), Впечатление от общения с HR или ИТ-рекрутером компании",2,-
73,kaz,Нет,Мужчина,22 - 26,Менее 2 лет,Frontend разработка,Junior,Разработка ПО | IT Outsourcing,Алматы,Не вижу разницы,"Впечатление от общения с HR или ИТ-рекрутером компании, Корпоративные профили на специализированных платформах (LinkedIn, hh.kz и пр.), Рейтинги",5,Нет
74,rus,Нет,Женщина,22 - 26,Менее 2 лет,ИТ безопасность,Middle,Другое,Астана,Хочу работать только на иностранную компанию (удаленно из Казахстана),"Рекомендации и отзывы сотрудников (нынешних или бывших), Впечатление от общения с HR или ИТ-рекрутером компании",5,Да
75,rus,Нет,Мужчина,27 - 31,7 - 10,QA тестирование,Senior,Fintech,Астана,Хочу работать только на иностранную компанию (удаленно из Казахстана),"Репутация компании на рынке (обсуждение в чатах, пабликах, каналах)",5,Да
76,rus,Да,Женщина,27 - 31,7 - 10,Проектный менеджмент,Senior,Fintech,Караганда,Только иностранная компания (в Казахстане),"Личный опыт использования цифрового продукта или услуги компании, Репутация компании на рынке (обсуждение в чатах, пабликах, каналах), Рекомендации и отзывы сотрудников (нынешних или бывших)",5,Нет
77,rus,Нет,Мужчина,22 - 26,3 - 6,DevOps | Системное администрирование,Middle,Разработка ПО | IT Outsourcing,Алматы,Только иностранная компания (в Казахстане),"Корпоративные профили на специализированных платформах (LinkedIn, hh.kz и пр.), Личный опыт использования цифрового продукта или услуги компании, Личный бренд основателя или руководителя компании",5,Нет
78,rus,Нет,Мужчина,22 - 26,3 - 6,Backend разработка,Senior,Телекоммуникации,Алматы,Хочу работать только на иностранную компанию (удаленно из Казахстана),"Впечатление от общения с HR или ИТ-рекрутером компании, Рейтинги, Репутация компании на рынке (обсуждение в чатах, пабликах, каналах)",4,Да
79,rus,Нет,Женщина,22 - 26,Менее 2 лет,Проектный менеджмент,Senior,ИТ продуктовая компания,Астана,Не вижу разницы,"Репутация компании на рынке (обсуждение в чатах, пабликах, каналах), Рекомендации и отзывы сотрудников (нынешних или бывших), Впечатление от общения с HR или ИТ-рекрутером компании",5,Нет
80,rus,Нет,Мужчина,37 - 41,11 - 14,Data Science | Аналитик данных,Team Lead,ИТ продуктовая компания,Караганда,Не вижу разницы,"Репутация компании на рынке (обсуждение в чатах, пабликах, каналах), Рейтинги, Личный опыт использования цифрового продукта или услуги компании",5,Нет
81,rus,Да,Женщина,32 - 36,Менее 2 лет,HR | ИТ подбор,Team Lead,E-commerce | Логистика,Алматы,Только иностранная компания (в Казахстане),Впечатление от общения с HR или ИТ-рекрутером компании,4,Да
82,rus,Да,Мужчина,22 - 26,Менее 2 лет,ИТ безопасность,Middle,ИТ продуктовая компания,Астана,Не вижу разницы,"Рекомендации и отзывы сотрудников (нынешних или бывших), Репутация компании на рынке (обсуждение в чатах, пабликах, каналах), Рейтинги",3,Да
83,rus,Нет,Мужчина,27 - 31,3 - 6,Продакт менеджмент,Team Lead,Агрегатор / Платформа,Алматы,Не вижу разницы,"Личный опыт использования цифрового продукта или услуги компании, Рекомендации и отзывы сотрудников (нынешних или бывших), Репутация компании на рынке (обсуждение в чатах, пабликах, каналах)",3,Нет
84,rus,Да,Мужчина,37 - 41,3 - 6,Продакт менеджмент,Team Lead,ИТ продуктовая компания,Астана,Хочу работать только на иностранную компанию (удаленно из Казахстана),"Корпоративные профили на специализированных платформах (LinkedIn, hh.kz и пр.), Репутация компании на рынке (обсуждение в чатах, пабликах, каналах), Личный опыт использования цифрового продукта или услуги компании",5,Да
85,rus,Да,Женщина,27 - 31,11 - 14,Проектный менеджмент,Senior,Fintech,Караганда,Не вижу разницы,"Рекомендации и отзывы сотрудников (нынешних или бывших), Впечатление от общения с HR или ИТ-рекрутером компании, Репутация компании на рынке (обсуждение в чатах, пабликах, каналах)",5,Да
86,rus,Нет,Мужчина,27 - 31,Менее 2 лет,Web-design | UX/UI,Junior,Машиностроительство / Автоиндустрия,Караганда,Не вижу разницы,"Рекомендации и отзывы сотрудников (нынешних или бывших), Личный бренд основателя или руководителя компании, Репутация компании на рынке (обсуждение в чатах, пабликах, каналах)",5,Нет
87,rus,Нет,Мужчина,32 - 36,15 - 19,DevOps | Системное администрирование,Senior,Финансовый сектор (банк / брокер / страховая компания),Алматы,Хочу работать только на иностранную компанию (удаленно из Казахстана),"Корпоративные профили на специализированных платформах (LinkedIn, hh.kz и пр.), Репутация компании на рынке (обсуждение в чатах, пабликах, каналах), Впечатление от общения с HR или ИТ-рекрутером компании",5,Да
88,rus,Да,Мужчина,37 - 41,15 - 19,Высший менеджмент (CEO/CIO/CTO/CMO/CPO/CISO/CTIO/CAIO/CDO),C-level (CEO + CEO-1),Финансовый сектор (банк / брокер / страховая компания),Алматы,Не вижу разницы,"Личный бренд основателя или руководителя компании, Репутация компании на рынке (обсуждение в чатах, пабликах, каналах), Рекомендации и отзывы сотрудников (нынешних или бывших)",5,Да
89,rus,Нет,Женщина,27 - 31,7 - 10,AI | ML | VR/AR,C-level (CEO + CEO-1),Разработка ПО | IT Outsourcing,Астана,Не вижу разницы,"Рекомендации и отзывы сотрудников (нынешних или бывших), Личный бренд основателя или руководителя компании, Впечатление от общения с HR или ИТ-рекрутером компании",4,Нет
90,rus,Нет,Мужчина,32 - 36,11 - 14,Backend разработка,Senior,Агрегатор / Платформа,Алматы,Не вижу разницы,"Репутация компании на рынке (обсуждение в чатах, пабликах, каналах), Рейтинги, Рекомендации и отзывы сотрудников (нынешних или бывших)",5,Да
91,rus,Нет,Женщина,22 - 26,3 - 6,Проектный менеджмент,Middle,Образование / EdTech,Алматы,Только иностранная компания (в Казахстане),"Личный опыт использования цифрового продукта или услуги компании, Репутация компании на рынке (обсуждение в чатах, пабликах, каналах), Корпоративные профили на специализированных платформах (LinkedIn, hh.kz и пр.)",5,Да
92,rus,Нет,Женщина,32 - 36,7 - 10,HR | ИТ подбор,Tribe Leader,Финансовый сектор (банк / брокер / страховая компания),Алматы,Хочу работать только на иностранную компанию (удаленно из Казахстана),"Рейтинги, Рекомендации и отзывы сотрудников (нынешних или бывших), Корпоративные профили на специализированных платформах (LinkedIn, hh.kz и пр.)",5,Да
93,rus,Нет,Мужчина,32 - 36,7 - 10,Backend разработка,Team Lead,Fintech,Живу за пределами Казахстана,Не вижу разницы,"Корпоративные профили на специализированных платформах (LinkedIn, hh.kz и пр.), Рекомендации и отзывы сотрудников (нынешних или бывших), Личный бренд основателя или руководителя компании",5,Да
94,rus,Да,Мужчина,22 - 26,7 - 10,Мобильная разработка,Senior,Разработка ПО | IT Outsourcing,Алматы,Хочу работать только на иностранную компанию (удаленно из Казахстана),"Рекомендации и отзывы сотрудников (нынешних или бывших), Впечатление от общения с HR или ИТ-рекрутером компании, Другое: Отношение к сотрудникам и к продуктам, профессионализм",4,Нет
95,rus,Да,Мужчина,32 - 36,11 - 14,Backend разработка,Senior,Финансовый сектор (банк / брокер / страховая компания),Алматы,Хочу работать только на иностранную компанию (удаленно из Казахстана),"Репутация компании на рынке (обсуждение в чатах, пабликах, каналах), Рекомендации и отзывы сотрудников (нынешних или бывших), Впечатление от общения с HR или ИТ-рекрутером компании",4,Да
96,rus,Да,Мужчина,27 - 31,3 - 6,HR | ИТ подбор,Senior,ИТ продуктовая компания,Астана,Только иностранная компания (в Казахстане),"Репутация компании на рынке (обсуждение в чатах, пабликах, каналах), Рекомендации и отзывы сотрудников (нынешних или бывших)",4,Нет
97,rus,Нет,Женщина,32 - 36,3 - 6,Проектный менеджмент,Junior,Образование / EdTech,Караганда,Не вижу разницы,"Репутация компании на рынке (обсуждение в чатах, пабликах, каналах), Рекомендации и отзывы сотрудников (нынешних или бывших), Рейтинги",5,Нет
98,rus,Да,Мужчина,27 - 31,7 - 10,Data Science | Аналитик данных,Senior,E-commerce | Логистика,Астана,Хочу работать только на иностранную компанию (удаленно из Казахстана),"Рейтинги, Рекомендации и отзывы сотрудников (нынешних или бывших), Репутация компании на рынке (обсуждение в чатах, пабликах, каналах)",5,Да
99,rus,Нет,Мужчина,32 - 36,11 - 14,Маркетинг | SMM | SEO,C-level (CEO + CEO-1),E-commerce | Логистика,Живу за пределами Казахстана,Не вижу разницы,"Личный бренд основателя или руководителя компании, Репутация компании на рынке (обсуждение в чатах, пабликах, каналах), Личный опыт использования цифрового продукта или услуги компании",3,Нет
100,rus,Нет,Мужчина,22 - 26,3 - 6,Data Science | Аналитик данных,Middle,Финансовый сектор (банк / брокер / страховая компания),Алматы,Не вижу разницы,"Рекомендации и отзывы сотрудников (нынешних или бывших), Репутация компании на рынке (обсуждение в чатах, пабликах, каналах), Рейтинги",5,Да
101,rus,Нет,Женщина,27 - 31,Менее 2 лет,Продакт менеджмент,Senior,Образование / EdTech,Астана,Не вижу разницы,"Рейтинги, Репутация компании на рынке (обсуждение в чатах, пабликах, каналах), Рекомендации и отзывы сотрудников (нынешних или бывших)",5,Нет
102,rus,Нет,Мужчина,22 - 26,3 - 6,Backend разработка,Senior,Финансовый сектор (банк / брокер / страховая компания),Алматы,Не вижу разницы,"Репутация компании на рынке (обсуждение в чатах, пабликах, каналах), Личный бренд основателя или руководителя компании, Рекомендации и отзывы сотрудников (нынешних или бывших)",4,Да
103,rus,Нет,Мужчина,37 - 41,11 - 14,Backend разработка,Team Lead,Финансовый сектор (банк / брокер / страховая компания),Алматы,Не вижу разницы,"Официальный сайт компании, Репутация компании на рынке (обсуждение в чатах, пабликах, каналах), Рекомендации и отзывы сотрудников (нынешних или бывших)",4,Нет
104,rus,Нет,Мужчина,22 - 26,3 - 6,Backend разработка,Middle,Разработка ПО | IT Outsourcing,Караганда,Не вижу разницы,"Рейтинги, Репутация компании на рынке (обсуждение в чатах, пабликах, каналах)",5,Нет
105,rus,Нет,Мужчина,22 - 26,3 - 6,Data Science | Аналитик данных,Middle,Телекоммуникации,Алматы,Только иностранная компания (в Казахстане),"Рекомендации и отзывы сотрудников (нынешних или бывших), Рейтинги, Репутация компании на рынке (обсуждение в чатах, пабликах, каналах)",4,Да
106,rus,Да,Женщина,27 - 31,7 - 10,HR | ИТ подбор,Tribe Leader,Другое,Астана,Не вижу разницы,"Впечатление от общения с HR или ИТ-рекрутером компании, Репутация компании на рынке (обсуждение в чатах, пабликах, каналах), Личный опыт использования цифрового продукта или услуги компании",5,Да
107,rus,Нет,Женщина,22 - 26,3 - 6,Аналитика (бизнес аналитик / системный аналитик),Senior,ИТ продуктовая компания,Алматы,Хочу работать только на иностранную компанию (удаленно из Казахстана),"Рекомендации и отзывы сотрудников (нынешних или бывших), Репутация компании на рынке (обсуждение в чатах, пабликах, каналах)",3,Да
108,rus,Нет,Мужчина,42 - 46,3 - 6,Frontend разработка,Team Lead,ИТ продуктовая компания,Алматы,Не вижу разницы,"Впечатление от общения с HR или ИТ-рекрутером компании, Официальный сайт компании, Корпоративные профили на специализированных платформах (LinkedIn, hh.kz и пр.)",5,Да
109,rus,Нет,Мужчина,37 - 41,3 - 6,Аналитика (бизнес аналитик / системный аналитик),Middle,ИТ продуктовая компания,Алматы,Не вижу разницы,"Официальный сайт компании, Репутация компании на рынке (обсуждение в чатах, пабликах, каналах), Личный опыт использования цифрового продукта или услуги компании",4,Да
110,rus,Нет,Женщина,27 - 31,3 - 6,Аналитика (бизнес аналитик / системный аналитик),Senior,Строительство / Инжиниринг / Сервис,Астана,Хочу работать только на иностранную компанию (удаленно из Казахстана),"Репутация компании на рынке (обсуждение в чатах, пабликах, каналах), Личный опыт использования цифрового продукта или услуги компании, Рекомендации и отзывы сотрудников (нынешних или бывших)",5,Да
111,rus,Нет,Мужчина,27 - 31,7 - 10,DevOps | Системное администрирование,Junior,Fintech,Алматы,Не вижу разницы,"Рекомендации и отзывы сотрудников (нынешних или бывших), Репутация компании на рынке (обсуждение в чатах, пабликах, каналах), Рейтинги",5,Да
112,rus,Нет,Женщина,27 - 31,3 - 6,Маркетинг | SMM | SEO,Team Lead,ИТ продуктовая компания,Астана,Только казахстанская компания,"Рекомендации и отзывы сотрудников (нынешних или бывших), Впечатление от общения с HR или ИТ-рекрутером компании, Личный бренд основателя или руководителя компании",3,Нет
113,rus,Нет,Мужчина,22 - 26,3 - 6,ИТ безопасность,Middle,Fintech,Алматы,Не вижу разницы,"Рекомендации и отзывы сотрудников (нынешних или бывших), Личный опыт использования цифрового продукта или услуги компании, Впечатление от общения с HR или ИТ-рекрутером компании",3,Нет
114,rus,Нет,Мужчина,32 - 36,3 - 6,Backend разработка,Middle,Финансовый сектор (банк / брокер / страховая компания),Алматы,Не вижу разницы,"Впечатление от общения с HR или ИТ-рекрутером компании, Репутация компании на рынке (обсуждение в чатах, пабликах, каналах), Корпоративные профили на специализированных платформах (LinkedIn, hh.kz и пр.)",5,Нет
115,rus,Да,Мужчина,32 - 36,7 - 10,Продакт менеджмент,Team Lead,Другое,Астана,Не вижу разницы,"Рейтинги, Рекомендации и отзывы сотрудников (нынешних или бывших), Репутация компании на рынке (обсуждение в чатах, пабликах, каналах)",4,Да
116,rus,Нет,Женщина,22 - 26,Менее 2 лет,Проектный менеджмент,Junior,ИТ продуктовая компания,Астана,Не вижу разницы,"Рекомендации и отзывы сотрудников (нынешних или бывших), Репутация компании на рынке (обсуждение в чатах, пабликах, каналах), Впечатление от общения с HR или ИТ-рекрутером компании",5,Нет
117,rus,Нет,Мужчина,22 - 26,3 - 6,Frontend разработка,Middle,ИТ продуктовая компания,Караганда,Не вижу разницы,"Репутация компании на рынке (обсуждение в чатах, пабликах, каналах), Впечатление от общения с HR или ИТ-рекрутером компании, Рекомендации и отзывы сотрудников (нынешних или бывших)",5,Да
118,rus,Да,Женщина,32 - 36,3 - 6,HR | ИТ подбор,Senior,Разработка ПО | IT Outsourcing,Алматы,Только иностранная компания (в Казахстане),"Рекомендации и отзывы сотрудников (нынешних или бывших), Впечатление от общения с HR или ИТ-рекрутером компании, Репутация компании на рынке (обсуждение в чатах, пабликах, каналах)",5,Нет
119,rus,Нет,Мужчина,27 - 31,7 - 10,Web-design | UX/UI,Tribe Leader,Финансовый сектор (банк / брокер / страховая компания),Алматы,Не вижу разницы,"Репутация компании на рынке (обсуждение в чатах, пабликах, каналах), Впечатление от общения с HR или ИТ-рекрутером компании, Рекомендации и отзывы сотрудников (нынешних или бывших)",5,Да
120,rus,Нет,Женщина,22 - 26,Менее 2 лет,Web-design | UX/UI,Middle,Финансовый сектор (банк / брокер / страховая компания),Алматы,Не вижу разницы,"Рекомендации и отзывы сотрудников (нынешних или бывших), Репутация компании на рынке (обсуждение в чатах, пабликах, каналах), Впечатление от общения с HR или ИТ-рекрутером компании",3,Нет
121,rus,Да,Мужчина,27 - 31,3 - 6,HR | ИТ подбор,Tribe Leader,Телекоммуникации,Алматы,Только иностранная компания (в Казахстане),"Впечатление от общения с HR или ИТ-рекрутером компании, Репутация компании на рынке (обсуждение в чатах, пабликах, каналах), Рекомендации и отзывы сотрудников (нынешних или бывших)",3,Да
122,rus,Нет,Мужчина,22 - 26,3 - 6,Мобильная разработка,Senior,E-commerce | Логистика,Алматы,Не вижу разницы,"Официальный сайт компании, Личный опыт использования цифрового продукта или услуги компании",4,Нет
123,rus,Нет,Мужчина,22 - 26,3 - 6,HR | ИТ подбор,Middle,Разработка ПО | IT Outsourcing,Караганда,Не вижу разницы,"Репутация компании на рынке (обсуждение в чатах, пабликах, каналах), Реклама компании на профессиональных мероприятиях и митапах, Впечатление от общения с HR или ИТ-рекрутером компании",5,Да
124,rus,Да,Мужчина,37 - 41,15 - 19,Высший менеджмент (CEO/CIO/CTO/CMO/CPO/CISO/CTIO/CAIO/CDO),C-level (CEO + CEO-1),ИТ продуктовая компания,Алматы,Не вижу разницы,"Рекомендации и отзывы сотрудников (нынешних или бывших), Репутация компании на рынке (обсуждение в чатах, пабликах, каналах)",4,Да
125,rus,Нет,Мужчина,22 - 26,3 - 6,Мобильная разработка,Senior,Финансовый сектор (банк / брокер / страховая компания),Караганда,Хочу работать только на иностранную компанию (удаленно из Казахстана),"Репутация компании на рынке (обсуждение в чатах, пабликах, каналах), Рекомендации и отзывы сотрудников (нынешних или бывших), Официальный сайт компании",5,Да
126,rus,Да,Мужчина,32 - 36,11 - 14,Backend разработка,Team Lead,ИТ продуктовая компания,Астана,Не вижу разницы,"Рекомендации и отзывы сотрудников (нынешних или бывших), Репутация компании на рынке (обсуждение в чатах, пабликах, каналах), Личный опыт использования цифрового продукта или услуги компании",4,Нет
127,rus,Да,Женщина,37 - 41,3 - 6,HR | ИТ подбор,Team Lead,Разработка ПО | IT Outsourcing,Алматы,Только иностранная компания (в Казахстане),"Репутация компании на рынке (обсуждение в чатах, пабликах, каналах), Впечатление от общения с HR или ИТ-рекрутером компании, Рекомендации и отзывы сотрудников (нынешних или бывших)",4,Нет
128,rus,Да,Женщина,27 - 31,3 - 6,HR | ИТ подбор,Senior,ИТ продуктовая компания,Алматы,Только иностранная компания (в Казахстане),"Рекомендации и отзывы сотрудников (нынешних или бывших), Впечатление от общения с HR или ИТ-рекрутером компании, Репутация компании на рынке (обсуждение в чатах, пабликах, каналах)",3,Нет
129,rus,Да,Женщина,27 - 31,Менее 2 лет,Аналитика (бизнес аналитик / системный аналитик),Junior,ИТ продуктовая компания,Астана,Хочу работать только на иностранную компанию (удаленно из Казахстана),"Корпоративные профили на специализированных платформах (LinkedIn, hh.kz и пр.), Рекомендации и отзывы сотрудников (нынешних или бывших), Впечатление от общения с HR или ИТ-рекрутером компании",5,Нет
130,rus,Нет,Мужчина,42 - 46,Менее 2 лет,Высший менеджмент (CEO/CIO/CTO/CMO/CPO/CISO/CTIO/CAIO/CDO),C-level (CEO + CEO-1),ИТ продуктовая компания,Алматы,Только иностранная компания (в Казахстане),"Рекомендации и отзывы сотрудников (нынешних или бывших), Репутация компании на рынке (обсуждение в чатах, пабликах, каналах), Впечатление от общения с HR или ИТ-рекрутером компании",5,Да
131,rus,Да,Мужчина,27 - 31,3 - 6,Маркетинг | SMM | SEO,Senior,ИТ продуктовая компания,Алматы,Только иностранная компания (в Казахстане),"Реклама компании на профессиональных мероприятиях и митапах, Рейтинги, Репутация компании на рынке (обсуждение в чатах, пабликах, каналах)",5,Да
132,rus,Нет,Мужчина,37 - 41,11 - 14,ИТ архитектура,Senior,Машиностроительство / Автоиндустрия,Живу за пределами Казахстана,Хочу работать только на иностранную компанию (удаленно из Казахстана),"Впечатление от общения с HR или ИТ-рекрутером компании, Репутация компании на рынке (обсуждение в чатах, пабликах, каналах), Корпоративные профили на специализированных платформах (LinkedIn, hh.kz и пр.)",4,Да
133,rus,Да,Женщина,32 - 36,7 - 10,Аналитика (бизнес аналитик / системный аналитик),Middle,Телекоммуникации,Алматы,Только иностранная компания (в Казахстане),"Впечатление от общения с HR или ИТ-рекрутером компании, Корпоративные профили на специализированных платформах (LinkedIn, hh.kz и пр.), Рейтинги",5,Нет
134,rus,Нет,Женщина,22 - 26,3 - 6,Web-design | UX/UI,Middle,Fintech,Алматы,Только иностранная компания (в Казахстане),"Личный опыт использования цифрового продукта или услуги компании, Официальный сайт компании, Рейтинги",5,Да
135,rus,Нет,Мужчина,22 - 26,Менее 2 лет,Backend разработка,Junior,Финансовый сектор (банк / брокер / страховая компания),Алматы,Не вижу разницы,"Впечатление от общения с HR или ИТ-рекрутером компании, Репутация компании на рынке (обсуждение в чатах, пабликах, каналах), Рекомендации и отзывы сотрудников (нынешних или бывших)",5,Нет
136,rus,Да,Женщина,42 - 46,Менее 2 лет,HR | ИТ подбор,C-level,E-commerce | Логистика,Алматы,Не вижу разницы,"Репутация компании на рынке (обсуждение в чатах, пабликах, каналах), Личный опыт использования цифрового продукта или услуги компании, Корпоративные профили на специализированных платформах (LinkedIn, hh.kz и пр.)",5,Да
137,kaz,Нет,Мужчина,22 - 26,3 - 6,Backend разработка,Middle,Образование / EdTech,Алматы,Не вижу разницы,"Репутация компании на рынке (обсуждение в чатах, пабликах, каналах), Рейтинги, Рекомендации и отзывы сотрудников (нынешних или бывших)",5,Нет
138,rus,Нет,Мужчина,22 - 26,Менее 2 лет,Data Science | Аналитик данных,Junior,Телекоммуникации,Караганда,Не вижу разницы,"Рекомендации и отзывы сотрудников (нынешних или бывших), Рейтинги",5,Да
139,rus,Нет,Мужчина,37 - 41,15 - 19,ИТ безопасность,Team Lead,ИТ продуктовая компания,Астана,Не вижу разницы,"Рейтинги, Рекомендации и отзывы сотрудников (нынешних или бывших), Репутация компании на рынке (обсуждение в чатах, пабликах, каналах)",5,Нет
140,rus,Нет,Женщина,37 - 41,11 - 14,Backend разработка,Junior,Телекоммуникации,Алматы,Только иностранная компания (в Казахстане),"Впечатление от общения с HR или ИТ-рекрутером компании, Рейтинги, Рекомендации и отзывы сотрудников (нынешних или бывших)",5,Да
141,rus,Нет,Мужчина,42 - 46,Более 20 лет,ИТ архитектура,Team Lead,Горнодобывающая промышленность,Астана,Только иностранная компания (в Казахстане),"Рекомендации и отзывы сотрудников (нынешних или бывших), Репутация компании на рынке (обсуждение в чатах, пабликах, каналах), Впечатление от общения с HR или ИТ-рекрутером компании",4,Да
142,rus,Нет,Мужчина,Младше 21,Менее 2 лет,AI | ML | VR/AR,Middle,Разработка ПО | IT Outsourcing,Алматы,Не вижу разницы,"Корпоративные профили на специализированных платформах (LinkedIn, hh.kz и пр.), Впечатление от общения с HR или ИТ-рекрутером компании, Личный бренд основателя или руководителя компании",5,Да
143,rus,Нет,Мужчина,Младше 21,3 - 6,DevOps | Системное администрирование,Middle,Другое,Астана,Не вижу разницы,"Рекомендации и отзывы сотрудников (нынешних или бывших), Репутация компании на рынке (обсуждение в чатах, пабликах, каналах), Корпоративные профили на специализированных платформах (LinkedIn, hh.kz и пр.)",5,Да
144,rus,Да,Женщина,37 - 41,11 - 14,Продакт менеджмент,Team Lead,ИТ продуктовая компания,Алматы,Хочу работать только на иностранную компанию (удаленно из Казахстана),"Впечатление от общения с HR или ИТ-рекрутером компании, Рекомендации и отзывы сотрудников (нынешних или бывших), Репутация компании на рынке (обсуждение в чатах, пабликах, каналах)",4,Да
145,rus,Нет,Мужчина,Младше 21,Менее 2 лет,Frontend разработка,Junior,Телекоммуникации,Алматы,Хочу работать только на иностранную компанию (удаленно из Казахстана),"Личный опыт использования цифрового продукта или услуги компании, Корпоративные профили на специализированных платформах (LinkedIn, hh.kz и пр.), Репутация компании на рынке (обсуждение в чатах, пабликах, каналах)",5,Да
146,rus,Нет,Мужчина,22 - 26,3 - 6,AI | ML | VR/AR,Senior,Финансовый сектор (банк / брокер / страховая компания),Алматы,Хочу работать только на иностранную компанию (удаленно из Казахстана),"Рейтинги, Рекомендации и отзывы сотрудников (нынешних или бывших), Репутация компании на рынке (обсуждение в чатах, пабликах, каналах)",3,Да
147,rus,Нет,Мужчина,37 - 41,11 - 14,Data Science | Аналитик данных,Team Lead,Разработка ПО | IT Outsourcing,Алматы,Не вижу разницы,"Репутация компании на рынке (обсуждение в чатах, пабликах, каналах), Впечатление от общения с HR или ИТ-рекрутером компании, Рекомендации и отзывы сотрудников (нынешних или бывших)",4,Да
148,rus,Нет,Женщина,27 - 31,7 - 10,Backend разработка,Senior,Fintech,Алматы,Хочу работать только на иностранную компанию (удаленно из Казахстана),"Впечатление от общения с HR или ИТ-рекрутером компании, Рекомендации и отзывы сотрудников (нынешних или бывших), Личный опыт использования цифрового продукта или услуги компании",5,Да
149,rus,Да,Женщина,32 - 36,3 - 6,HR | ИТ подбор,Senior,Разработка ПО | IT Outsourcing,Астана,Только иностранная компания (в Казахстане),"Репутация компании на рынке (обсуждение в чатах, пабликах, каналах), Корпоративные профили на специализированных платформах (LinkedIn, hh.kz и пр.)",5,Нет
150,rus,Нет,Мужчина,22 - 26,3 - 6,QA тестирование,Middle,Финансовый сектор (банк / брокер / страховая компания),Алматы,Не вижу разницы,"Впечатление от общения с HR или ИТ-рекрутером компании, Рекомендации и отзывы сотрудников (нынешних или бывших), Репутация компании на рынке (обсуждение в чатах, пабликах, каналах)",5,Да
151,rus,Нет,Женщина,32 - 36,7 - 10,QA тестирование,Senior,Финансовый сектор (банк / брокер / страховая компания),Алматы,Только казахстанская компания,"Впечатление от общения с HR или ИТ-рекрутером компании, Личный бренд основателя или руководителя компании, Рейтинги",5,Нет
152,rus,Нет,Женщина,32 - 36,11 - 14,Аналитика (бизнес аналитик / системный аналитик),Tribe Leader,Телекоммуникации,Алматы,Только казахстанская компания,"Рекомендации и отзывы сотрудников (нынешних или бывших), Репутация компании на рынке (обсуждение в чатах, пабликах, каналах), Личный бренд основателя или руководителя компании",4,Нет
153,rus,Нет,Мужчина,37 - 41,7 - 10,Маркетинг | SMM | SEO,Tribe Leader,E-commerce | Логистика,Алматы,Только иностранная компания (в Казахстане),"Репутация компании на рынке (обсуждение в чатах, пабликах, каналах), Впечатление от общения с HR или ИТ-рекрутером компании, Рекомендации и отзывы сотрудников (нынешних или бывших)",3,Нет
154,rus,Да,Мужчина,32 - 36,7 - 10,HR | ИТ подбор,Tribe Leader,E-commerce | Логистика,Живу за пределами Казахстана,Не вижу разницы,"Рекомендации и отзывы сотрудников (нынешних или бывших), Личный опыт использования цифрового продукта или услуги компании, Рейтинги",5,Да
155,rus,Да,Женщина,27 - 31,3 - 6,Аналитика (бизнес аналитик / системный аналитик),Middle,ИТ продуктовая компания,Астана,Хочу работать только на иностранную компанию (удаленно из Казахстана),"Репутация компании на рынке (обсуждение в чатах, пабликах, каналах), Рейтинги, Рекомендации и отзывы сотрудников (нынешних или бывших)",4,Нет
156,rus,Нет,Мужчина,Младше 21,Менее 2 лет,Backend разработка,Middle,Разработка ПО | IT Outsourcing,Алматы,Хочу работать только на иностранную компанию (удаленно из Казахстана),"Рекомендации и отзывы сотрудников (нынешних или бывших), Рейтинги, Репутация компании на рынке (обсуждение в чатах, пабликах, каналах)",3,Нет
157,rus,Нет,Женщина,32 - 36,11 - 14,Аналитика (бизнес аналитик / системный аналитик),Middle,Fintech,Алматы,Только иностранная компания (в Казахстане),"Репутация компании на рынке (обсуждение в чатах, пабликах, каналах)",5,Нет
158,rus,Да,Мужчина,27 - 31,7 - 10,Backend разработка,Senior,Fintech,Алматы,Не вижу разницы,"Официальный сайт компании, Рейтинги, Рекомендации и отзывы сотрудников (нынешних или бывших)",5,Да
159,rus,Нет,Мужчина,22 - 26,3 - 6,Продакт менеджмент,Senior,ИТ продуктовая компания,Живу за пределами Казахстана,Хочу работать только на иностранную компанию (удаленно из Казахстана),"Рекомендации и отзывы сотрудников (нынешних или бывших), Рейтинги, Репутация компании на рынке (обсуждение в чатах, пабликах, каналах)",5,Нет
160,rus,Нет,Женщина,37 - 41,3 - 6,Продакт менеджмент,Team Lead,Разработка ПО | IT Outsourcing,Алматы,Не вижу разницы,"Личный бренд основателя или руководителя компании, Рекомендации и отзывы сотрудников (нынешних или бывших), Репутация компании на рынке (обсуждение в чатах, пабликах, каналах)",4,Нет
161,rus,Нет,Мужчина,22 - 26,Менее 2 лет,Backend разработка,Junior,Финансовый сектор (банк / брокер / страховая компания),Алматы,Не вижу разницы,"Рекомендации и отзывы сотрудников (нынешних или бывших), Репутация компании на рынке (обсуждение в чатах, пабликах, каналах), Личный опыт использования цифрового продукта или услуги компании",4,Да
162,rus,Нет,Мужчина,42 - 46,7 - 10,QA тестирование,Middle,Fintech,Караганда,Не вижу разницы,"Корпоративные профили на специализированных платформах (LinkedIn, hh.kz и пр.), Впечатление от общения с HR или ИТ-рекрутером компании, Репутация компании на рынке (обсуждение в чатах, пабликах, каналах)",5,Да
163,rus,Нет,Мужчина,27 - 31,Менее 2 лет,QA тестирование,Middle,Образование / EdTech,Караганда,Не вижу разницы,"Впечатление от общения с HR или ИТ-рекрутером компании, Личный опыт использования цифрового продукта или услуги компании, Личный бренд основателя или руководителя компании",5,Нет
164,rus,Да,Мужчина,37 - 41,Более 20 лет,ИТ безопасность,Senior,Другое,Караганда,Только иностранная компания (в Казахстане),"Репутация компании на рынке (обсуждение в чатах, пабликах, каналах), Личный опыт использования цифрового продукта или услуги компании, Рекомендации и отзывы сотрудников (нынешних или бывших)",5,Да
165,rus,Нет,Мужчина,22 - 26,3 - 6,Backend разработка,Middle,Разработка ПО | IT Outsourcing,Астана,Не вижу разницы,"Рекомендации и отзывы сотрудников (нынешних или бывших), Личный опыт использования цифрового продукта или услуги компании, Репутация компании на рынке (обсуждение в чатах, пабликах, каналах)",5,Нет
166,rus,Нет,Мужчина,Старше 46,Более 20 лет,QA тестирование,Team Lead,Разработка ПО | IT Outsourcing,Алматы,Хочу работать только на иностранную компанию (удаленно из Казахстана),"Репутация компании на рынке (обсуждение в чатах, пабликах, каналах), Рекомендации и отзывы сотрудников (нынешних или бывших), Впечатление от общения с HR или ИТ-рекрутером компании",2,-
167,rus,Да,Женщина,Старше 46,3 - 6,HR | ИТ подбор,Middle,Телекоммуникации,Астана,Только казахстанская компания,"Личный опыт использования цифрового продукта или услуги компании, Корпоративные профили на специализированных платформах (LinkedIn, hh.kz и пр.)",5,Да
168,rus,Да,Женщина,42 - 46,15 - 19,HR | ИТ подбор,C-level,Телекоммуникации,Алматы,Не вижу разницы,"Официальный сайт компании, Реклама компании на профессиональных мероприятиях и митапах, Личный бренд основателя или руководителя компании",5,Нет
169,rus,Нет,Мужчина,22 - 26,3 - 6,Web-design | UX/UI,Middle,Разработка ПО | IT Outsourcing,Астана,Не вижу разницы,"Личный бренд основателя или руководителя компании, Личный опыт использования цифрового продукта или услуги компании, Репутация компании на рынке (обсуждение в чатах, пабликах, каналах)",3,Да
170,rus,Нет,Мужчина,32 - 36,11 - 14,Web-design | UX/UI,Senior,Fintech,Астана,Только иностранная компания (в Казахстане),"Корпоративные профили на специализированных платформах (LinkedIn, hh.kz и пр.)",5,Да
171,rus,Да,Мужчина,Младше 21,Менее 2 лет,ИТ безопасность,Middle,Другое,Астана,Не вижу разницы,"Личный бренд основателя или руководителя компании, Рейтинги, Корпоративные профили на специализированных платформах (LinkedIn, hh.kz и пр.)",1,-
172,rus,Нет,Женщина,42 - 46,Более 20 лет,Проектный менеджмент,Senior,Агрегатор / Платформа,Алматы,Хочу работать только на иностранную компанию (удаленно из Казахстана),"Рекомендации и отзывы сотрудников (нынешних или бывших), Репутация компании на рынке (обсуждение в чатах, пабликах, каналах), Впечатление от общения с HR или ИТ-рекрутером компании",3,Нет
173,rus,Нет,Мужчина,22 - 26,Менее 2 лет,AI | ML | VR/AR,Junior,ИТ продуктовая компания,Астана,Не вижу разницы,"Впечатление от общения с HR или ИТ-рекрутером компании, Репутация компании на рынке (обсуждение в чатах, пабликах, каналах), Корпоративные профили на специализированных платформах (LinkedIn, hh.kz и пр.)",5,Нет
174,rus,Да,Женщина,27 - 31,3 - 6,HR | ИТ подбор,Senior,ИТ продуктовая компания,Астана,Только иностранная компания (в Казахстане),"Репутация компании на рынке (обсуждение в чатах, пабликах, каналах), Рейтинги, Впечатление от общения с HR или ИТ-рекрутером компании",5,Нет
175,rus,Нет,Женщина,Старше 46,Более 20 лет,HR | ИТ подбор,Middle,Телекоммуникации,Астана,Не вижу разницы,"Рекомендации и отзывы сотрудников (нынешних или бывших), Рейтинги, Впечатление от общения с HR или ИТ-рекрутером компании",5,Нет
176,rus,Нет,Женщина,Старше 46,Менее 2 лет,Проектный менеджмент,Tribe Leader,Телекоммуникации,Астана,Только казахстанская компания,Личный бренд основателя или руководителя компании,2,-
177,rus,Нет,Женщина,32 - 36,Менее 2 лет,HR | ИТ подбор,Team Lead,E-commerce | Логистика,Алматы,Не вижу разницы,"Рекомендации и отзывы сотрудников (нынешних или бывших), Репутация компании на рынке (обсуждение в чатах, пабликах, каналах), Впечатление от общения с HR или ИТ-рекрутером компании",5,Нет
178,rus,Нет,Мужчина,32 - 36,7 - 10,Проектный менеджмент,Tribe Leader,Телекоммуникации,Астана,Не вижу разницы,"Корпоративные профили на специализированных платформах (LinkedIn, hh.kz и пр.), Рекомендации и отзывы сотрудников (нынешних или бывших), Репутация компании на рынке (обсуждение в чатах, пабликах, каналах)",5,Да
179,rus,Нет,Мужчина,22 - 26,3 - 6,ИТ безопасность,Middle,ИТ продуктовая компания,Астана,Не вижу разницы,Личный бренд основателя или руководителя компании,5,Да
180,rus,Да,Женщина,27 - 31,Менее 2 лет,HR | ИТ подбор,Junior,Другое,Алматы,Хочу работать только на иностранную компанию (удаленно из Казахстана),"Личный бренд основателя или руководителя компании, Репутация компании на рынке (обсуждение в чатах, пабликах, каналах)",5,Нет
181,rus,Нет,Мужчина,22 - 26,3 - 6,Frontend разработка,Middle,ИТ продуктовая компания,Алматы,Хочу работать только на иностранную компанию (удаленно из Казахстана),"Рекомендации и отзывы сотрудников (нынешних или бывших), Впечатление от общения с HR или ИТ-рекрутером компании, Личный бренд основателя или руководителя компании",5,Да
182,rus,Нет,Мужчина,27 - 31,3 - 6,Проектный менеджмент,Team Lead,ИТ продуктовая компания,Астана,Хочу работать только на иностранную компанию (удаленно из Казахстана),"Репутация компании на рынке (обсуждение в чатах, пабликах, каналах), Впечатление от общения с HR или ИТ-рекрутером компании, Рекомендации и отзывы сотрудников (нынешних или бывших)",5,Да
183,rus,Да,Мужчина,27 - 31,3 - 6,Продакт менеджмент,Senior,ИТ продуктовая компания,Алматы,Не вижу разницы,"Репутация компании на рынке (обсуждение в чатах, пабликах, каналах), Рекомендации и отзывы сотрудников (нынешних или бывших), Впечатление от общения с HR или ИТ-рекрутером компании",5,Да
184,rus,Нет,Женщина,32 - 36,3 - 6,HR | ИТ подбор,Senior,Телекоммуникации,Астана,Не вижу разницы,"Личный бренд основателя или руководителя компании, Впечатление от общения с HR или ИТ-рекрутером компании, Рекомендации и отзывы сотрудников (нынешних или бывших)",5,Нет
185,rus,Нет,Мужчина,32 - 36,7 - 10,Маркетинг | SMM | SEO,C-level,Другое,Астана,Не вижу разницы,"Репутация компании на рынке (обсуждение в чатах, пабликах, каналах), Рекомендации и отзывы сотрудников (нынешних или бывших), Личный опыт использования цифрового продукта или услуги компании",5,Нет
186,rus,Да,Женщина,32 - 36,7 - 10,Высший менеджмент (CEO/CIO/CTO/CMO/CPO/CISO/CTIO/CAIO/CDO),C-level (CEO + CEO-1),ИТ продуктовая компания,Алматы,Только казахстанская компания,"Репутация компании на рынке (обсуждение в чатах, пабликах, каналах), Рекомендации и отзывы сотрудников (нынешних или бывших), Официальный сайт компании",5,Нет
187,rus,Нет,Мужчина,37 - 41,3 - 6,Проектный менеджмент,Middle,Телекоммуникации,Астана,Не вижу разницы,"Репутация компании на рынке (обсуждение в чатах, пабликах, каналах), Рекомендации и отзывы сотрудников (нынешних или бывших), Личный бренд основателя или руководителя компании",5,Нет
188,rus,Нет,Мужчина,22 - 26,3 - 6,Аналитика (бизнес аналитик / системный аналитик),Senior,Другое,Астана,Не вижу разницы,"Впечатление от общения с HR или ИТ-рекрутером компании, Реклама компании на профессиональных мероприятиях и митапах",3,Нет
189,rus,Нет,Женщина,22 - 26,7 - 10,Web-design | UX/UI,Senior,ИТ продуктовая компания,Астана,Не вижу разницы,"Рейтинги, Рекомендации и отзывы сотрудников (нынешних или бывших), Репутация компании на рынке (обсуждение в чатах, пабликах, каналах)",5,Нет
190,rus,Нет,Мужчина,37 - 41,15 - 19,DevOps | Системное администрирование,Tribe Leader,Финансовый сектор (банк / брокер / страховая компания),Алматы,Не вижу разницы,"Личный опыт использования цифрового продукта или услуги компании, Репутация компании на рынке (обсуждение в чатах, пабликах, каналах), Рекомендации и отзывы сотрудников (нынешних или бывших)",3,Да
191,rus,Нет,Мужчина,37 - 41,7 - 10,Проектный менеджмент,C-level,ИТ продуктовая компания,Астана,Не вижу разницы,"Рекомендации и отзывы сотрудников (нынешних или бывших), Рейтинги, Репутация компании на рынке (обсуждение в чатах, пабликах, каналах)",4,Нет
192,rus,Да,Мужчина,37 - 41,15 - 19,DevOps | Системное администрирование,Team Lead,Финансовый сектор (банк / брокер / страховая компания),Алматы,Не вижу разницы,"Рекомендации и отзывы сотрудников (нынешних или бывших), Впечатление от общения с HR или ИТ-рекрутером компании, Личный опыт использования цифрового продукта или услуги компании",4,Нет
193,rus,Нет,Женщина,32 - 36,Менее 2 лет,Проектный менеджмент,Team Lead,Телекоммуникации,Астана,Только иностранная компания (в Казахстане),"Рекомендации и отзывы сотрудников (нынешних или бывших), Личный бренд основателя или руководителя компании, Репутация компании на рынке (обсуждение в чатах, пабликах, каналах)",4,Нет
194,rus,Нет,Мужчина,37 - 41,11 - 14,Высший менеджмент (CEO/CIO/CTO/CMO/CPO/CISO/CTIO/CAIO/CDO),C-level (CEO + CEO-1),Телекоммуникации,Астана,Не вижу разницы,"Впечатление от общения с HR или ИТ-рекрутером компании, Рекомендации и отзывы сотрудников (нынешних или бывших)",4,Нет
195,rus,Нет,Мужчина,Старше 46,Более 20 лет,ИТ архитектура,Team Lead,ИТ продуктовая компания,Астана,Не вижу разницы,"Рекомендации и отзывы сотрудников (нынешних или бывших), Корпоративные профили на специализированных платформах (LinkedIn, hh.kz и пр.), Репутация компании на рынке (обсуждение в чатах, пабликах, каналах)",2,-
196,rus,Нет,Женщина,42 - 46,Менее 2 лет,HR | ИТ подбор,Team Lead,ИТ продуктовая компания,Алматы,Только иностранная компания (в Казахстане),"Рекомендации и отзывы сотрудников (нынешних или бывших), Рейтинги, Личный бренд основателя или руководителя компании",5,Да
197,rus,Нет,Мужчина,Младше 21,Менее 2 лет,Аналитика (бизнес аналитик / системный аналитик),Junior,Телекоммуникации,Алматы,Хочу работать только на иностранную компанию (удаленно из Казахстана),"Рекомендации и отзывы сотрудников (нынешних или бывших), Репутация компании на рынке (обсуждение в чатах, пабликах, каналах), Официальный сайт компании",5,Да
198,rus,Да,Женщина,22 - 26,3 - 6,Маркетинг | SMM | SEO,Senior,Телекоммуникации,Алматы,Только иностранная компания (в Казахстане),"Репутация компании на рынке (обсуждение в чатах, пабликах, каналах), Рекомендации и отзывы сотрудников (нынешних или бывших), Впечатление от общения с HR или ИТ-рекрутером компании",4,Да
199,rus,Нет,Мужчина,37 - 41,15 - 19,ИТ архитектура,Team Lead,Финансовый сектор (банк / брокер / страховая компания),Алматы,Хочу работать только на иностранную компанию (удаленно из Казахстана),"Рекомендации и отзывы сотрудников (нынешних или бывших), Впечатление от общения с HR или ИТ-рекрутером компании, Репутация компании на рынке (обсуждение в чатах, пабликах, каналах)",5,Да
200,rus,Нет,Женщина,32 - 36,Менее 2 лет,ИТ безопасность,Middle,Fintech,Караганда,Не вижу разницы,"Репутация компании на рынке (обсуждение в чатах, пабликах, каналах), Рекомендации и отзывы сотрудников (нынешних или бывших), Впечатление от общения с HR или ИТ-рекрутером компании",5,Нет
201,rus,Да,Женщина,37 - 41,15 - 19,HR | ИТ подбор,C-level (CEO + CEO-1),Финансовый сектор (банк / брокер / страховая компания),Алматы,Только казахстанская компания,"Личный бренд основателя или руководителя компании, Рейтинги, Впечатление от общения с HR или ИТ-рекрутером компании",5,Да
202,rus,Нет,Мужчина,27 - 31,7 - 10,Высший менеджмент (CEO/CIO/CTO/CMO/CPO/CISO/CTIO/CAIO/CDO),C-level (CEO + CEO-1),ИТ продуктовая компания,Астана,Не вижу разницы,"Личный опыт использования цифрового продукта или услуги компании, Рейтинги, Репутация компании на рынке (обсуждение в чатах, пабликах, каналах)",4,Нет
203,rus,Нет,Мужчина,32 - 36,11 - 14,Высший менеджмент (CEO/CIO/CTO/CMO/CPO/CISO/CTIO/CAIO/CDO),C-level,Fintech,Алматы,Не вижу разницы,"Личный бренд основателя или руководителя компании, Репутация компании на рынке (обсуждение в чатах, пабликах, каналах), Личный опыт использования цифрового продукта или услуги компании",5,Нет
204,rus,Да,Мужчина,32 - 36,15 - 19,Проектный менеджмент,C-level,Финансовый сектор (банк / брокер / страховая компания),Алматы,Не вижу разницы,"Репутация компании на рынке (обсуждение в чатах, пабликах, каналах), Рекомендации и отзывы сотрудников (нынешних или бывших), Личный опыт использования цифрового продукта или услуги компании",3,Нет
205,rus,Нет,Мужчина,42 - 46,Более 20 лет,Backend разработка,Team Lead,Финансовый сектор (банк / брокер / страховая компания),Алматы,Только казахстанская компания,"Репутация компании на рынке (обсуждение в чатах, пабликах, каналах), Личный бренд основателя или руководителя компании, Рекомендации и отзывы сотрудников (нынешних или бывших)",3,Да
206,rus,Нет,Женщина,37 - 41,7 - 10,ИТ безопасность,Tribe Leader,Финансовый сектор (банк / брокер / страховая компания),Алматы,Только казахстанская компания,Другое: Репутация и рекомендации,4,Да
207,rus,Нет,Мужчина,32 - 36,11 - 14,Аналитика (бизнес аналитик / системный аналитик),C-level,Финансовый сектор (банк / брокер / страховая компания),Алматы,Не вижу разницы,"Рекомендации и отзывы сотрудников (нынешних или бывших), Впечатление от общения с HR или ИТ-рекрутером компании, Рейтинги",4,Нет
208,kaz,Да,Мужчина,27 - 31,3 - 6,Аналитика (бизнес аналитик / системный аналитик),Senior,Fintech,Алматы,Хочу работать только на иностранную компанию (удаленно из Казахстана),Рекомендации и отзывы сотрудников (нынешних или бывших),5,Да
209,rus,Нет,Мужчина,37 - 41,15 - 19,ИТ безопасность,Tribe Leader,Финансовый сектор (банк / брокер / страховая компания),Алматы,Только казахстанская компания,"Репутация компании на рынке (обсуждение в чатах, пабликах, каналах), Рейтинги, Корпоративные профили на специализированных платформах (LinkedIn, hh.kz и пр.)",5,Нет
210,rus,Нет,Женщина,32 - 36,3 - 6,HR | ИТ подбор,Team Lead,Телекоммуникации,Алматы,Хочу работать только на иностранную компанию (удаленно из Казахстана),Рекомендации и отзывы сотрудников (нынешних или бывших),5,Да
211,rus,Нет,Женщина,42 - 46,7 - 10,HR | ИТ подбор,Senior,Финансовый сектор (банк / брокер / страховая компания),Алматы,Не вижу разницы,"Корпоративные профили на специализированных платформах (LinkedIn, hh.kz и пр.), Рекомендации и отзывы сотрудников (нынешних или бывших), Официальный сайт компании",3,Нет
212,rus,Да,Мужчина,Старше 46,Более 20 лет,ИТ безопасность,C-level,Финансовый сектор (банк / брокер / страховая компания),Алматы,Только казахстанская компания,"Рекомендации и отзывы сотрудников (нынешних или бывших), Корпоративные профили на специализированных платформах (LinkedIn, hh.kz и пр.), Личный бренд основателя или руководителя компании",5,Да
213,rus,Нет,Мужчина,Младше 21,3 - 6,Frontend разработка,Middle,Fintech,Алматы,Не вижу разницы,"Рекомендации и отзывы сотрудников (нынешних или бывших), Репутация компании на рынке (обсуждение в чатах, пабликах, каналах)",1,-
214,rus,Нет,Мужчина,27 - 31,3 - 6,QA тестирование,Senior,Fintech,Алматы,Хочу работать только на иностранную компанию (удаленно из Казахстана),"Впечатление от общения с HR или ИТ-рекрутером компании, Рекомендации и отзывы сотрудников (нынешних или бывших), Репутация компании на рынке (обсуждение в чатах, пабликах, каналах)",5,Да
215,rus,Да,Мужчина,37 - 41,15 - 19,ИТ безопасность,C-level,Финансовый сектор (банк / брокер / страховая компания),Алматы,Не вижу разницы,"Личный бренд основателя или руководителя компании, Репутация компании на рынке (обсуждение в чатах, пабликах, каналах), Рекомендации и отзывы сотрудников (нынешних или бывших)",4,Да
216,rus,Нет,Женщина,27 - 31,3 - 6,QA тестирование,Middle,Финансовый сектор (банк / брокер / страховая компания),Алматы,Только иностранная компания (в Казахстане),"Репутация компании на рынке (обсуждение в чатах, пабликах, каналах), Личный опыт использования цифрового продукта или услуги компании, Рейтинги",5,Да
217,rus,Да,Женщина,32 - 36,7 - 10,Аналитика (бизнес аналитик / системный аналитик),Senior,ИТ продуктовая компания,Алматы,Не вижу разницы,"Репутация компании на рынке (обсуждение в чатах, пабликах, каналах), Рейтинги, Корпоративные профили на специализированных платформах (LinkedIn, hh.kz и пр.)",5,Нет
218,rus,Нет,Мужчина,32 - 36,11 - 14,DevOps | Системное администрирование,Senior,Финансовый сектор (банк / брокер / страховая компания),Алматы,Не вижу разницы,"Впечатление от общения с HR или ИТ-рекрутером компании, Репутация компании на рынке (обсуждение в чатах, пабликах, каналах), Рекомендации и отзывы сотрудников (нынешних или бывших)",1,-
219,rus,Нет,Мужчина,22 - 26,Менее 2 лет,Data Science | Аналитик данных,Junior,Финансовый сектор (банк / брокер / страховая компания),Алматы,Не вижу разницы,"Репутация компании на рынке (обсуждение в чатах, пабликах, каналах), Корпоративные профили на специализированных платформах (LinkedIn, hh.kz и пр.)",5,Да
220,rus,Нет,Женщина,27 - 31,Менее 2 лет,Data Science | Аналитик данных,Junior,Финансовый сектор (банк / брокер / страховая компания),Алматы,Только казахстанская компания,"Рекомендации и отзывы сотрудников (нынешних или бывших), Репутация компании на рынке (обсуждение в чатах, пабликах, каналах), Впечатление от общения с HR или ИТ-рекрутером компании",5,Нет
221,rus,Нет,Женщина,37 - 41,15 - 19,Data Science | Аналитик данных,Middle,Финансовый сектор (банк / брокер / страховая компания),Алматы,Только казахстанская компания,"Личный бренд основателя или руководителя компании, Личный опыт использования цифрового продукта или услуги компании",5,Да
222,rus,Нет,Женщина,37 - 41,3 - 6,Data Science | Аналитик данных,Junior,Финансовый сектор (банк / брокер / страховая компания),Алматы,Только казахстанская компания,"Личный опыт использования цифрового продукта или услуги компании, Репутация компании на рынке (обсуждение в чатах, пабликах, каналах), Личный бренд основателя или руководителя компании",1,-
223,rus,Да,Женщина,27 - 31,3 - 6,HR | ИТ подбор,Middle,Финансовый сектор (банк / брокер / страховая компания),Алматы,Только казахстанская компания,"Корпоративные профили на специализированных платформах (LinkedIn, hh.kz и пр.)",5,Нет
224,rus,Нет,Мужчина,32 - 36,11 - 14,Backend разработка,Team Lead,Финансовый сектор (банк / брокер / страховая компания),Алматы,Хочу работать только на иностранную компанию (удаленно из Казахстана),"Рекомендации и отзывы сотрудников (нынешних или бывших), Рейтинги, Репутация компании на рынке (обсуждение в чатах, пабликах, каналах)",4,Да
225,rus,Нет,Мужчина,27 - 31,3 - 6,DBA | администратор базы данных,Middle,Финансовый сектор (банк / брокер / страховая компания),Алматы,Не вижу разницы,"Рекомендации и отзывы сотрудников (нынешних или бывших), Корпоративные профили на специализированных платформах (LinkedIn, hh.kz и пр.), Репутация компании на рынке (обсуждение в чатах, пабликах, каналах)",5,Да
226,rus,Нет,Мужчина,27 - 31,7 - 10,ИТ архитектура,Team Lead,Fintech,Алматы,Хочу работать только на иностранную компанию (удаленно из Казахстана),"Репутация компании на рынке (обсуждение в чатах, пабликах, каналах), Корпоративные профили на специализированных платформах (LinkedIn, hh.kz и пр.), Впечатление от общения с HR или ИТ-рекрутером компании",5,Да
227,rus,Нет,Мужчина,Старше 46,15 - 19,ИТ безопасность,Tribe Leader,Финансовый сектор (банк / брокер / страховая компания),Алматы,Не вижу разницы,"Репутация компании на рынке (обсуждение в чатах, пабликах, каналах), Рекомендации и отзывы сотрудников (нынешних или бывших), Личный опыт использования цифрового продукта или услуги компании",5,Нет
228,rus,Нет,Женщина,22 - 26,3 - 6,ИТ безопасность,Senior,Финансовый сектор (банк / брокер / страховая компания),Алматы,Не вижу разницы,"Личный опыт использования цифрового продукта или услуги компании, Репутация компании на рынке (обсуждение в чатах, пабликах, каналах), Впечатление от общения с HR или ИТ-рекрутером компании",3,Да
229,rus,Да,Женщина,37 - 41,7 - 10,Data Science | Аналитик данных,Team Lead,Финансовый сектор (банк / брокер / страховая компания),Алматы,Только казахстанская компания,"Рейтинги, Корпоративные профили на специализированных платформах (LinkedIn, hh.kz и пр.), Рекомендации и отзывы сотрудников (нынешних или бывших)",5,Нет
230,rus,Нет,Мужчина,32 - 36,11 - 14,Аналитика (бизнес аналитик / системный аналитик),Tribe Leader,Финансовый сектор (банк / брокер / страховая компания),Алматы,Не вижу разницы,"Впечатление от общения с HR или ИТ-рекрутером компании, Репутация компании на рынке (обсуждение в чатах, пабликах, каналах), Корпоративные профили на специализированных платформах (LinkedIn, hh.kz и пр.)",1,-
231,rus,Нет,Мужчина,27 - 31,3 - 6,ИТ безопасность,Senior,Fintech,Алматы,Не вижу разницы,"Рекомендации и отзывы сотрудников (нынешних или бывших), Репутация компании на рынке (обсуждение в чатах, пабликах, каналах), Личный бренд основателя или руководителя компании",5,Да
232,rus,Нет,Мужчина,22 - 26,3 - 6,ИТ безопасность,Middle,Финансовый сектор (банк / брокер / страховая компания),Алматы,Хочу работать только на иностранную компанию (удаленно из Казахстана),"Впечатление от общения с HR или ИТ-рекрутером компании, Личный опыт использования цифрового продукта или услуги компании, Личный бренд основателя или руководителя компании",4,Нет
233,rus,Да,Мужчина,27 - 31,3 - 6,ИТ безопасность,Senior,Финансовый сектор (банк / брокер / страховая компания),Алматы,Только казахстанская компания,"Официальный сайт компании, Реклама компании на профессиональных мероприятиях и митапах, Впечатление от общения с HR или ИТ-рекрутером компании",5,Да
234,rus,Да,Женщина,Старше 46,Более 20 лет,Аналитика (бизнес аналитик / системный аналитик),Team Lead,Финансовый сектор (банк / брокер / страховая компания),Алматы,Только казахстанская компания,"Рейтинги, Рекомендации и отзывы сотрудников (нынешних или бывших), Репутация компании на рынке (обсуждение в чатах, пабликах, каналах)",1,-
235,rus,Нет,Мужчина,32 - 36,11 - 14,Мобильная разработка,Team Lead,ИТ продуктовая компания,Астана,Не вижу разницы,Другое: G,4,Нет
236,rus,Нет,Женщина,32 - 36,11 - 14,Backend разработка,Senior,Финансовый сектор (банк / брокер / страховая компания),Алматы,Не вижу разницы,"Рекомендации и отзывы сотрудников (нынешних или бывших), Репутация компании на рынке (обсуждение в чатах, пабликах, каналах), Личный опыт использования цифрового продукта или услуги компании",4,Нет
237,rus,Нет,Мужчина,22 - 26,3 - 6,Мобильная разработка,Senior,Финансовый сектор (банк / брокер / страховая компания),Алматы,Не вижу разницы,"Рекомендации и отзывы сотрудников (нынешних или бывших), Личный бренд основателя или руководителя компании, Репутация компании на рынке (обсуждение в чатах, пабликах, каналах)",5,Нет
238,rus,Да,Мужчина,37 - 41,15 - 19,Data Science | Аналитик данных,Team Lead,Fintech,Алматы,Только казахстанская компания,"Личный бренд основателя или руководителя компании, Рекомендации и отзывы сотрудников (нынешних или бывших), Рейтинги",5,Да
239,rus,Нет,Мужчина,27 - 31,7 - 10,ИТ безопасность,Middle,Финансовый сектор (банк / брокер / страховая компания),Алматы,Только казахстанская компания,"Рекомендации и отзывы сотрудников (нынешних или бывших), Репутация компании на рынке (обсуждение в чатах, пабликах, каналах), Личный бренд основателя или руководителя компании",5,Нет
240,rus,Нет,Женщина,22 - 26,3 - 6,HR | ИТ подбор,Senior,ИТ продуктовая компания,Алматы,Только казахстанская компания,"Рейтинги, Личный бренд основателя или руководителя компании, Корпоративные профили на специализированных платформах (LinkedIn, hh.kz и пр.)",4,Да
241,rus,Нет,Женщина,27 - 31,7 - 10,ИТ архитектура,Senior,Fintech,Алматы,Не вижу разницы,"Рекомендации и отзывы сотрудников (нынешних или бывших), Впечатление от общения с HR или ИТ-рекрутером компании",5,Да
242,rus,Нет,Мужчина,22 - 26,Менее 2 лет,Data Science | Аналитик данных,Middle,Финансовый сектор (банк / брокер / страховая компания),Алматы,Хочу работать только на иностранную компанию (удаленно из Казахстана),"Личный бренд основателя или руководителя компании, Рейтинги, Личный опыт использования цифрового продукта или услуги компании",3,Нет
243,rus,Нет,Женщина,37 - 41,11 - 14,ИТ безопасность,Middle,Финансовый сектор (банк / брокер / страховая компания),Алматы,Не вижу разницы,"Репутация компании на рынке (обсуждение в чатах, пабликах, каналах), Рейтинги, Впечатление от общения с HR или ИТ-рекрутером компании",4,Нет
244,rus,Нет,Мужчина,22 - 26,Менее 2 лет,Backend разработка,Junior,Финансовый сектор (банк / брокер / страховая компания),Алматы,Не вижу разницы,"Рекомендации и отзывы сотрудников (нынешних или бывших), Впечатление от общения с HR или ИТ-рекрутером компании, Репутация компании на рынке (обсуждение в чатах, пабликах, каналах)",5,Да
245,rus,Да,Мужчина,32 - 36,7 - 10,Data Science | Аналитик данных,Team Lead,Финансовый сектор (банк / брокер / страховая компания),Алматы,Не вижу разницы,"Репутация компании на рынке (обсуждение в чатах, пабликах, каналах), Рекомендации и отзывы сотрудников (нынешних или бывших), Впечатление от общения с HR или ИТ-рекрутером компании",5,Да
246,rus,Нет,Женщина,37 - 41,Менее 2 лет,HR | ИТ подбор,Middle,Финансовый сектор (банк / брокер / страховая компания),Алматы,Только казахстанская компания,"Впечатление от общения с HR или ИТ-рекрутером компании, Репутация компании на рынке (обсуждение в чатах, пабликах, каналах), Личный бренд основателя или руководителя компании",5,Да
247,rus,Нет,Мужчина,32 - 36,7 - 10,ИТ безопасность,Senior,Другое,Алматы,Не вижу разницы,"Репутация компании на рынке (обсуждение в чатах, пабликах, каналах)",5,Да
248,rus,Нет,Женщина,32 - 36,11 - 14,ИТ безопасность,Team Lead,Финансовый сектор (банк / брокер / страховая компания),Алматы,Только казахстанская компания,"Другое: Я получила диплом и пришла в компанию, в которой уже 13 лет",5,Нет
249,rus,Нет,Мужчина,22 - 26,Менее 2 лет,Backend разработка,Junior,ИТ продуктовая компания,Алматы,Не вижу разницы,"Личный опыт использования цифрового продукта или услуги компании, Личный бренд основателя или руководителя компании, Рекомендации и отзывы сотрудников (нынешних или бывших)",4,Да
250,rus,Нет,Женщина,37 - 41,Менее 2 лет,Аналитика (бизнес аналитик / системный аналитик),Middle,Финансовый сектор (банк / брокер / страховая компания),Алматы,Хочу работать только на иностранную компанию (удаленно из Казахстана),"Репутация компании на рынке (обсуждение в чатах, пабликах, каналах), Рекомендации и отзывы сотрудников (нынешних или бывших)",3,Нет
251,rus,Нет,Женщина,32 - 36,3 - 6,QA тестирование,Team Lead,ИТ продуктовая компания,Алматы,Не вижу разницы,"Репутация компании на рынке (обсуждение в чатах, пабликах, каналах), Личный бренд основателя или руководителя компании, Рейтинги",5,Да
252,rus,Нет,Мужчина,22 - 26,3 - 6,QA тестирование,Middle,Финансовый сектор (банк / брокер / страховая компания),Алматы,Только казахстанская компания,"Личный опыт использования цифрового продукта или услуги компании, Рекомендации и отзывы сотрудников (нынешних или бывших), Репутация компании на рынке (обсуждение в чатах, пабликах, каналах)",3,Нет
253,rus,Нет,Женщина,22 - 26,Менее 2 лет,Backend разработка,Junior,Fintech,Алматы,Не вижу разницы,"Рекомендации и отзывы сотрудников (нынешних или бывших), Репутация компании на рынке (обсуждение в чатах, пабликах, каналах), Корпоративные профили на специализированных платформах (LinkedIn, hh.kz и пр.)",5,Нет
254,rus,Нет,Мужчина,22 - 26,Менее 2 лет,DevOps | Системное администрирование,Middle,ИТ продуктовая компания,Астана,Не вижу разницы,"Рекомендации и отзывы сотрудников (нынешних или бывших), Рейтинги, Корпоративные профили на специализированных платформах (LinkedIn, hh.kz и пр.)",4,Да
255,rus,Да,Женщина,32 - 36,7 - 10,Продакт менеджмент,Senior,Fintech,Алматы,Хочу работать только на иностранную компанию (удаленно из Казахстана),"Рекомендации и отзывы сотрудников (нынешних или бывших), Репутация компании на рынке (обсуждение в чатах, пабликах, каналах), Личный опыт использования цифрового продукта или услуги компании",5,Да
256,rus,Нет,Мужчина,Младше 21,Менее 2 лет,ИТ безопасность,Junior,ИТ продуктовая компания,Астана,Не вижу разницы,"Репутация компании на рынке (обсуждение в чатах, пабликах, каналах), Личный бренд основателя или руководителя компании, Рекомендации и отзывы сотрудников (нынешних или бывших)",4,Нет
257,rus,Нет,Мужчина,22 - 26,3 - 6,ИТ безопасность,Senior,Финансовый сектор (банк / брокер / страховая компания),Алматы,Только казахстанская компания,"Репутация компании на рынке (обсуждение в чатах, пабликах, каналах), Личный опыт использования цифрового продукта или услуги компании, Личный бренд основателя или руководителя компании",5,Да
258,rus,Да,Женщина,37 - 41,15 - 19,HR | ИТ подбор,Junior,Финансовый сектор (банк / брокер / страховая компания),Алматы,Только казахстанская компания,"Рекомендации и отзывы сотрудников (нынешних или бывших), Личный бренд основателя или руководителя компании, Корпоративные профили на специализированных платформах (LinkedIn, hh.kz и пр.)",5,Нет
259,rus,Нет,Мужчина,37 - 41,Более 20 лет,DevOps | Системное администрирование,C-level,Финансовый сектор (банк / брокер / страховая компания),Алматы,Не вижу разницы,"Репутация компании на рынке (обсуждение в чатах, пабликах, каналах), Личный бренд основателя или руководителя компании, Рейтинги",4,Нет
260,rus,Нет,Мужчина,22 - 26,3 - 6,Аналитика (бизнес аналитик / системный аналитик),Senior,ИТ продуктовая компания,Алматы,Не вижу разницы,"Рекомендации и отзывы сотрудников (нынешних или бывших), Репутация компании на рынке (обсуждение в чатах, пабликах, каналах), Личный опыт использования цифрового продукта или услуги компании",5,Да
261,rus,Нет,Мужчина,37 - 41,15 - 19,ИТ безопасность,Senior,Финансовый сектор (банк / брокер / страховая компания),Алматы,Только казахстанская компания,"Корпоративные профили на специализированных платформах (LinkedIn, hh.kz и пр.), Впечатление от общения с HR или ИТ-рекрутером компании, Рекомендации и отзывы сотрудников (нынешних или бывших)",5,Да
262,rus,Нет,Мужчина,22 - 26,Менее 2 лет,ИТ безопасность,Junior,Другое,Алматы,Не вижу разницы,"Рекомендации и отзывы сотрудников (нынешних или бывших), Рейтинги, Репутация компании на рынке (обсуждение в чатах, пабликах, каналах)",5,Нет
263,rus,Да,Мужчина,32 - 36,7 - 10,Высший менеджмент (CEO/CIO/CTO/CMO/CPO/CISO/CTIO/CAIO/CDO),Senior,ИТ продуктовая компания,Астана,Не вижу разницы,"Рекомендации и отзывы сотрудников (нынешних или бывших), Корпоративные профили на специализированных платформах (LinkedIn, hh.kz и пр.), Репутация компании на рынке (обсуждение в чатах, пабликах, каналах)",4,Нет
264,rus,Да,Мужчина,22 - 26,3 - 6,Backend разработка,Team Lead,ИТ продуктовая компания,Алматы,Не вижу разницы,"Личный бренд основателя или руководителя компании, Репутация компании на рынке (обсуждение в чатах, пабликах, каналах), Рекомендации и отзывы сотрудников (нынешних или бывших)",5,Нет
265,rus,Нет,Мужчина,Старше 46,Более 20 лет,ИТ безопасность,Team Lead,Финансовый сектор (банк / брокер / страховая компания),Алматы,Не вижу разницы,"Репутация компании на рынке (обсуждение в чатах, пабликах, каналах)",5,Нет
266,rus,Нет,Мужчина,Старше 46,Более 20 лет,ИТ безопасность,Team Lead,Финансовый сектор (банк / брокер / страховая компания),Алматы,Не вижу разницы,"Репутация компании на рынке (обсуждение в чатах, пабликах, каналах), Рейтинги, Рекомендации и отзывы сотрудников (нынешних или бывших)",4,Нет
267,rus,Нет,Мужчина,37 - 41,15 - 19,ИТ безопасность,Senior,Финансовый сектор (банк / брокер / страховая компания),Алматы,Не вижу разницы,"Репутация компании на рынке (обсуждение в чатах, пабликах, каналах), Личный опыт использования цифрового продукта или услуги компании, Рекомендации и отзывы сотрудников (нынешних или бывших)",5,Нет
268,rus,Нет,Мужчина,Старше 46,7 - 10,Проектный менеджмент,C-level (CEO + CEO-1),Телекоммуникации,Алматы,Хочу работать только на иностранную компанию (удаленно из Казахстана),"Рекомендации и отзывы сотрудников (нынешних или бывших), Впечатление от общения с HR или ИТ-рекрутером компании, Другое: Состав оффера",5,Нет
269,rus,Да,Мужчина,Старше 46,Более 20 лет,DBA | администратор базы данных,Senior,Финансовый сектор (банк / брокер / страховая компания),Алматы,Не вижу разницы,"Рекомендации и отзывы сотрудников (нынешних или бывших), Рейтинги, Репутация компании на рынке (обсуждение в чатах, пабликах, каналах)",3,Да
270,kaz,Нет,Женщина,22 - 26,3 - 6,Аналитика (бизнес аналитик / системный аналитик),Middle,Финансовый сектор (банк / брокер / страховая компания),Алматы,Только казахстанская компания,"Реклама компании на профессиональных мероприятиях и митапах, Официальный сайт компании, Репутация компании на рынке (обсуждение в чатах, пабликах, каналах)",5,Да
271,rus,Нет,Женщина,32 - 36,7 - 10,Backend разработка,Senior,Финансовый сектор (банк / брокер / страховая компания),Алматы,Не вижу разницы,"Репутация компании на рынке (обсуждение в чатах, пабликах, каналах), Официальный сайт компании, Личный бренд основателя или руководителя компании",4,Нет
272,rus,Нет,Женщина,42 - 46,Более 20 лет,Аналитика (бизнес аналитик / системный аналитик),Senior,Финансовый сектор (банк / брокер / страховая компания),Алматы,Не вижу разницы,"Рекомендации и отзывы сотрудников (нынешних или бывших), Впечатление от общения с HR или ИТ-рекрутером компании, Репутация компании на рынке (обсуждение в чатах, пабликах, каналах)",4,Да
273,rus,Нет,Мужчина,37 - 41,15 - 19,ИТ безопасность,Senior,Другое,Алматы,Хочу работать только на иностранную компанию (удаленно из Казахстана),"Репутация компании на рынке (обсуждение в чатах, пабликах, каналах), Рекомендации и отзывы сотрудников (нынешних или бывших), Реклама компании на профессиональных мероприятиях и митапах",5,Нет
274,rus,Нет,Мужчина,Младше 21,3 - 6,Backend разработка,Middle,Финансовый сектор (банк / брокер / страховая компания),Алматы,Хочу работать только на иностранную компанию (удаленно из Казахстана),"Впечатление от общения с HR или ИТ-рекрутером компании, Личный опыт использования цифрового продукта или услуги компании, Репутация компании на рынке (обсуждение в чатах, пабликах, каналах)",4,Нет
275,rus,Нет,Мужчина,22 - 26,Менее 2 лет,ИТ безопасность,Middle,ИТ продуктовая компания,Астана,Только казахстанская компания,"Репутация компании на рынке (обсуждение в чатах, пабликах, каналах), Рекомендации и отзывы сотрудников (нынешних или бывших), Личный бренд основателя или руководителя компании",1,-
276,rus,Нет,Женщина,32 - 36,3 - 6,Data Science | Аналитик данных,Senior,Финансовый сектор (банк / брокер / страховая компания),Алматы,Хочу работать только на иностранную компанию (удаленно из Казахстана),"Впечатление от общения с HR или ИТ-рекрутером компании, Рекомендации и отзывы сотрудников (нынешних или бывших), Репутация компании на рынке (обсуждение в чатах, пабликах, каналах)",5,Да
277,rus,Нет,Мужчина,32 - 36,3 - 6,ИТ безопасность,Senior,Финансовый сектор (банк / брокер / страховая компания),Алматы,Не вижу разницы,"Рекомендации и отзывы сотрудников (нынешних или бывших), Впечатление от общения с HR или ИТ-рекрутером компании, Репутация компании на рынке (обсуждение в чатах, пабликах, каналах)",4,Нет
278,rus,Нет,Мужчина,32 - 36,7 - 10,ИТ безопасность,Middle,Финансовый сектор (банк / брокер / страховая компания),Алматы,Не вижу разницы,"Впечатление от общения с HR или ИТ-рекрутером компании, Репутация компании на рынке (обсуждение в чатах, пабликах, каналах)",3,Нет
279,rus,Нет,Женщина,22 - 26,Менее 2 лет,ИТ архитектура,Junior,Fintech,Алматы,Не вижу разницы,"Впечатление от общения с HR или ИТ-рекрутером компании, Репутация компании на рынке (обсуждение в чатах, пабликах, каналах), Личный опыт использования цифрового продукта или услуги компании",5,Нет
280,rus,Нет,Мужчина,22 - 26,3 - 6,DevOps | Системное администрирование,Senior,Финансовый сектор (банк / брокер / страховая компания),Алматы,Не вижу разницы,"Репутация компании на рынке (обсуждение в чатах, пабликах, каналах), Корпоративные профили на специализированных платформах (LinkedIn, hh.kz и пр.), Рекомендации и отзывы сотрудников (нынешних или бывших)",5,Да
281,rus,Нет,Мужчина,32 - 36,11 - 14,Высший менеджмент (CEO/CIO/CTO/CMO/CPO/CISO/CTIO/CAIO/CDO),C-level,Телекоммуникации,Алматы,Не вижу разницы,"Рекомендации и отзывы сотрудников (нынешних или бывших), Репутация компании на рынке (обсуждение в чатах, пабликах, каналах)",3,Нет
282,rus,Нет,Мужчина,32 - 36,7 - 10,ИТ безопасность,Team Lead,Финансовый сектор (банк / брокер / страховая компания),Алматы,Только казахстанская компания,"Рекомендации и отзывы сотрудников (нынешних или бывших), Рейтинги, Репутация компании на рынке (обсуждение в чатах, пабликах, каналах)",3,Да
283,rus,Да,Женщина,32 - 36,11 - 14,ИТ архитектура,Senior,Финансовый сектор (банк / брокер / страховая компания),Алматы,Хочу работать только на иностранную компанию (удаленно из Казахстана),"Рекомендации и отзывы сотрудников (нынешних или бывших), Рейтинги, Репутация компании на рынке (обсуждение в чатах, пабликах, каналах)",5,Да
284,rus,Нет,Женщина,27 - 31,3 - 6,HR | ИТ подбор,Team Lead,Телекоммуникации,Астана,Только казахстанская компания,"Репутация компании на рынке (обсуждение в чатах, пабликах, каналах), Рекомендации и отзывы сотрудников (нынешних или бывших)",5,Да
285,rus,Нет,Женщина,32 - 36,3 - 6,HR | ИТ подбор,Team Lead,Телекоммуникации,Астана,Не вижу разницы,"Рейтинги, Репутация компании на рынке (обсуждение в чатах, пабликах, каналах), Рекомендации и отзывы сотрудников (нынешних или бывших)",5,Нет
286,rus,Нет,Мужчина,32 - 36,7 - 10,DevOps | Системное администрирование,Senior,Финансовый сектор (банк / брокер / страховая компания),Алматы,Только иностранная компания (в Казахстане),Личный опыт использования цифрового продукта или услуги компании,3,Нет
287,rus,Нет,Женщина,32 - 36,7 - 10,Маркетинг | SMM | SEO,Team Lead,Другое,Астана,Не вижу разницы,"Корпоративные профили на специализированных платформах (LinkedIn, hh.kz и пр.), Впечатление от общения с HR или ИТ-рекрутером компании, Официальный сайт компании",3,Нет
288,rus,Нет,Мужчина,22 - 26,Менее 2 лет,ИТ безопасность,Junior,Финансовый сектор (банк / брокер / страховая компания),Алматы,Только иностранная компания (в Казахстане),"Репутация компании на рынке (обсуждение в чатах, пабликах, каналах), Корпоративные профили на специализированных платформах (LinkedIn, hh.kz и пр.), Впечатление от общения с HR или ИТ-рекрутером компании",4,Нет
289,rus,Нет,Женщина,42 - 46,15 - 19,ИТ безопасность,Team Lead,Финансовый сектор (банк / брокер / страховая компания),Алматы,Только казахстанская компания,"Личный опыт использования цифрового продукта или услуги компании, Рейтинги",5,Нет
290,rus,Нет,Мужчина,37 - 41,15 - 19,DevOps | Системное администрирование,Middle,Финансовый сектор (банк / брокер / страховая компания),Алматы,Не вижу разницы,"Рекомендации и отзывы сотрудников (нынешних или бывших), Личный бренд основателя или руководителя компании, Личный опыт использования цифрового продукта или услуги компании",4,Нет
291,rus,Нет,Мужчина,Младше 21,Менее 2 лет,ИТ безопасность,Junior,Финансовый сектор (банк / брокер / страховая компания),Алматы,Хочу работать только на иностранную компанию (удаленно из Казахстана),"Рекомендации и отзывы сотрудников (нынешних или бывших), Репутация компании на рынке (обсуждение в чатах, пабликах, каналах), Впечатление от общения с HR или ИТ-рекрутером компании",5,Нет
292,rus,Нет,Мужчина,22 - 26,3 - 6,Backend разработка,Senior,ИТ продуктовая компания,Алматы,Хочу работать только на иностранную компанию (удаленно из Казахстана),"Рекомендации и отзывы сотрудников (нынешних или бывших), Репутация компании на рынке (обсуждение в чатах, пабликах, каналах), Впечатление от общения с HR или ИТ-рекрутером компании",2,-
293,rus,Нет,Мужчина,42 - 46,15 - 19,DBA | администратор базы данных,Senior,Финансовый сектор (банк / брокер / страховая компания),Алматы,Не вижу разницы,"Рекомендации и отзывы сотрудников (нынешних или бывших), Личный опыт использования цифрового продукта или услуги компании, Репутация компании на рынке (обсуждение в чатах, пабликах, каналах)",4,Нет
294,rus,Да,Женщина,27 - 31,3 - 6,HR | ИТ подбор,C-level,Разработка ПО | IT Outsourcing,Алматы,Не вижу разницы,"Репутация компании на рынке (обсуждение в чатах, пабликах, каналах), Личный бренд основателя или руководителя компании, Рекомендации и отзывы сотрудников (нынешних или бывших)",5,Нет
295,rus,Да,Мужчина,27 - 31,3 - 6,Продакт менеджмент,Team Lead,E-commerce | Логистика,Алматы,Только иностранная компания (в Казахстане),"Рекомендации и отзывы сотрудников (нынешних или бывших), Официальный сайт компании, Рейтинги",5,Да
296,rus,Нет,Женщина,22 - 26,3 - 6,Backend разработка,Middle,Fintech,Алматы,Не вижу разницы,"Репутация компании на рынке (обсуждение в чатах, пабликах, каналах), Рекомендации и отзывы сотрудников (нынешних или бывших), Впечатление от общения с HR или ИТ-рекрутером компании",1,-
297,rus,Да,Мужчина,22 - 26,Менее 2 лет,DevOps | Системное администрирование,Junior,Разработка ПО | IT Outsourcing,Алматы,Не вижу разницы,"Репутация компании на рынке (обсуждение в чатах, пабликах, каналах), Впечатление от общения с HR или ИТ-рекрутером компании, Рейтинги",4,Нет
298,rus,Нет,Мужчина,27 - 31,Менее 2 лет,Data Science | Аналитик данных,Senior,Fintech,Алматы,Не вижу разницы,"Репутация компании на рынке (обсуждение в чатах, пабликах, каналах), Рекомендации и отзывы сотрудников (нынешних или бывших), Личный опыт использования цифрового продукта или услуги компании",4,Нет
299,rus,Нет,Женщина,42 - 46,3 - 6,HR | ИТ подбор,Middle,Телекоммуникации,Астана,Только казахстанская компания,"Репутация компании на рынке (обсуждение в чатах, пабликах, каналах), Личный опыт использования цифрового продукта или услуги компании, Рекомендации и отзывы сотрудников (нынешних или бывших)",5,Да
300,rus,Да,Женщина,32 - 36,3 - 6,Проектный менеджмент,Senior,Fintech,Алматы,Не вижу разницы,"Репутация компании на рынке (обсуждение в чатах, пабликах, каналах), Рекомендации и отзывы сотрудников (нынешних или бывших)",3,Да
301,rus,Нет,Женщина,42 - 46,15 - 19,Проектный менеджмент,Senior,Финансовый сектор (банк / брокер / страховая компания),Алматы,Не вижу разницы,"Репутация компании на рынке (обсуждение в чатах, пабликах, каналах), Рекомендации и отзывы сотрудников (нынешних или бывших), Личный бренд основателя или руководителя компании",4,Да
302,rus,Нет,Женщина,42 - 46,15 - 19,Аналитика (бизнес аналитик / системный аналитик),Tribe Leader,Финансовый сектор (банк / брокер / страховая компания),Алматы,Только казахстанская компания,"Рекомендации и отзывы сотрудников (нынешних или бывших), Репутация компании на рынке (обсуждение в чатах, пабликах, каналах), Личный бренд основателя или руководителя компании",4,Нет
303,rus,Нет,Мужчина,37 - 41,15 - 19,Аналитика (бизнес аналитик / системный аналитик),Team Lead,ИТ продуктовая компания,Алматы,Не вижу разницы,Рекомендации и отзывы сотрудников (нынешних или бывших),1,-
304,rus,Да,Мужчина,22 - 26,Менее 2 лет,Web-design | UX/UI,Middle,Финансовый сектор (банк / брокер / страховая компания),Алматы,Не вижу разницы,"Личный опыт использования цифрового продукта или услуги компании, Рекомендации и отзывы сотрудников (нынешних или бывших), Репутация компании на рынке (обсуждение в чатах, пабликах, каналах)",5,Нет
305,rus,Нет,Женщина,27 - 31,3 - 6,DBA | администратор базы данных,Senior,Финансовый сектор (банк / брокер / страховая компания),Алматы,Хочу работать только на иностранную компанию (удаленно из Казахстана),"Личный опыт использования цифрового продукта или услуги компании, Репутация компании на рынке (обсуждение в чатах, пабликах, каналах), Впечатление от общения с HR или ИТ-рекрутером компании",5,Нет
306,kaz,Нет,Мужчина,32 - 36,11 - 14,Data Science | Аналитик данных,Team Lead,Финансовый сектор (банк / брокер / страховая компания),Алматы,Не вижу разницы,"Репутация компании на рынке (обсуждение в чатах, пабликах, каналах), Личный опыт использования цифрового продукта или услуги компании, Рейтинги",3,Да
307,rus,Нет,Мужчина,32 - 36,15 - 19,Высший менеджмент (CEO/CIO/CTO/CMO/CPO/CISO/CTIO/CAIO/CDO),C-level,Образование / EdTech,Астана,Хочу работать только на иностранную компанию (удаленно из Казахстана),"Репутация компании на рынке (обсуждение в чатах, пабликах, каналах), Личный бренд основателя или руководителя компании, Личный опыт использования цифрового продукта или услуги компании",3,Нет
308,rus,Нет,Женщина,37 - 41,Менее 2 лет,Маркетинг | SMM | SEO,C-level,Телекоммуникации,Астана,Не вижу разницы,"Впечатление от общения с HR или ИТ-рекрутером компании, Репутация компании на рынке (обсуждение в чатах, пабликах, каналах), Рекомендации и отзывы сотрудников (нынешних или бывших)",5,Нет
309,rus,Нет,Мужчина,32 - 36,3 - 6,QA тестирование,Middle,ИТ продуктовая компания,Астана,Не вижу разницы,"Репутация компании на рынке (обсуждение в чатах, пабликах, каналах), Личный бренд основателя или руководителя компании, Впечатление от общения с HR или ИТ-рекрутером компании",5,Да
310,rus,Нет,Мужчина,37 - 41,15 - 19,Data Science | Аналитик данных,C-level,Финансовый сектор (банк / брокер / страховая компания),Алматы,Не вижу разницы,"Репутация компании на рынке (обсуждение в чатах, пабликах, каналах), Личный бренд основателя или руководителя компании, Рейтинги",5,Нет
311,rus,Да,Мужчина,32 - 36,7 - 10,Backend разработка,Senior,Финансовый сектор (банк / брокер / страховая компания),Актобе,Не вижу разницы,"Репутация компании на рынке (обсуждение в чатах, пабликах, каналах), Впечатление от общения с HR или ИТ-рекрутером компании, Корпоративные профили на специализированных платформах (LinkedIn, hh.kz и пр.)",4,Нет
312,rus,Нет,Мужчина,37 - 41,7 - 10,Аналитика (бизнес аналитик / системный аналитик),Senior,Финансовый сектор (банк / брокер / страховая компания),Алматы,Только иностранная компания (в Казахстане),"Личный опыт использования цифрового продукта или услуги компании, Рекомендации и отзывы сотрудников (нынешних или бывших), Рейтинги",5,Нет
313,rus,Нет,Женщина,22 - 26,Менее 2 лет,Backend разработка,Junior,Финансовый сектор (банк / брокер / страховая компания),Алматы,Не вижу разницы,"Репутация компании на рынке (обсуждение в чатах, пабликах, каналах), Рекомендации и отзывы сотрудников (нынешних или бывших), Корпоративные профили на специализированных платформах (LinkedIn, hh.kz и пр.)",5,Нет
314,rus,Да,Женщина,32 - 36,3 - 6,Маркетинг | SMM | SEO,Team Lead,ИТ продуктовая компания,Астана,Не вижу разницы,"Репутация компании на рынке (обсуждение в чатах, пабликах, каналах), Официальный сайт компании, Личный опыт использования цифрового продукта или услуги компании",1,-
315,rus,Да,Мужчина,27 - 31,7 - 10,Data Science | Аналитик данных,C-level,Финансовый сектор (банк / брокер / страховая компания),Алматы,Не вижу разницы,"Рекомендации и отзывы сотрудников (нынешних или бывших), Репутация компании на рынке (обсуждение в чатах, пабликах, каналах), Личный опыт использования цифрового продукта или услуги компании",4,Нет
316,rus,Нет,Женщина,32 - 36,3 - 6,ИТ безопасность,Senior,Другое,Алматы,Только казахстанская компания,Рекомендации и отзывы сотрудников (нынешних или бывших),5,Нет
317,rus,Нет,Мужчина,32 - 36,7 - 10,Продакт менеджмент,Team Lead,Fintech,Алматы,Не вижу разницы,"Репутация компании на рынке (обсуждение в чатах, пабликах, каналах), Рекомендации и отзывы сотрудников (нынешних или бывших), Впечатление от общения с HR или ИТ-рекрутером компании",5,Да
318,rus,Нет,Мужчина,37 - 41,Более 20 лет,ИТ архитектура,Senior,Телекоммуникации,Астана,Не вижу разницы,"Репутация компании на рынке (обсуждение в чатах, пабликах, каналах), Рейтинги, Личный опыт использования цифрового продукта или услуги компании",5,Да
319,rus,Нет,Мужчина,32 - 36,Менее 2 лет,Data Science | Аналитик данных,Junior,ИТ продуктовая компания,Астана,Не вижу разницы,"Репутация компании на рынке (обсуждение в чатах, пабликах, каналах), Личный бренд основателя или руководителя компании, Рекомендации и отзывы сотрудников (нынешних или бывших)",4,Нет
320,rus,Нет,Мужчина,37 - 41,11 - 14,Data Science | Аналитик данных,Senior,Финансовый сектор (банк / брокер / страховая компания),Алматы,Не вижу разницы,"Рекомендации и отзывы сотрудников (нынешних или бывших), Впечатление от общения с HR или ИТ-рекрутером компании, Личный опыт использования цифрового продукта или услуги компании",4,Нет
321,rus,Нет,Женщина,32 - 36,7 - 10,Проектный менеджмент,Junior,Другое,Алматы,Только иностранная компания (в Казахстане),"Рекомендации и отзывы сотрудников (нынешних или бывших), Впечатление от общения с HR или ИТ-рекрутером компании, Репутация компании на рынке (обсуждение в чатах, пабликах, каналах)",3,Нет
322,rus,Нет,Мужчина,22 - 26,7 - 10,Frontend разработка,Senior,Телекоммуникации,Алматы,Не вижу разницы,"Официальный сайт компании, Рекомендации и отзывы сотрудников (нынешних или бывших), Личный опыт использования цифрового продукта или услуги компании",4,Да
323,rus,Нет,Мужчина,22 - 26,Менее 2 лет,Backend разработка,Junior,Финансовый сектор (банк / брокер / страховая компания),Алматы,Не вижу разницы,"Официальный сайт компании, Впечатление от общения с HR или ИТ-рекрутером компании, Рейтинги",4,Нет
324,rus,Нет,Женщина,27 - 31,3 - 6,ИТ безопасность,Senior,Финансовый сектор (банк / брокер / страховая компания),Алматы,Не вижу разницы,"Рейтинги, Рекомендации и отзывы сотрудников (нынешних или бывших), Репутация компании на рынке (обсуждение в чатах, пабликах, каналах)",5,Нет
325,rus,Нет,Мужчина,22 - 26,Менее 2 лет,Backend разработка,Junior,Финансовый сектор (банк / брокер / страховая компания),Алматы,Не вижу разницы,"Рекомендации и отзывы сотрудников (нынешних или бывших), Репутация компании на рынке (обсуждение в чатах, пабликах, каналах), Личный бренд основателя или руководителя компании",5,Да
326,rus,Нет,Женщина,37 - 41,Более 20 лет,Data Science | Аналитик данных,Senior,Другое,Атырау,Хочу работать только на иностранную компанию (удаленно из Казахстана),"Впечатление от общения с HR или ИТ-рекрутером компании, Корпоративные профили на специализированных платформах (LinkedIn, hh.kz и пр.), Рекомендации и отзывы сотрудников (нынешних или бывших)",5,Нет
327,rus,Нет,Женщина,Старше 46,Более 20 лет,Аналитика (бизнес аналитик / системный аналитик),Team Lead,Финансовый сектор (банк / брокер / страховая компания),Алматы,Только казахстанская компания,"Впечатление от общения с HR или ИТ-рекрутером компании, Репутация компании на рынке (обсуждение в чатах, пабликах, каналах), Рекомендации и отзывы сотрудников (нынешних или бывших)",5,Нет
328,rus,Нет,Мужчина,22 - 26,3 - 6,QA тестирование,Middle,E-commerce | Логистика,Алматы,Не вижу разницы,"Репутация компании на рынке (обсуждение в чатах, пабликах, каналах), Рейтинги, Реклама компании на профессиональных мероприятиях и митапах",4,Да
329,rus,Нет,Мужчина,32 - 36,15 - 19,Аналитика (бизнес аналитик / системный аналитик),Senior,ИТ продуктовая компания,Алматы,Не вижу разницы,"Рекомендации и отзывы сотрудников (нынешних или бывших), Впечатление от общения с HR или ИТ-рекрутером компании, Рейтинги",5,Да
330,kaz,Нет,Женщина,22 - 26,3 - 6,QA тестирование,Middle,Финансовый сектор (банк / брокер / страховая компания),Алматы,Не вижу разницы,"Рейтинги, Рекомендации и отзывы сотрудников (нынешних или бывших), Личный опыт использования цифрового продукта или услуги компании",5,Да
331,rus,Нет,Мужчина,37 - 41,3 - 6,Проектный менеджмент,Middle,ИТ продуктовая компания,Астана,Не вижу разницы,"Репутация компании на рынке (обсуждение в чатах, пабликах, каналах), Рекомендации и отзывы сотрудников (нынешних или бывших), Личный опыт использования цифрового продукта или услуги компании",4,Нет
332,rus,Нет,Женщина,42 - 46,3 - 6,Аналитика (бизнес аналитик / системный аналитик),Senior,Финансовый сектор (банк / брокер / страховая компания),Алматы,Не вижу разницы,"Личный бренд основателя или руководителя компании, Рейтинги, Рекомендации и отзывы сотрудников (нынешних или бывших)",3,Да
333,rus,Да,Мужчина,22 - 26,7 - 10,Backend разработка,Tribe Leader,Финансовый сектор (банк / брокер / страховая компания),Алматы,Не вижу разницы,"Впечатление от общения с HR или ИТ-рекрутером компании, Личный опыт использования цифрового продукта или услуги компании, Репутация компании на рынке (обсуждение в чатах, пабликах, каналах)",3,Нет
334,rus,Да,Мужчина,32 - 36,11 - 14,Data Science | Аналитик данных,Team Lead,Финансовый сектор (банк / брокер / страховая компания),Алматы,Не вижу разницы,"Корпоративные профили на специализированных платформах (LinkedIn, hh.kz и пр.), Репутация компании на рынке (обсуждение в чатах, пабликах, каналах), Личный бренд основателя или руководителя компании",5,Нет
335,rus,Нет,Мужчина,32 - 36,11 - 14,Data Science | Аналитик данных,Tribe Leader,Финансовый сектор (банк / брокер / страховая компания),Алматы,Не вижу разницы,"Рекомендации и отзывы сотрудников (нынешних или бывших), Впечатление от общения с HR или ИТ-рекрутером компании, Репутация компании на рынке (обсуждение в чатах, пабликах, каналах)",3,Да
336,rus,Нет,Мужчина,37 - 41,15 - 19,Data Science | Аналитик данных,Senior,Финансовый сектор (банк / брокер / страховая компания),Алматы,Не вижу разницы,"Личный бренд основателя или руководителя компании, Рекомендации и отзывы сотрудников (нынешних или бывших), Личный опыт использования цифрового продукта или услуги компании",5,Да
337,rus,Нет,Женщина,27 - 31,3 - 6,Маркетинг | SMM | SEO,Team Lead,Телекоммуникации,Астана,Только иностранная компания (в Казахстане),"Репутация компании на рынке (обсуждение в чатах, пабликах, каналах), Рейтинги, Личный бренд основателя или руководителя компании",5,Да
338,rus,Нет,Женщина,27 - 31,7 - 10,Аналитика (бизнес аналитик / системный аналитик),Senior,Финансовый сектор (банк / брокер / страховая компания),Алматы,Хочу работать только на иностранную компанию (удаленно из Казахстана),"Рекомендации и отзывы сотрудников (нынешних или бывших), Репутация компании на рынке (обсуждение в чатах, пабликах, каналах), Впечатление от общения с HR или ИТ-рекрутером компании",5,Да
339,kaz,Да,Мужчина,32 - 36,7 - 10,Аналитика (бизнес аналитик / системный аналитик),Team Lead,Финансовый сектор (банк / брокер / страховая компания),Алматы,Не вижу разницы,"Впечатление от общения с HR или ИТ-рекрутером компании, Рейтинги, Репутация компании на рынке (обсуждение в чатах, пабликах, каналах)",1,-
340,rus,Нет,Женщина,22 - 26,Менее 2 лет,Backend разработка,Junior,Другое,Алматы,Не вижу разницы,"Рейтинги, Корпоративные профили на специализированных платформах (LinkedIn, hh.kz и пр.), Рекомендации и отзывы сотрудников (нынешних или бывших)",5,Нет
341,rus,Нет,Мужчина,22 - 26,3 - 6,Backend разработка,Middle,E-commerce | Логистика,Алматы,Хочу работать только на иностранную компанию (удаленно из Казахстана),"Репутация компании на рынке (обсуждение в чатах, пабликах, каналах), Рекомендации и отзывы сотрудников (нынешних или бывших), Личный опыт использования цифрового продукта или услуги компании",4,Нет
342,rus,Нет,Женщина,Старше 46,7 - 10,Высший менеджмент (CEO/CIO/CTO/CMO/CPO/CISO/CTIO/CAIO/CDO),C-level (CEO + CEO-1),Fintech,Алматы,Не вижу разницы,"Репутация компании на рынке (обсуждение в чатах, пабликах, каналах), Личный бренд основателя или руководителя компании, Рекомендации и отзывы сотрудников (нынешних или бывших)",4,Нет
343,rus,Нет,Мужчина,27 - 31,3 - 6,AI | ML | VR/AR,C-level,Финансовый сектор (банк / брокер / страховая компания),Алматы,Не вижу разницы,"Корпоративные профили на специализированных платформах (LinkedIn, hh.kz и пр.), Репутация компании на рынке (обсуждение в чатах, пабликах, каналах), Личный опыт использования цифрового продукта или услуги компании",5,Нет
344,rus,Нет,Мужчина,37 - 41,3 - 6,Data Science | Аналитик данных,Senior,Финансовый сектор (банк / брокер / страховая компания),Алматы,Только казахстанская компания,"Рейтинги, Официальный сайт компании",5,Нет
345,rus,Нет,Мужчина,22 - 26,3 - 6,Frontend разработка,Middle,Fintech,Алматы,Хочу работать только на иностранную компанию (удаленно из Казахстана),"Репутация компании на рынке (обсуждение в чатах, пабликах, каналах), Личный опыт использования цифрового продукта или услуги компании, Впечатление от общения с HR или ИТ-рекрутером компании",4,Нет
346,rus,Нет,Мужчина,37 - 41,11 - 14,Проектный менеджмент,Senior,Fintech,Алматы,Только казахстанская компания,"Рекомендации и отзывы сотрудников (нынешних или бывших), Репутация компании на рынке (обсуждение в чатах, пабликах, каналах), Впечатление от общения с HR или ИТ-рекрутером компании",4,Да
347,rus,Нет,Женщина,22 - 26,Менее 2 лет,Аналитика (бизнес аналитик / системный аналитик),Junior,ИТ продуктовая компания,Астана,Не вижу разницы,"Репутация компании на рынке (обсуждение в чатах, пабликах, каналах), Рекомендации и отзывы сотрудников (нынешних или бывших), Личный опыт использования цифрового продукта или услуги компании",4,Да
348,rus,Да,Мужчина,Старше 46,Более 20 лет,Высший менеджмент (CEO/CIO/CTO/CMO/CPO/CISO/CTIO/CAIO/CDO),C-level,Финансовый сектор (банк / брокер / страховая компания),Алматы,Не вижу разницы,"Личный опыт использования цифрового продукта или услуги компании, Репутация компании на рынке (обсуждение в чатах, пабликах, каналах), Рейтинги",3,Нет
349,rus,Нет,Женщина,22 - 26,3 - 6,HR | ИТ подбор,Senior,Телекоммуникации,Алматы,Только иностранная компания (в Казахстане),"Репутация компании на рынке (обсуждение в чатах, пабликах, каналах), Официальный сайт компании, Реклама компании на профессиональных мероприятиях и митапах",5,Да
350,rus,Нет,Мужчина,22 - 26,Менее 2 лет,Продакт менеджмент,Middle,ИТ продуктовая компания,Алматы,Не вижу разницы,"Репутация компании на рынке (обсуждение в чатах, пабликах, каналах), Рекомендации и отзывы сотрудников (нынешних или бывших), Впечатление от общения с HR или ИТ-рекрутером компании",2,-
351,rus,Да,Мужчина,37 - 41,15 - 19,Продакт менеджмент,C-level (CEO + CEO-1),ИТ продуктовая компания,Алматы,Только казахстанская компания,Личный опыт использования цифрового продукта или услуги компании,1,-
352,rus,Нет,Мужчина,37 - 41,3 - 6,DevOps | Системное администрирование,Middle,Финансовый сектор (банк / брокер / страховая компания),Алматы,Не вижу разницы,"Рекомендации и отзывы сотрудников (нынешних или бывших), Репутация компании на рынке (обсуждение в чатах, пабликах, каналах), Рейтинги",5,Нет
353,rus,Нет,Женщина,37 - 41,7 - 10,ИТ безопасность,C-level,Fintech,Алматы,Не вижу разницы,"Репутация компании на рынке (обсуждение в чатах, пабликах, каналах), Впечатление от общения с HR или ИТ-рекрутером компании, Личный бренд основателя или руководителя компании",5,Да
354,rus,Нет,Женщина,22 - 26,Менее 2 лет,Data Science | Аналитик данных,Senior,Телекоммуникации,Алматы,Не вижу разницы,"Репутация компании на рынке (обсуждение в чатах, пабликах, каналах), Впечатление от общения с HR или ИТ-рекрутером компании, Рекомендации и отзывы сотрудников (нынешних или бывших)",5,Да
355,rus,Нет,Мужчина,37 - 41,15 - 19,Data Science | Аналитик данных,Team Lead,Финансовый сектор (банк / брокер / страховая компания),Алматы,Не вижу разницы,"Рекомендации и отзывы сотрудников (нынешних или бывших), Репутация компании на рынке (обсуждение в чатах, пабликах, каналах)",1,-
356,rus,Нет,Мужчина,27 - 31,3 - 6,Web-design | UX/UI,Middle,E-commerce | Логистика,Алматы,Не вижу разницы,Рекомендации и отзывы сотрудников (нынешних или бывших),4,Нет
357,rus,Нет,Мужчина,32 - 36,7 - 10,QA тестирование,Senior,Агрегатор / Платформа,Алматы,Хочу работать только на иностранную компанию (удаленно из Казахстана),Рейтинги,5,Да
358,rus,Да,Женщина,27 - 31,7 - 10,Маркетинг | SMM | SEO,Middle,ИТ продуктовая компания,Алматы,Хочу работать только на иностранную компанию (удаленно из Казахстана),"Впечатление от общения с HR или ИТ-рекрутером компании, Рекомендации и отзывы сотрудников (нынешних или бывших), Репутация компании на рынке (обсуждение в чатах, пабликах, каналах)",4,Нет
359,rus,Нет,Женщина,27 - 31,3 - 6,Маркетинг | SMM | SEO,Team Lead,Телекоммуникации,Алматы,Только иностранная компания (в Казахстане),"Рекомендации и отзывы сотрудников (нынешних или бывших), Репутация компании на рынке (обсуждение в чатах, пабликах, каналах), Личный опыт использования цифрового продукта или услуги компании",5,Да
360,rus,Нет,Женщина,22 - 26,3 - 6,Аналитика (бизнес аналитик / системный аналитик),Senior,Финансовый сектор (банк / брокер / страховая компания),Алматы,Хочу работать только на иностранную компанию (удаленно из Казахстана),"Официальный сайт компании, Личный опыт использования цифрового продукта или услуги компании, Рекомендации и отзывы сотрудников (нынешних или бывших)",5,Да
361,rus,Нет,Мужчина,27 - 31,3 - 6,Data Science | Аналитик данных,Senior,Финансовый сектор (банк / брокер / страховая компания),Алматы,Не вижу разницы,"Репутация компании на рынке (обсуждение в чатах, пабликах, каналах), Впечатление от общения с HR или ИТ-рекрутером компании, Личный опыт использования цифрового продукта или услуги компании",5,Да
362,rus,Нет,Женщина,27 - 31,3 - 6,Аналитика (бизнес аналитик / системный аналитик),Senior,Финансовый сектор (банк / брокер / страховая компания),Алматы,Не вижу разницы,"Рекомендации и отзывы сотрудников (нынешних или бывших), Репутация компании на рынке (обсуждение в чатах, пабликах, каналах), Личный опыт использования цифрового продукта или услуги компании",3,Нет
363,rus,Нет,Мужчина,37 - 41,3 - 6,Аналитика (бизнес аналитик / системный аналитик),Senior,Финансовый сектор (банк / брокер / страховая компания),Алматы,Не вижу разницы,"Рекомендации и отзывы сотрудников (нынешних или бывших), Репутация компании на рынке (обсуждение в чатах, пабликах, каналах), Впечатление от общения с HR или ИТ-рекрутером компании",5,Да
364,rus,Нет,Мужчина,22 - 26,3 - 6,Frontend разработка,Senior,Финансовый сектор (банк / брокер / страховая компания),Алматы,Не вижу разницы,"Репутация компании на рынке (обсуждение в чатах, пабликах, каналах), Рекомендации и отзывы сотрудников (нынешних или бывших), Рейтинги",3,Нет
365,rus,Нет,Мужчина,27 - 31,7 - 10,Backend разработка,Senior,Fintech,Алматы,Не вижу разницы,"Рейтинги, Личный бренд основателя или руководителя компании",5,Нет
366,rus,Нет,Мужчина,27 - 31,7 - 10,Продакт менеджмент,Senior,E-commerce | Логистика,Алматы,Не вижу разницы,"Впечатление от общения с HR или ИТ-рекрутером компании, Рекомендации и отзывы сотрудников (нынешних или бывших), Репутация компании на рынке (обсуждение в чатах, пабликах, каналах)",4,Нет
367,rus,Нет,Мужчина,Младше 21,Менее 2 лет,Data Science | Аналитик данных,Junior,Финансовый сектор (банк / брокер / страховая компания),Алматы,Не вижу разницы,"Рекомендации и отзывы сотрудников (нынешних или бывших), Личный опыт использования цифрового продукта или услуги компании, Впечатление от общения с HR или ИТ-рекрутером компании",4,Да
368,rus,Нет,Мужчина,27 - 31,3 - 6,DevOps | Системное администрирование,Middle,Финансовый сектор (банк / брокер / страховая компания),Алматы,Не вижу разницы,"Репутация компании на рынке (обсуждение в чатах, пабликах, каналах), Впечатление от общения с HR или ИТ-рекрутером компании, Рекомендации и отзывы сотрудников (нынешних или бывших)",5,Нет
369,rus,Да,Мужчина,32 - 36,11 - 14,ИТ архитектура,Tribe Leader,ИТ продуктовая компания,Алматы,Не вижу разницы,"Рекомендации и отзывы сотрудников (нынешних или бывших), Репутация компании на рынке (обсуждение в чатах, пабликах, каналах), Впечатление от общения с HR или ИТ-рекрутером компании",4,Да
370,kaz,Нет,Мужчина,22 - 26,3 - 6,Продакт менеджмент,Middle,Финансовый сектор (банк / брокер / страховая компания),Алматы,Не вижу разницы,"Впечатление от общения с HR или ИТ-рекрутером компании, Рейтинги, Рекомендации и отзывы сотрудников (нынешних или бывших)",5,Да
371,rus,Нет,Женщина,27 - 31,3 - 6,Продакт менеджмент,Team Lead,Финансовый сектор (банк / брокер / страховая компания),Алматы,Не вижу разницы,"Впечатление от общения с HR или ИТ-рекрутером компании, Корпоративные профили на специализированных платформах (LinkedIn, hh.kz и пр.)",3,Да
372,rus,Нет,Женщина,22 - 26,3 - 6,Data Science | Аналитик данных,Middle,Fintech,Алматы,Только казахстанская компания,Рейтинги,5,Да
373,kaz,Нет,Женщина,27 - 31,3 - 6,Data Science | Аналитик данных,Middle,Fintech,Алматы,Только иностранная компания (в Казахстане),"Личный опыт использования цифрового продукта или услуги компании, Репутация компании на рынке (обсуждение в чатах, пабликах, каналах), Рекомендации и отзывы сотрудников (нынешних или бывших)",4,Нет
374,rus,Нет,Мужчина,Старше 46,Более 20 лет,Data Science | Аналитик данных,Senior,Финансовый сектор (банк / брокер / страховая компания),Алматы,Не вижу разницы,"Репутация компании на рынке (обсуждение в чатах, пабликах, каналах), Рекомендации и отзывы сотрудников (нынешних или бывших), Рейтинги",1,-
375,rus,Нет,Мужчина,27 - 31,Менее 2 лет,Data Science | Аналитик данных,Middle,Разработка ПО | IT Outsourcing,Алматы,Хочу работать только на иностранную компанию (удаленно из Казахстана),"Репутация компании на рынке (обсуждение в чатах, пабликах, каналах), Рекомендации и отзывы сотрудников (нынешних или бывших), Корпоративные профили на специализированных платформах (LinkedIn, hh.kz и пр.)",3,Нет
376,rus,Нет,Женщина,37 - 41,11 - 14,Data Science | Аналитик данных,Team Lead,Разработка ПО | IT Outsourcing,Алматы,Не вижу разницы,"Репутация компании на рынке (обсуждение в чатах, пабликах, каналах), Впечатление от общения с HR или ИТ-рекрутером компании, Рекомендации и отзывы сотрудников (нынешних или бывших)",5,Нет
377,rus,Да,Мужчина,37 - 41,15 - 19,Data Science | Аналитик данных,Senior,Финансовый сектор (банк / брокер / страховая компания),Алматы,Не вижу разницы,"Рейтинги, Личный бренд основателя или руководителя компании, Рекомендации и отзывы сотрудников (нынешних или бывших)",5,Нет
378,kaz,Нет,Мужчина,27 - 31,3 - 6,Backend разработка,Middle,Финансовый сектор (банк / брокер / страховая компания),Алматы,Не вижу разницы,"Рекомендации и отзывы сотрудников (нынешних или бывших), Корпоративные профили на специализированных платформах (LinkedIn, hh.kz и пр.), Впечатление от общения с HR или ИТ-рекрутером компании",4,Да
379,rus,Да,Мужчина,27 - 31,3 - 6,ИТ архитектура,Senior,Fintech,Алматы,Хочу работать только на иностранную компанию (удаленно из Казахстана),"Рекомендации и отзывы сотрудников (нынешних или бывших), Рейтинги, Репутация компании на рынке (обсуждение в чатах, пабликах, каналах)",4,Нет
380,rus,Нет,Мужчина,22 - 26,3 - 6,Frontend разработка,Middle,Финансовый сектор (банк / брокер / страховая компания),Алматы,Хочу работать только на иностранную компанию (удаленно из Казахстана),"Личный бренд основателя или руководителя компании, Репутация компании на рынке (обсуждение в чатах, пабликах, каналах), Личный опыт использования цифрового продукта или услуги компании",4,Нет
381,rus,Да,Женщина,27 - 31,7 - 10,HR | ИТ подбор,Tribe Leader,Fintech,Алматы,Не вижу разницы,Личный опыт использования цифрового продукта или услуги компании,3,Нет
382,rus,Нет,Женщина,Старше 46,Более 20 лет,Мобильная разработка,Middle,Fintech,Алматы,Хочу работать только на иностранную компанию (удаленно из Казахстана),"Рекомендации и отзывы сотрудников (нынешних или бывших), Репутация компании на рынке (обсуждение в чатах, пабликах, каналах), Рейтинги",3,Нет
383,rus,Нет,Мужчина,27 - 31,3 - 6,Data Science | Аналитик данных,Middle,Финансовый сектор (банк / брокер / страховая компания),Алматы,Не вижу разницы,"Корпоративные профили на специализированных платформах (LinkedIn, hh.kz и пр.)",2,-
384,rus,Да,Мужчина,22 - 26,3 - 6,Аналитика (бизнес аналитик / системный аналитик),Middle,Финансовый сектор (банк / брокер / страховая компания),Алматы,Не вижу разницы,"Рекомендации и отзывы сотрудников (нынешних или бывших), Личный опыт использования цифрового продукта или услуги компании, Репутация компании на рынке (обсуждение в чатах, пабликах, каналах)",5,Нет
385,rus,Нет,Мужчина,32 - 36,3 - 6,Продакт менеджмент,Senior,ИТ продуктовая компания,Алматы,Не вижу разницы,"Репутация компании на рынке (обсуждение в чатах, пабликах, каналах), Рекомендации и отзывы сотрудников (нынешних или бывших), Личный бренд основателя или руководителя компании",5,Да
386,rus,Да,Мужчина,37 - 41,7 - 10,Высший менеджмент (CEO/CIO/CTO/CMO/CPO/CISO/CTIO/CAIO/CDO),C-level (CEO + CEO-1),Разработка ПО | IT Outsourcing,Астана,Не вижу разницы,"Рекомендации и отзывы сотрудников (нынешних или бывших), Репутация компании на рынке (обсуждение в чатах, пабликах, каналах), Личный бренд основателя или руководителя компании",4,Нет
387,rus,Нет,Мужчина,22 - 26,3 - 6,Web-design | UX/UI,Middle,Строительство / Инжиниринг / Сервис,Астана,Не вижу разницы,"Официальный сайт компании, Личный бренд основателя или руководителя компании",5,Нет
388,kaz,Нет,Мужчина,32 - 36,11 - 14,AI | ML | VR/AR,Senior,ИТ продуктовая компания,Алматы,Не вижу разницы,"Реклама компании на профессиональных мероприятиях и митапах, Рекомендации и отзывы сотрудников (нынешних или бывших), Репутация компании на рынке (обсуждение в чатах, пабликах, каналах)",5,Нет
389,rus,Нет,Женщина,22 - 26,3 - 6,Backend разработка,Junior,ИТ продуктовая компания,Алматы,Не вижу разницы,"Рекомендации и отзывы сотрудников (нынешних или бывших), Впечатление от общения с HR или ИТ-рекрутером компании, Репутация компании на рынке (обсуждение в чатах, пабликах, каналах)",4,Да
390,rus,Нет,Мужчина,32 - 36,7 - 10,Продакт менеджмент,C-level (CEO + CEO-1),Разработка ПО | IT Outsourcing,Алматы,Не вижу разницы,"Репутация компании на рынке (обсуждение в чатах, пабликах, каналах), Реклама компании на профессиональных мероприятиях и митапах",4,Нет
391,kaz,Нет,Мужчина,37 - 41,15 - 19,ИТ архитектура,Senior,Финансовый сектор (банк / брокер / страховая компания),Алматы,Не вижу разницы,"Рейтинги, Репутация компании на рынке (обсуждение в чатах, пабликах, каналах), Впечатление от общения с HR или ИТ-рекрутером компании",3,Нет
392,rus,Нет,Мужчина,27 - 31,3 - 6,Backend разработка,Junior,Финансовый сектор (банк / брокер / страховая компания),Алматы,Хочу работать только на иностранную компанию (удаленно из Казахстана),"Рекомендации и отзывы сотрудников (нынешних или бывших), Репутация компании на рынке (обсуждение в чатах, пабликах, каналах), Личный опыт использования цифрового продукта или услуги компании",5,Нет
393,rus,Нет,Мужчина,42 - 46,Более 20 лет,Backend разработка,Team Lead,ИТ продуктовая компания,Алматы,Не вижу разницы,"Рекомендации и отзывы сотрудников (нынешних или бывших), Официальный сайт компании, Корпоративные профили на специализированных платформах (LinkedIn, hh.kz и пр.)",3,Да
394,rus,Нет,Мужчина,22 - 26,Менее 2 лет,Backend разработка,Middle,Fintech,Алматы,Хочу работать только на иностранную компанию (удаленно из Казахстана),"Рекомендации и отзывы сотрудников (нынешних или бывших), Личный опыт использования цифрового продукта или услуги компании, Впечатление от общения с HR или ИТ-рекрутером компании",4,Да
395,rus,Нет,Мужчина,32 - 36,7 - 10,Аналитика (бизнес аналитик / системный аналитик),Senior,Финансовый сектор (банк / брокер / страховая компания),Живу за пределами Казахстана,Хочу работать только на иностранную компанию (удаленно из Казахстана),"Корпоративные профили на специализированных платформах (LinkedIn, hh.kz и пр.), Репутация компании на рынке (обсуждение в чатах, пабликах, каналах), Рейтинги",3,Да
396,rus,Нет,Мужчина,32 - 36,7 - 10,DBA | администратор базы данных,Senior,Финансовый сектор (банк / брокер / страховая компания),Алматы,Хочу работать только на иностранную компанию (удаленно из Казахстана),"Репутация компании на рынке (обсуждение в чатах, пабликах, каналах), Рекомендации и отзывы сотрудников (нынешних или бывших)",2,-
397,rus,Нет,Мужчина,Старше 46,Более 20 лет,Высший менеджмент (CEO/CIO/CTO/CMO/CPO/CISO/CTIO/CAIO/CDO),C-level (CEO + CEO-1),Телекоммуникации,Алматы,Хочу работать только на иностранную компанию (удаленно из Казахстана),"Репутация компании на рынке (обсуждение в чатах, пабликах, каналах), Рейтинги, Впечатление от общения с HR или ИТ-рекрутером компании",3,Нет
398,rus,Да,Мужчина,27 - 31,7 - 10,Продакт менеджмент,Senior,E-commerce | Логистика,Живу за пределами Казахстана,Не вижу разницы,"Рекомендации и отзывы сотрудников (нынешних или бывших), Личный опыт использования цифрового продукта или услуги компании, Репутация компании на рынке (обсуждение в чатах, пабликах, каналах)",4,Да
399,rus,Нет,Мужчина,27 - 31,3 - 6,Backend разработка,Middle,Финансовый сектор (банк / брокер / страховая компания),Алматы,Только иностранная компания (в Казахстане),"Личный бренд основателя или руководителя компании, Рейтинги, Репутация компании на рынке (обсуждение в чатах, пабликах, каналах)",5,Да
400,rus,Нет,Женщина,27 - 31,3 - 6,Маркетинг | SMM | SEO,Middle,Разработка ПО | IT Outsourcing,Алматы,Не вижу разницы,"Репутация компании на рынке (обсуждение в чатах, пабликах, каналах), Впечатление от общения с HR или ИТ-рекрутером компании, Личный опыт использования цифрового продукта или услуги компании",3,Да
401,rus,Нет,Мужчина,27 - 31,3 - 6,Data Science | Аналитик данных,Senior,Финансовый сектор (банк / брокер / страховая компания),Алматы,Хочу работать только на иностранную компанию (удаленно из Казахстана),"Впечатление от общения с HR или ИТ-рекрутером компании, Рейтинги, Реклама компании на профессиональных мероприятиях и митапах",4,Да
402,rus,Нет,Мужчина,32 - 36,Менее 2 лет,Аналитика (бизнес аналитик / системный аналитик),Team Lead,Телекоммуникации,Астана,Не вижу разницы,"Рекомендации и отзывы сотрудников (нынешних или бывших), Репутация компании на рынке (обсуждение в чатах, пабликах, каналах), Официальный сайт компании",5,Нет
403,rus,Нет,Мужчина,37 - 41,7 - 10,Backend разработка,Team Lead,Fintech,Алматы,Не вижу разницы,"Рекомендации и отзывы сотрудников (нынешних или бывших), Личный бренд основателя или руководителя компании, Репутация компании на рынке (обсуждение в чатах, пабликах, каналах)",5,Да
404,rus,Нет,Мужчина,22 - 26,3 - 6,QA тестирование,Senior,Финансовый сектор (банк / брокер / страховая компания),Алматы,Хочу работать только на иностранную компанию (удаленно из Казахстана),"Впечатление от общения с HR или ИТ-рекрутером компании, Репутация компании на рынке (обсуждение в чатах, пабликах, каналах), Реклама компании на профессиональных мероприятиях и митапах",2,-
405,rus,Нет,Мужчина,22 - 26,3 - 6,QA тестирование,Middle,Fintech,Алматы,Не вижу разницы,"Рекомендации и отзывы сотрудников (нынешних или бывших), Репутация компании на рынке (обсуждение в чатах, пабликах, каналах), Впечатление от общения с HR или ИТ-рекрутером компании",5,Нет
406,rus,Нет,Женщина,22 - 26,3 - 6,QA тестирование,C-level,ИТ продуктовая компания,Алматы,Не вижу разницы,"Репутация компании на рынке (обсуждение в чатах, пабликах, каналах), Рекомендации и отзывы сотрудников (нынешних или бывших), Рейтинги",5,Да
407,rus,Нет,Женщина,27 - 31,7 - 10,Backend разработка,Senior,E-commerce | Логистика,Алматы,Только казахстанская компания,"Рекомендации и отзывы сотрудников (нынешних или бывших), Впечатление от общения с HR или ИТ-рекрутером компании",4,Нет
408,rus,Нет,Женщина,32 - 36,3 - 6,Backend разработка,Middle,E-commerce | Логистика,Алматы,Не вижу разницы,"Рейтинги, Репутация компании на рынке (обсуждение в чатах, пабликах, каналах), Впечатление от общения с HR или ИТ-рекрутером компании",5,Да
409,rus,Нет,Женщина,22 - 26,3 - 6,DevOps | Системное администрирование,Senior,ИТ продуктовая компания,Алматы,Только иностранная компания (в Казахстане),"Корпоративные профили на специализированных платформах (LinkedIn, hh.kz и пр.), Рейтинги, Репутация компании на рынке (обсуждение в чатах, пабликах, каналах)",5,Нет
410,rus,Нет,Мужчина,37 - 41,15 - 19,Высший менеджмент (CEO/CIO/CTO/CMO/CPO/CISO/CTIO/CAIO/CDO),C-level (CEO + CEO-1),Финансовый сектор (банк / брокер / страховая компания),Алматы,Не вижу разницы,"Репутация компании на рынке (обсуждение в чатах, пабликах, каналах), Рекомендации и отзывы сотрудников (нынешних или бывших), Личный опыт использования цифрового продукта или услуги компании",4,Нет
411,rus,Нет,Женщина,27 - 31,7 - 10,HR | ИТ подбор,C-level (CEO + CEO-1),Агрегатор / Платформа,Алматы,Не вижу разницы,Рекомендации и отзывы сотрудников (нынешних или бывших),5,Да
412,rus,Нет,Мужчина,37 - 41,11 - 14,Продакт менеджмент,C-level (CEO + CEO-1),E-commerce | Логистика,Алматы,Хочу работать только на иностранную компанию (удаленно из Казахстана),"Репутация компании на рынке (обсуждение в чатах, пабликах, каналах), Рекомендации и отзывы сотрудников (нынешних или бывших), Личный опыт использования цифрового продукта или услуги компании",5,Да
413,rus,Нет,Мужчина,37 - 41,15 - 19,DevOps | Системное администрирование,Team Lead,E-commerce | Логистика,Алматы,Не вижу разницы,"Впечатление от общения с HR или ИТ-рекрутером компании, Рекомендации и отзывы сотрудников (нынешних или бывших)",3,Нет
414,rus,Нет,Женщина,22 - 26,3 - 6,Web-design | UX/UI,Middle,ИТ продуктовая компания,Алматы,Не вижу разницы,"Рекомендации и отзывы сотрудников (нынешних или бывших), Впечатление от общения с HR или ИТ-рекрутером компании, Репутация компании на рынке (обсуждение в чатах, пабликах, каналах)",5,Да
415,rus,Да,Мужчина,32 - 36,11 - 14,Высший менеджмент (CEO/CIO/CTO/CMO/CPO/CISO/CTIO/CAIO/CDO),C-level (CEO + CEO-1),ИТ продуктовая компания,Астана,Только казахстанская компания,"Репутация компании на рынке (обсуждение в чатах, пабликах, каналах), Рекомендации и отзывы сотрудников (нынешних или бывших), Впечатление от общения с HR или ИТ-рекрутером компании",5,Да
416,rus,Нет,Мужчина,22 - 26,3 - 6,ИТ безопасность,Middle,ИТ продуктовая компания,Астана,Не вижу разницы,"Личный опыт использования цифрового продукта или услуги компании, Репутация компании на рынке (обсуждение в чатах, пабликах, каналах), Рейтинги",5,Нет
417,rus,Да,Женщина,22 - 26,Менее 2 лет,ИТ безопасность,Middle,ИТ продуктовая компания,Астана,Только казахстанская компания,"Репутация компании на рынке (обсуждение в чатах, пабликах, каналах), Рекомендации и отзывы сотрудников (нынешних или бывших), Впечатление от общения с HR или ИТ-рекрутером компании",5,Да
418,rus,Нет,Мужчина,22 - 26,3 - 6,Backend разработка,Senior,Разработка ПО | IT Outsourcing,Астана,Не вижу разницы,"Репутация компании на рынке (обсуждение в чатах, пабликах, каналах), Рекомендации и отзывы сотрудников (нынешних или бывших), Личный опыт использования цифрового продукта или услуги компании",3,Нет
419,rus,Нет,Мужчина,22 - 26,3 - 6,Backend разработка,Middle,Агрегатор / Платформа,Алматы,Только казахстанская компания,Личный бренд основателя или руководителя компании,5,Да
420,rus,Нет,Мужчина,27 - 31,7 - 10,Backend разработка,Senior,Разработка ПО | IT Outsourcing,Астана,Хочу работать только на иностранную компанию (удаленно из Казахстана),"Репутация компании на рынке (обсуждение в чатах, пабликах, каналах), Впечатление от общения с HR или ИТ-рекрутером компании, Рекомендации и отзывы сотрудников (нынешних или бывших)",4,Нет
421,rus,Нет,Мужчина,27 - 31,3 - 6,ИТ архитектура,Senior,Телекоммуникации,Астана,Не вижу разницы,"Впечатление от общения с HR или ИТ-рекрутером компании, Рейтинги, Личный опыт использования цифрового продукта или услуги компании",5,Нет
422,rus,Да,Мужчина,27 - 31,7 - 10,Data Science | Аналитик данных,Tribe Leader,ИТ продуктовая компания,Алматы,Не вижу разницы,"Личный бренд основателя или руководителя компании, Репутация компании на рынке (обсуждение в чатах, пабликах, каналах), Реклама компании на профессиональных мероприятиях и митапах",5,Да
423,rus,Нет,Мужчина,32 - 36,3 - 6,Data Science | Аналитик данных,Middle,Нефтегазовая / Химическая промышленность / Нефтесервис,Караганда,Не вижу разницы,"Рекомендации и отзывы сотрудников (нынешних или бывших), Впечатление от общения с HR или ИТ-рекрутером компании, Рейтинги",4,Нет
424,rus,Нет,Женщина,27 - 31,7 - 10,Проектный менеджмент,Team Lead,E-commerce | Логистика,Алматы,Только иностранная компания (в Казахстане),"Корпоративные профили на специализированных платформах (LinkedIn, hh.kz и пр.), Репутация компании на рынке (обсуждение в чатах, пабликах, каналах), Рекомендации и отзывы сотрудников (нынешних или бывших)",3,Да
425,rus,Нет,Мужчина,27 - 31,7 - 10,Высший менеджмент (CEO/CIO/CTO/CMO/CPO/CISO/CTIO/CAIO/CDO),C-level (CEO + CEO-1),Fintech,Алматы,Не вижу разницы,"Корпоративные профили на специализированных платформах (LinkedIn, hh.kz и пр.), Рекомендации и отзывы сотрудников (нынешних или бывших), Репутация компании на рынке (обсуждение в чатах, пабликах, каналах)",3,Да
426,rus,Нет,Женщина,Младше 21,Менее 2 лет,HR | ИТ подбор,Middle,Другое,Алматы,Не вижу разницы,Рейтинги,5,Да
427,rus,Да,Женщина,27 - 31,3 - 6,Проектный менеджмент,Middle,ИТ продуктовая компания,Алматы,Не вижу разницы,"Рекомендации и отзывы сотрудников (нынешних или бывших), Впечатление от общения с HR или ИТ-рекрутером компании, Личный бренд основателя или руководителя компании",5,Нет
428,rus,Нет,Женщина,22 - 26,3 - 6,Проектный менеджмент,Middle,Другое,Живу за пределами Казахстана,Не вижу разницы,"Репутация компании на рынке (обсуждение в чатах, пабликах, каналах), Корпоративные профили на специализированных платформах (LinkedIn, hh.kz и пр.), Реклама компании на профессиональных мероприятиях и митапах",5,Да
429,rus,Да,Женщина,22 - 26,3 - 6,HR | ИТ подбор,Middle,Разработка ПО | IT Outsourcing,Алматы,Только казахстанская компания,"Личный бренд основателя или руководителя компании, Рейтинги, Рекомендации и отзывы сотрудников (нынешних или бывших)",5,Нет
430,rus,Нет,Мужчина,37 - 41,15 - 19,ИТ архитектура,Middle,Телекоммуникации,Семей,Не вижу разницы,"Репутация компании на рынке (обсуждение в чатах, пабликах, каналах), Личный опыт использования цифрового продукта или услуги компании, Рекомендации и отзывы сотрудников (нынешних или бывших)",5,Да
431,rus,Да,Женщина,22 - 26,3 - 6,HR | ИТ подбор,Middle,Другое,Астана,Хочу работать только на иностранную компанию (удаленно из Казахстана),Впечатление от общения с HR или ИТ-рекрутером компании,5,Да
432,rus,Да,Женщина,37 - 41,11 - 14,QA тестирование,Senior,Fintech,Алматы,Не вижу разницы,"Рекомендации и отзывы сотрудников (нынешних или бывших), Репутация компании на рынке (обсуждение в чатах, пабликах, каналах), Впечатление от общения с HR или ИТ-рекрутером компании",5,Нет
433,rus,Нет,Мужчина,27 - 31,7 - 10,Продакт менеджмент,Team Lead,Агрегатор / Платформа,Алматы,Не вижу разницы,"Рекомендации и отзывы сотрудников (нынешних или бывших), Впечатление от общения с HR или ИТ-рекрутером компании",5,Да
434,rus,Да,Мужчина,37 - 41,11 - 14,Backend разработка,Middle,ИТ продуктовая компания,Санкт-Петербург,Не вижу разницы,Впечатление от общения с HR или ИТ-рекрутером компании,5,Нет
435,rus,Да,Мужчина,27 - 31,7 - 10,Мобильная разработка,Team Lead,Разработка ПО | IT Outsourcing,Живу за пределами Казахстана,Только иностранная компания (в Казахстане),"Впечатление от общения с HR или ИТ-рекрутером компании, Рекомендации и отзывы сотрудников (нынешних или бывших), Официальный сайт компании",4,Нет
436,rus,Нет,Мужчина,27 - 31,3 - 6,Проектный менеджмент,Team Lead,Телекоммуникации,Алматы,Не вижу разницы,"Репутация компании на рынке (обсуждение в чатах, пабликах, каналах), Рекомендации и отзывы сотрудников (нынешних или бывших)",4,Нет
437,rus,Да,Женщина,27 - 31,3 - 6,Frontend разработка,Junior,Другое,Алматы,Не вижу разницы,"Рекомендации и отзывы сотрудников (нынешних или бывших), Официальный сайт компании, Корпоративные профили на специализированных платформах (LinkedIn, hh.kz и пр.)",5,Да
438,rus,Нет,Мужчина,22 - 26,3 - 6,Проектный менеджмент,Middle,Разработка ПО | IT Outsourcing,Алматы,Не вижу разницы,"Репутация компании на рынке (обсуждение в чатах, пабликах, каналах), Рекомендации и отзывы сотрудников (нынешних или бывших), Впечатление от общения с HR или ИТ-рекрутером компании",4,Нет
439,rus,Нет,Мужчина,27 - 31,7 - 10,Аналитика (бизнес аналитик / системный аналитик),Senior,Финансовый сектор (банк / брокер / страховая компания),Живу за пределами Казахстана,Не вижу разницы,"Репутация компании на рынке (обсуждение в чатах, пабликах, каналах), Личный опыт использования цифрового продукта или услуги компании, Впечатление от общения с HR или ИТ-рекрутером компании",5,Нет
440,rus,Нет,Мужчина,27 - 31,7 - 10,Маркетинг | SMM | SEO,Team Lead,Разработка ПО | IT Outsourcing,Алматы,Не вижу разницы,"Официальный сайт компании, Репутация компании на рынке (обсуждение в чатах, пабликах, каналах), Личный опыт использования цифрового продукта или услуги компании",5,Да
441,rus,Нет,Мужчина,Младше 21,Менее 2 лет,Backend разработка,Junior,ИТ продуктовая компания,Алматы,Не вижу разницы,"Корпоративные профили на специализированных платформах (LinkedIn, hh.kz и пр.), Официальный сайт компании, Репутация компании на рынке (обсуждение в чатах, пабликах, каналах)",3,Нет
442,rus,Нет,Мужчина,27 - 31,7 - 10,Маркетинг | SMM | SEO,Team Lead,Агрегатор / Платформа,Алматы,Хочу работать только на иностранную компанию (удаленно из Казахстана),"Рекомендации и отзывы сотрудников (нынешних или бывших), Впечатление от общения с HR или ИТ-рекрутером компании, Репутация компании на рынке (обсуждение в чатах, пабликах, каналах)",3,Нет
443,rus,Нет,Женщина,22 - 26,Менее 2 лет,Аналитика (бизнес аналитик / системный аналитик),Middle,Fintech,Алматы,Не вижу разницы,"Впечатление от общения с HR или ИТ-рекрутером компании, Корпоративные профили на специализированных платформах (LinkedIn, hh.kz и пр.), Реклама компании на профессиональных мероприятиях и митапах",5,Да
444,rus,Нет,Мужчина,27 - 31,3 - 6,Проектный менеджмент,Middle,ИТ продуктовая компания,Алматы,Не вижу разницы,"Личный опыт использования цифрового продукта или услуги компании, Репутация компании на рынке (обсуждение в чатах, пабликах, каналах), Рекомендации и отзывы сотрудников (нынешних или бывших)",4,Да
445,rus,Нет,Женщина,22 - 26,3 - 6,Аналитика (бизнес аналитик / системный аналитик),Middle,Агрегатор / Платформа,Алматы,Не вижу разницы,"Рекомендации и отзывы сотрудников (нынешних или бывших), Впечатление от общения с HR или ИТ-рекрутером компании, Репутация компании на рынке (обсуждение в чатах, пабликах, каналах)",4,Нет
446,rus,Нет,Мужчина,32 - 36,3 - 6,Backend разработка,Team Lead,Разработка ПО | IT Outsourcing,Живу за пределами Казахстана,Не вижу разницы,Личный бренд основателя или руководителя компании,5,Да
447,rus,Нет,Мужчина,37 - 41,11 - 14,Backend разработка,Senior,E-commerce | Логистика,Алматы,Не вижу разницы,"Рекомендации и отзывы сотрудников (нынешних или бывших), Репутация компании на рынке (обсуждение в чатах, пабликах, каналах), Рейтинги",4,Нет
448,rus,Нет,Мужчина,27 - 31,3 - 6,Data Science | Аналитик данных,Middle,Другое,Астана,Только иностранная компания (в Казахстане),"Корпоративные профили на специализированных платформах (LinkedIn, hh.kz и пр.), Впечатление от общения с HR или ИТ-рекрутером компании, Репутация компании на рынке (обсуждение в чатах, пабликах, каналах)",1,-
449,rus,Да,Женщина,42 - 46,15 - 19,Аналитика (бизнес аналитик / системный аналитик),C-level,Финансовый сектор (банк / брокер / страховая компания),Алматы,Только казахстанская компания,"Репутация компании на рынке (обсуждение в чатах, пабликах, каналах), Рекомендации и отзывы сотрудников (нынешних или бывших), Рейтинги",4,Да
450,rus,Нет,Мужчина,37 - 41,7 - 10,Проектный менеджмент,Middle,Финансовый сектор (банк / брокер / страховая компания),Алматы,Не вижу разницы,Рейтинги,5,Нет
451,rus,Да,Мужчина,27 - 31,3 - 6,Frontend разработка,Middle,ИТ продуктовая компания,Алматы,Хочу работать только на иностранную компанию (удаленно из Казахстана),"Впечатление от общения с HR или ИТ-рекрутером компании, Реклама компании на профессиональных мероприятиях и митапах, Личный опыт использования цифрового продукта или услуги компании",4,Нет
452,rus,Нет,Женщина,22 - 26,Менее 2 лет,Data Science | Аналитик данных,Junior,Агрегатор / Платформа,Алматы,Не вижу разницы,"Корпоративные профили на специализированных платформах (LinkedIn, hh.kz и пр.), Официальный сайт компании, Личный опыт использования цифрового продукта или услуги компании",5,Нет
453,rus,Нет,Женщина,27 - 31,3 - 6,Аналитика (бизнес аналитик / системный аналитик),Middle,ИТ продуктовая компания,Алматы,Только иностранная компания (в Казахстане),Рекомендации и отзывы сотрудников (нынешних или бывших),5,Нет
454,rus,Нет,Мужчина,42 - 46,15 - 19,Аналитика (бизнес аналитик / системный аналитик),C-level,Телекоммуникации,Алматы,Не вижу разницы,"Впечатление от общения с HR или ИТ-рекрутером компании, Репутация компании на рынке (обсуждение в чатах, пабликах, каналах), Рейтинги",4,Да
455,rus,Да,Мужчина,32 - 36,3 - 6,Аналитика (бизнес аналитик / системный аналитик),Team Lead,Финансовый сектор (банк / брокер / страховая компания),Алматы,Хочу работать только на иностранную компанию (удаленно из Казахстана),"Репутация компании на рынке (обсуждение в чатах, пабликах, каналах), Впечатление от общения с HR или ИТ-рекрутером компании, Рейтинги",1,-
456,rus,Нет,Мужчина,22 - 26,3 - 6,Мобильная разработка,Senior,Fintech,Живу за пределами Казахстана,Не вижу разницы,"Репутация компании на рынке (обсуждение в чатах, пабликах, каналах)",5,Нет
457,rus,Нет,Мужчина,Старше 46,Более 20 лет,DevOps | Системное администрирование,Senior,Финансовый сектор (банк / брокер / страховая компания),Алматы,Не вижу разницы,Рекомендации и отзывы сотрудников (нынешних или бывших),5,Нет
458,rus,Да,Женщина,32 - 36,11 - 14,Высший менеджмент (CEO/CIO/CTO/CMO/CPO/CISO/CTIO/CAIO/CDO),C-level,Другое,Алматы,Только иностранная компания (в Казахстане),"Репутация компании на рынке (обсуждение в чатах, пабликах, каналах), Рекомендации и отзывы сотрудников (нынешних или бывших), Корпоративные профили на специализированных платформах (LinkedIn, hh.kz и пр.)",3,Да
459,rus,Нет,Мужчина,37 - 41,7 - 10,Аналитика (бизнес аналитик / системный аналитик),Senior,Fintech,Алматы,Только казахстанская компания,"Рекомендации и отзывы сотрудников (нынешних или бывших), Впечатление от общения с HR или ИТ-рекрутером компании, Личный опыт использования цифрового продукта или услуги компании",4,Да
460,rus,Да,Мужчина,32 - 36,3 - 6,QA тестирование,Senior,Финансовый сектор (банк / брокер / страховая компания),Москва,Не вижу разницы,"Впечатление от общения с HR или ИТ-рекрутером компании, Рекомендации и отзывы сотрудников (нынешних или бывших), Репутация компании на рынке (обсуждение в чатах, пабликах, каналах)",5,Нет
461,rus,Нет,Мужчина,27 - 31,3 - 6,Продакт менеджмент,C-level,Другое,Астана,Не вижу разницы,"Репутация компании на рынке (обсуждение в чатах, пабликах, каналах), Рекомендации и отзывы сотрудников (нынешних или бывших), Корпоративные профили на специализированных платформах (LinkedIn, hh.kz и пр.)",4,Нет
462,rus,Да,Женщина,37 - 41,7 - 10,Высший менеджмент (CEO/CIO/CTO/CMO/CPO/CISO/CTIO/CAIO/CDO),C-level,ИТ продуктовая компания,Алматы,Не вижу разницы,"Впечатление от общения с HR или ИТ-рекрутером компании, Рейтинги, Рекомендации и отзывы сотрудников (нынешних или бывших)",4,Да
463,rus,Нет,Женщина,22 - 26,3 - 6,Аналитика (бизнес аналитик / системный аналитик),Senior,Fintech,Алматы,Не вижу разницы,"Репутация компании на рынке (обсуждение в чатах, пабликах, каналах), Личный бренд основателя или руководителя компании, Рекомендации и отзывы сотрудников (нынешних или бывших)",1,-
464,rus,Нет,Женщина,22 - 26,3 - 6,QA тестирование,Senior,Финансовый сектор (банк / брокер / страховая компания),Алматы,Не вижу разницы,"Репутация компании на рынке (обсуждение в чатах, пабликах, каналах), Корпоративные профили на специализированных платформах (LinkedIn, hh.kz и пр.), Рекомендации и отзывы сотрудников (нынешних или бывших)",5,Нет
465,rus,Нет,Мужчина,27 - 31,3 - 6,Проектный менеджмент,Team Lead,E-commerce | Логистика,Алматы,Не вижу разницы,Рейтинги,5,Нет
466,rus,Нет,Женщина,37 - 41,3 - 6,Data Science | Аналитик данных,Senior,E-commerce | Логистика,Алматы,Не вижу разницы,"Впечатление от общения с HR или ИТ-рекрутером компании, Репутация компании на рынке (обсуждение в чатах, пабликах, каналах)",5,Нет
467,rus,Да,Мужчина,27 - 31,3 - 6,Высший менеджмент (CEO/CIO/CTO/CMO/CPO/CISO/CTIO/CAIO/CDO),C-level,Fintech,Астана,Только казахстанская компания,"Рекомендации и отзывы сотрудников (нынешних или бывших), Репутация компании на рынке (обсуждение в чатах, пабликах, каналах), Рейтинги",5,Нет
468,rus,Нет,Мужчина,Младше 21,3 - 6,Мобильная разработка,Middle,ИТ продуктовая компания,Алматы,Не вижу разницы,Впечатление от общения с HR или ИТ-рекрутером компании,5,Нет
469,rus,Нет,Женщина,27 - 31,7 - 10,Маркетинг | SMM | SEO,Senior,Образование / EdTech,Астана,Хочу работать только на иностранную компанию (удаленно из Казахстана),"Репутация компании на рынке (обсуждение в чатах, пабликах, каналах), Рекомендации и отзывы сотрудников (нынешних или бывших), Официальный сайт компании",4,Да
470,rus,Нет,Женщина,32 - 36,Менее 2 лет,Аналитика (бизнес аналитик / системный аналитик),Junior,Fintech,Алматы,Не вижу разницы,"Впечатление от общения с HR или ИТ-рекрутером компании, Рейтинги, Репутация компании на рынке (обсуждение в чатах, пабликах, каналах)",5,Да
471,rus,Нет,Мужчина,Старше 46,Более 20 лет,ИТ архитектура,Senior,Финансовый сектор (банк / брокер / страховая компания),Алматы,Не вижу разницы,"Рекомендации и отзывы сотрудников (нынешних или бывших), Впечатление от общения с HR или ИТ-рекрутером компании, Репутация компании на рынке (обсуждение в чатах, пабликах, каналах)",4,Нет
472,rus,Да,Женщина,27 - 31,7 - 10,HR | ИТ подбор,Team Lead,Разработка ПО | IT Outsourcing,Алматы,Не вижу разницы,"Репутация компании на рынке (обсуждение в чатах, пабликах, каналах), Рекомендации и отзывы сотрудников (нынешних или бывших), Корпоративные профили на специализированных платформах (LinkedIn, hh.kz и пр.)",3,Нет
473,rus,Да,Женщина,32 - 36,3 - 6,HR | ИТ подбор,Senior,Телекоммуникации,Алматы,Только казахстанская компания,"Корпоративные профили на специализированных платформах (LinkedIn, hh.kz и пр.), Рекомендации и отзывы сотрудников (нынешних или бывших), Репутация компании на рынке (обсуждение в чатах, пабликах, каналах)",5,Да
474,rus,Нет,Мужчина,22 - 26,3 - 6,Data Science | Аналитик данных,Junior,Fintech,Астана,Не вижу разницы,"Репутация компании на рынке (обсуждение в чатах, пабликах, каналах), Рекомендации и отзывы сотрудников (нынешних или бывших), Рейтинги",4,Да
475,rus,Да,Женщина,Младше 21,Менее 2 лет,Маркетинг | SMM | SEO,Junior,Fintech,Алматы,Только иностранная компания (в Казахстане),"Рекомендации и отзывы сотрудников (нынешних или бывших), Репутация компании на рынке (обсуждение в чатах, пабликах, каналах), Реклама компании на профессиональных мероприятиях и митапах",5,Да
476,rus,Нет,Мужчина,27 - 31,7 - 10,Backend разработка,Middle,Строительство / Инжиниринг / Сервис,Астана,Только казахстанская компания,"Репутация компании на рынке (обсуждение в чатах, пабликах, каналах), Рейтинги, Впечатление от общения с HR или ИТ-рекрутером компании",4,Да
477,rus,Нет,Женщина,32 - 36,7 - 10,Проектный менеджмент,Senior,E-commerce | Логистика,Алматы,Не вижу разницы,"Репутация компании на рынке (обсуждение в чатах, пабликах, каналах), Личный опыт использования цифрового продукта или услуги компании, Официальный сайт компании",4,Да
478,rus,Нет,Женщина,27 - 31,3 - 6,Маркетинг | SMM | SEO,Senior,Другое,Алматы,Не вижу разницы,"Личный опыт использования цифрового продукта или услуги компании, Рекомендации и отзывы сотрудников (нынешних или бывших), Впечатление от общения с HR или ИТ-рекрутером компании",2,-
479,rus,Нет,Женщина,32 - 36,3 - 6,HR | ИТ подбор,Senior,Финансовый сектор (банк / брокер / страховая компания),Алматы,Не вижу разницы,"Рекомендации и отзывы сотрудников (нынешних или бывших), Репутация компании на рынке (обсуждение в чатах, пабликах, каналах), Рейтинги",5,Да
480,rus,Нет,Мужчина,27 - 31,3 - 6,Data Science | Аналитик данных,Middle,Машиностроительство / Автоиндустрия,Алматы,Хочу работать только на иностранную компанию (удаленно из Казахстана),"Репутация компании на рынке (обсуждение в чатах, пабликах, каналах), Рекомендации и отзывы сотрудников (нынешних или бывших), Личный бренд основателя или руководителя компании",1,-
481,rus,Да,Женщина,22 - 26,3 - 6,HR | ИТ подбор,Senior,Fintech,Алматы,Хочу работать только на иностранную компанию (удаленно из Казахстана),"Репутация компании на рынке (обсуждение в чатах, пабликах, каналах), Рейтинги, Впечатление от общения с HR или ИТ-рекрутером компании",5,Да
482,rus,Нет,Мужчина,Старше 46,Более 20 лет,ИТ архитектура,Senior,ИТ продуктовая компания,Алматы,Хочу работать только на иностранную компанию (удаленно из Казахстана),"Рекомендации и отзывы сотрудников (нынешних или бывших), Репутация компании на рынке (обсуждение в чатах, пабликах, каналах), Рейтинги",4,Да
483,rus,Нет,Мужчина,Старше 46,Менее 2 лет,ИТ архитектура,C-level,Финансовый сектор (банк / брокер / страховая компания),Алматы,Не вижу разницы,"Рейтинги, Рекомендации и отзывы сотрудников (нынешних или бывших), Репутация компании на рынке (обсуждение в чатах, пабликах, каналах)",5,Да
484,rus,Да,Мужчина,32 - 36,3 - 6,Продакт менеджмент,Senior,Телекоммуникации,Алматы,Не вижу разницы,"Рейтинги, Репутация компании на рынке (обсуждение в чатах, пабликах, каналах), Личный опыт использования цифрового продукта или услуги компании",5,Нет
485,rus,Нет,Мужчина,Младше 21,Менее 2 лет,AI | ML | VR/AR,Junior,Разработка ПО | IT Outsourcing,Алматы,Не вижу разницы,"Рекомендации и отзывы сотрудников (нынешних или бывших), Впечатление от общения с HR или ИТ-рекрутером компании, Рейтинги",4,Нет
486,rus,Нет,Мужчина,22 - 26,3 - 6,QA тестирование,Junior,ИТ продуктовая компания,Алматы,Хочу работать только на иностранную компанию (удаленно из Казахстана),"Личный опыт использования цифрового продукта или услуги компании, Рекомендации и отзывы сотрудников (нынешних или бывших), Впечатление от общения с HR или ИТ-рекрутером компании",5,Нет
487,rus,Нет,Мужчина,32 - 36,11 - 14,Высший менеджмент (CEO/CIO/CTO/CMO/CPO/CISO/CTIO/CAIO/CDO),C-level,Телекоммуникации,Алматы,Не вижу разницы,"Впечатление от общения с HR или ИТ-рекрутером компании, Личный бренд основателя или руководителя компании, Рекомендации и отзывы сотрудников (нынешних или бывших)",5,Нет
488,kaz,Да,Женщина,22 - 26,3 - 6,Data Science | Аналитик данных,Senior,Fintech,Алматы,Не вижу разницы,"Репутация компании на рынке (обсуждение в чатах, пабликах, каналах), Личный бренд основателя или руководителя компании, Личный опыт использования цифрового продукта или услуги компании",4,Да
489,rus,Нет,Женщина,37 - 41,Менее 2 лет,Аналитика (бизнес аналитик / системный аналитик),Junior,Телекоммуникации,Алматы,Не вижу разницы,"Рекомендации и отзывы сотрудников (нынешних или бывших), Впечатление от общения с HR или ИТ-рекрутером компании, Репутация компании на рынке (обсуждение в чатах, пабликах, каналах)",5,Да
490,kaz,Нет,Мужчина,27 - 31,3 - 6,Backend разработка,Senior,ИТ продуктовая компания,Алматы,Не вижу разницы,"Репутация компании на рынке (обсуждение в чатах, пабликах, каналах), Рекомендации и отзывы сотрудников (нынешних или бывших), Рейтинги",4,Нет
491,rus,Нет,Мужчина,42 - 46,11 - 14,Продакт менеджмент,Team Lead,ИТ продуктовая компания,Караганда,Хочу работать только на иностранную компанию (удаленно из Казахстана),"Репутация компании на рынке (обсуждение в чатах, пабликах, каналах), Рекомендации и отзывы сотрудников (нынешних или бывших), Личный опыт использования цифрового продукта или услуги компании",4,Нет
492,rus,Нет,Мужчина,37 - 41,11 - 14,Аналитика (бизнес аналитик / системный аналитик),Team Lead,ИТ продуктовая компания,Алматы,Не вижу разницы,"Официальный сайт компании, Личный опыт использования цифрового продукта или услуги компании, Впечатление от общения с HR или ИТ-рекрутером компании",3,Да
493,rus,Нет,Мужчина,27 - 31,3 - 6,AI | ML | VR/AR,Middle,Агрегатор / Платформа,Астана,Не вижу разницы,"Рейтинги, Личный бренд основателя или руководителя компании, Рекомендации и отзывы сотрудников (нынешних или бывших)",4,Да
494,rus,Нет,Женщина,32 - 36,11 - 14,Backend разработка,Team Lead,Нефтегазовая / Химическая промышленность / Нефтесервис,Атырау,Не вижу разницы,"Рекомендации и отзывы сотрудников (нынешних или бывших), Личный опыт использования цифрового продукта или услуги компании, Репутация компании на рынке (обсуждение в чатах, пабликах, каналах)",3,Да
495,rus,Нет,Мужчина,27 - 31,7 - 10,DevOps | Системное администрирование,Senior,ИТ продуктовая компания,Алматы,Не вижу разницы,"Рейтинги, Репутация компании на рынке (обсуждение в чатах, пабликах, каналах), Личный опыт использования цифрового продукта или услуги компании",4,Да
496,rus,Нет,Мужчина,32 - 36,3 - 6,ИТ безопасность,Junior,Другое,Алматы,Не вижу разницы,"Впечатление от общения с HR или ИТ-рекрутером компании, Личный бренд основателя или руководителя компании, Рейтинги",5,Да
497,rus,Нет,Мужчина,27 - 31,7 - 10,Продакт менеджмент,Team Lead,ИТ продуктовая компания,Алматы,Не вижу разницы,"Рекомендации и отзывы сотрудников (нынешних или бывших), Репутация компании на рынке (обсуждение в чатах, пабликах, каналах), Официальный сайт компании",4,Да
498,rus,Нет,Мужчина,27 - 31,3 - 6,Проектный менеджмент,Senior,E-commerce | Логистика,Алматы,Хочу работать только на иностранную компанию (удаленно из Казахстана),"Рейтинги, Рекомендации и отзывы сотрудников (нынешних или бывших), Впечатление от общения с HR или ИТ-рекрутером компании",3,Да
499,rus,Нет,Мужчина,42 - 46,11 - 14,Продакт менеджмент,Senior,Финансовый сектор (банк / брокер / страховая компания),Алматы,Не вижу разницы,Рекомендации и отзывы сотрудников (нынешних или бывших),5,Да
500,rus,Нет,Мужчина,22 - 26,Менее 2 лет,Data Science | Аналитик данных,Middle,Телекоммуникации,Алматы,Не вижу разницы,"Репутация компании на рынке (обсуждение в чатах, пабликах, каналах), Личный опыт использования цифрового продукта или услуги компании, Рекомендации и отзывы сотрудников (нынешних или бывших)",5,Да
501,rus,Нет,Женщина,Младше 21,Менее 2 лет,Frontend разработка,Junior,Разработка ПО | IT Outsourcing,Алматы,Не вижу разницы,"Корпоративные профили на специализированных платформах (LinkedIn, hh.kz и пр.), Впечатление от общения с HR или ИТ-рекрутером компании, Реклама компании на профессиональных мероприятиях и митапах",4,Нет
502,rus,Нет,Мужчина,27 - 31,3 - 6,Проектный менеджмент,Middle,Строительство / Инжиниринг / Сервис,Караганда,Только иностранная компания (в Казахстане),"Официальный сайт компании, Впечатление от общения с HR или ИТ-рекрутером компании, Рекомендации и отзывы сотрудников (нынешних или бывших)",3,Нет
503,rus,Да,Женщина,22 - 26,7 - 10,HR | ИТ подбор,Senior,Fintech,Алматы,Не вижу разницы,"Репутация компании на рынке (обсуждение в чатах, пабликах, каналах), Официальный сайт компании, Корпоративные профили на специализированных платформах (LinkedIn, hh.kz и пр.)",5,Да
504,rus,Нет,Мужчина,37 - 41,15 - 19,Проектный менеджмент,Team Lead,Телекоммуникации,Караганда,Только иностранная компания (в Казахстане),"Рекомендации и отзывы сотрудников (нынешних или бывших), Впечатление от общения с HR или ИТ-рекрутером компании, Рейтинги",4,Да
505,rus,Да,Мужчина,27 - 31,3 - 6,Data Science | Аналитик данных,Team Lead,Финансовый сектор (банк / брокер / страховая компания),Астана,Хочу работать только на иностранную компанию (удаленно из Казахстана),"Впечатление от общения с HR или ИТ-рекрутером компании, Репутация компании на рынке (обсуждение в чатах, пабликах, каналах), Рекомендации и отзывы сотрудников (нынешних или бывших)",5,Нет
506,rus,Нет,Мужчина,22 - 26,3 - 6,Продакт менеджмент,Senior,E-commerce | Логистика,Алматы,Только казахстанская компания,"Рейтинги, Репутация компании на рынке (обсуждение в чатах, пабликах, каналах), Личный опыт использования цифрового продукта или услуги компании",5,Нет
507,rus,Нет,Мужчина,42 - 46,11 - 14,Проектный менеджмент,C-level,Разработка ПО | IT Outsourcing,Алматы,Не вижу разницы,"Рейтинги, Впечатление от общения с HR или ИТ-рекрутером компании, Рекомендации и отзывы сотрудников (нынешних или бывших)",3,Нет
508,rus,Да,Женщина,32 - 36,3 - 6,Web-design | UX/UI,Senior,Fintech,Алматы,Хочу работать только на иностранную компанию (удаленно из Казахстана),"Репутация компании на рынке (обсуждение в чатах, пабликах, каналах), Впечатление от общения с HR или ИТ-рекрутером компании, Рекомендации и отзывы сотрудников (нынешних или бывших)",5,Да
509,rus,Нет,Женщина,37 - 41,3 - 6,HR | ИТ подбор,Senior,Разработка ПО | IT Outsourcing,Атырау,Не вижу разницы,"Репутация компании на рынке (обсуждение в чатах, пабликах, каналах), Впечатление от общения с HR или ИТ-рекрутером компании, Личный опыт использования цифрового продукта или услуги компании",5,Нет
510,rus,Нет,Мужчина,27 - 31,7 - 10,DevOps | Системное администрирование,Middle,ИТ продуктовая компания,Астана,Хочу работать только на иностранную компанию (удаленно из Казахстана),"Рекомендации и отзывы сотрудников (нынешних или бывших), Впечатление от общения с HR или ИТ-рекрутером компании, Репутация компании на рынке (обсуждение в чатах, пабликах, каналах)",4,Нет
511,rus,Нет,Женщина,22 - 26,3 - 6,Продакт менеджмент,Senior,Финансовый сектор (банк / брокер / страховая компания),Алматы,Только иностранная компания (в Казахстане),"Впечатление от общения с HR или ИТ-рекрутером компании, Корпоративные профили на специализированных платформах (LinkedIn, hh.kz и пр.), Рекомендации и отзывы сотрудников (нынешних или бывших)",4,Нет
512,rus,Нет,Мужчина,22 - 26,Менее 2 лет,Продакт менеджмент,Junior,E-commerce | Логистика,Алматы,Не вижу разницы,"Рекомендации и отзывы сотрудников (нынешних или бывших), Корпоративные профили на специализированных платформах (LinkedIn, hh.kz и пр.), Впечатление от общения с HR или ИТ-рекрутером компании",5,Да
513,rus,Да,Мужчина,37 - 41,15 - 19,AI | ML | VR/AR,Team Lead,Телекоммуникации,Алматы,Не вижу разницы,"Репутация компании на рынке (обсуждение в чатах, пабликах, каналах), Рекомендации и отзывы сотрудников (нынешних или бывших), Рейтинги",5,Да
514,rus,Да,Женщина,27 - 31,3 - 6,Web-design | UX/UI,Middle,Другое,Алматы,Не вижу разницы,"Личный опыт использования цифрового продукта или услуги компании, Рекомендации и отзывы сотрудников (нынешних или бывших)",4,Нет
515,rus,Нет,Женщина,27 - 31,Менее 2 лет,Аналитика (бизнес аналитик / системный аналитик),Junior,Финансовый сектор (банк / брокер / страховая компания),Алматы,Хочу работать только на иностранную компанию (удаленно из Казахстана),"Рекомендации и отзывы сотрудников (нынешних или бывших), Репутация компании на рынке (обсуждение в чатах, пабликах, каналах), Впечатление от общения с HR или ИТ-рекрутером компании",4,Нет
516,rus,Да,Женщина,37 - 41,3 - 6,Проектный менеджмент,Team Lead,Телекоммуникации,Алматы,Только иностранная компания (в Казахстане),"Репутация компании на рынке (обсуждение в чатах, пабликах, каналах)",5,Нет
517,rus,Нет,Мужчина,27 - 31,7 - 10,Backend разработка,Senior,Телекоммуникации,Алматы,Не вижу разницы,"Рейтинги, Впечатление от общения с HR или ИТ-рекрутером компании, Рекомендации и отзывы сотрудников (нынешних или бывших)",5,Да
518,rus,Нет,Мужчина,22 - 26,3 - 6,Продакт менеджмент,Middle,Телекоммуникации,Алматы,Не вижу разницы,"Впечатление от общения с HR или ИТ-рекрутером компании, Личный опыт использования цифрового продукта или услуги компании, Рекомендации и отзывы сотрудников (нынешних или бывших)",5,Да
519,rus,Да,Мужчина,27 - 31,3 - 6,QA тестирование,Senior,Телекоммуникации,Астана,Хочу работать только на иностранную компанию (удаленно из Казахстана),"Рекомендации и отзывы сотрудников (нынешних или бывших), Репутация компании на рынке (обсуждение в чатах, пабликах, каналах), Рейтинги",3,Да
520,rus,Да,Мужчина,32 - 36,Менее 2 лет,ИТ безопасность,Team Lead,Разработка ПО | IT Outsourcing,Астана,Не вижу разницы,"Рекомендации и отзывы сотрудников (нынешних или бывших), Репутация компании на рынке (обсуждение в чатах, пабликах, каналах), Впечатление от общения с HR или ИТ-рекрутером компании",5,Да
521,rus,Да,Женщина,27 - 31,3 - 6,Web-design | UX/UI,Middle,Телекоммуникации,Алматы,Не вижу разницы,"Репутация компании на рынке (обсуждение в чатах, пабликах, каналах), Личный опыт использования цифрового продукта или услуги компании",4,Нет
522,rus,Да,Мужчина,42 - 46,15 - 19,Высший менеджмент (CEO/CIO/CTO/CMO/CPO/CISO/CTIO/CAIO/CDO),C-level (CEO + CEO-1),ИТ продуктовая компания,Алматы,Не вижу разницы,"Рекомендации и отзывы сотрудников (нынешних или бывших), Репутация компании на рынке (обсуждение в чатах, пабликах, каналах), Личный опыт использования цифрового продукта или услуги компании",4,Нет
523,rus,Да,Мужчина,32 - 36,11 - 14,Backend разработка,Senior,Телекоммуникации,Алматы,Не вижу разницы,"Репутация компании на рынке (обсуждение в чатах, пабликах, каналах), Рейтинги, Реклама компании на профессиональных мероприятиях и митапах",4,Да
524,rus,Да,Мужчина,37 - 41,7 - 10,Backend разработка,Tribe Leader,ИТ продуктовая компания,Алматы,Не вижу разницы,"Рекомендации и отзывы сотрудников (нынешних или бывших), Репутация компании на рынке (обсуждение в чатах, пабликах, каналах)",4,Нет
525,rus,Да,Женщина,22 - 26,3 - 6,HR | ИТ подбор,Senior,Телекоммуникации,Алматы,Не вижу разницы,"Рекомендации и отзывы сотрудников (нынешних или бывших), Впечатление от общения с HR или ИТ-рекрутером компании, Рейтинги",4,Нет
526,rus,Нет,Мужчина,32 - 36,11 - 14,ИТ безопасность,Senior,Телекоммуникации,Алматы,Не вижу разницы,"Репутация компании на рынке (обсуждение в чатах, пабликах, каналах), Личный бренд основателя или руководителя компании, Рекомендации и отзывы сотрудников (нынешних или бывших)",5,Да
527,rus,Нет,Женщина,27 - 31,7 - 10,Backend разработка,Senior,Телекоммуникации,Астана,Не вижу разницы,"Репутация компании на рынке (обсуждение в чатах, пабликах, каналах), Рекомендации и отзывы сотрудников (нынешних или бывших), Рейтинги",4,Нет
528,rus,Нет,Женщина,37 - 41,3 - 6,HR | ИТ подбор,Senior,Финансовый сектор (банк / брокер / страховая компания),Алматы,Не вижу разницы,"Репутация компании на рынке (обсуждение в чатах, пабликах, каналах), Рейтинги, Впечатление от общения с HR или ИТ-рекрутером компании",3,Нет
529,rus,Нет,Мужчина,27 - 31,7 - 10,DevOps | Системное администрирование,Senior,Образование / EdTech,Алматы,Хочу работать только на иностранную компанию (удаленно из Казахстана),"Репутация компании на рынке (обсуждение в чатах, пабликах, каналах), Личный опыт использования цифрового продукта или услуги компании, Личный бренд основателя или руководителя компании",3,Да
530,rus,Нет,Мужчина,37 - 41,7 - 10,Frontend разработка,Senior,Разработка ПО | IT Outsourcing,Алматы,Не вижу разницы,"Репутация компании на рынке (обсуждение в чатах, пабликах, каналах), Рекомендации и отзывы сотрудников (нынешних или бывших), Рейтинги",5,Нет
531,rus,Нет,Мужчина,32 - 36,11 - 14,Backend разработка,Team Lead,Телекоммуникации,Алматы,Только казахстанская компания,"Репутация компании на рынке (обсуждение в чатах, пабликах, каналах), Рекомендации и отзывы сотрудников (нынешних или бывших), Рейтинги",3,Нет
532,rus,Нет,Женщина,27 - 31,3 - 6,Аналитика (бизнес аналитик / системный аналитик),Middle,Телекоммуникации,Алматы,Не вижу разницы,"Репутация компании на рынке (обсуждение в чатах, пабликах, каналах), Личный опыт использования цифрового продукта или услуги компании, Рекомендации и отзывы сотрудников (нынешних или бывших)",4,Да
533,rus,Нет,Мужчина,32 - 36,11 - 14,AI | ML | VR/AR,Tribe Leader,ИТ продуктовая компания,Астана,Не вижу разницы,"Рекомендации и отзывы сотрудников (нынешних или бывших), Рейтинги",4,Да
534,kaz,Нет,Мужчина,32 - 36,11 - 14,Backend разработка,Senior,ИТ продуктовая компания,Алматы,Не вижу разницы,"Рекомендации и отзывы сотрудников (нынешних или бывших), Впечатление от общения с HR или ИТ-рекрутером компании, Репутация компании на рынке (обсуждение в чатах, пабликах, каналах)",5,Да
535,rus,Да,Мужчина,32 - 36,3 - 6,QA тестирование,Middle,ИТ продуктовая компания,Кокшетау,Не вижу разницы,"Репутация компании на рынке (обсуждение в чатах, пабликах, каналах), Рекомендации и отзывы сотрудников (нынешних или бывших), Личный опыт использования цифрового продукта или услуги компании",4,Да
536,rus,Нет,Женщина,42 - 46,3 - 6,Data Science | Аналитик данных,Middle,Телекоммуникации,Алматы,Хочу работать только на иностранную компанию (удаленно из Казахстана),"Впечатление от общения с HR или ИТ-рекрутером компании, Рекомендации и отзывы сотрудников (нынешних или бывших), Рейтинги",5,Нет
537,rus,Нет,Мужчина,27 - 31,3 - 6,Data Science | Аналитик данных,Middle,Телекоммуникации,Алматы,Не вижу разницы,"Рейтинги, Корпоративные профили на специализированных платформах (LinkedIn, hh.kz и пр.), Репутация компании на рынке (обсуждение в чатах, пабликах, каналах)",4,Нет
538,rus,Нет,Мужчина,32 - 36,15 - 19,DevOps | Системное администрирование,Senior,Телекоммуникации,Астана,Не вижу разницы,"Корпоративные профили на специализированных платформах (LinkedIn, hh.kz и пр.), Рекомендации и отзывы сотрудников (нынешних или бывших), Рейтинги",4,Да
539,rus,Да,Мужчина,32 - 36,7 - 10,Web-design | UX/UI,Team Lead,Другое,Алматы,Не вижу разницы,"Репутация компании на рынке (обсуждение в чатах, пабликах, каналах), Личный бренд основателя или руководителя компании, Впечатление от общения с HR или ИТ-рекрутером компании",4,Да
540,rus,Нет,Мужчина,37 - 41,3 - 6,Аналитика (бизнес аналитик / системный аналитик),Middle,Агрегатор / Платформа,Астана,Не вижу разницы,"Репутация компании на рынке (обсуждение в чатах, пабликах, каналах), Впечатление от общения с HR или ИТ-рекрутером компании, Рекомендации и отзывы сотрудников (нынешних или бывших)",5,Нет
541,rus,Нет,Женщина,32 - 36,11 - 14,Аналитика (бизнес аналитик / системный аналитик),Senior,E-commerce | Логистика,Астана,Не вижу разницы,"Впечатление от общения с HR или ИТ-рекрутером компании, Личный опыт использования цифрового продукта или услуги компании, Рекомендации и отзывы сотрудников (нынешних или бывших)",5,Да
542,rus,Нет,Женщина,27 - 31,Менее 2 лет,QA тестирование,Junior,Финансовый сектор (банк / брокер / страховая компания),Алматы,Не вижу разницы,"Рейтинги, Впечатление от общения с HR или ИТ-рекрутером компании, Рекомендации и отзывы сотрудников (нынешних или бывших)",5,Да
543,rus,Да,Мужчина,22 - 26,3 - 6,Backend разработка,Middle,ИТ продуктовая компания,Алматы,Хочу работать только на иностранную компанию (удаленно из Казахстана),"Рекомендации и отзывы сотрудников (нынешних или бывших), Репутация компании на рынке (обсуждение в чатах, пабликах, каналах), Рейтинги",5,Нет
544,rus,Нет,Мужчина,Старше 46,Более 20 лет,Data Science | Аналитик данных,Middle,Телекоммуникации,Караганда,Не вижу разницы,"Рекомендации и отзывы сотрудников (нынешних или бывших), Репутация компании на рынке (обсуждение в чатах, пабликах, каналах), Впечатление от общения с HR или ИТ-рекрутером компании",4,Нет
545,rus,Нет,Мужчина,27 - 31,3 - 6,Продакт менеджмент,Middle,Телекоммуникации,Алматы,Хочу работать только на иностранную компанию (удаленно из Казахстана),"Рекомендации и отзывы сотрудников (нынешних или бывших), Репутация компании на рынке (обсуждение в чатах, пабликах, каналах), Личный бренд основателя или руководителя компании",5,Да
546,rus,Нет,Мужчина,32 - 36,15 - 19,Высший менеджмент (CEO/CIO/CTO/CMO/CPO/CISO/CTIO/CAIO/CDO),C-level (CEO + CEO-1),Финансовый сектор (банк / брокер / страховая компания),Алматы,Не вижу разницы,"Личный бренд основателя или руководителя компании, Репутация компании на рынке (обсуждение в чатах, пабликах, каналах), Впечатление от общения с HR или ИТ-рекрутером компании",5,Да
547,rus,Нет,Женщина,27 - 31,3 - 6,Продакт менеджмент,Middle,E-commerce | Логистика,Алматы,Хочу работать только на иностранную компанию (удаленно из Казахстана),"Впечатление от общения с HR или ИТ-рекрутером компании, Рекомендации и отзывы сотрудников (нынешних или бывших), Репутация компании на рынке (обсуждение в чатах, пабликах, каналах)",4,Да
548,rus,Да,Мужчина,37 - 41,7 - 10,Продакт менеджмент,Senior,ИТ продуктовая компания,Алматы,Не вижу разницы,"Рекомендации и отзывы сотрудников (нынешних или бывших), Репутация компании на рынке (обсуждение в чатах, пабликах, каналах), Рейтинги",4,Нет
549,rus,Нет,Женщина,22 - 26,3 - 6,AI | ML | VR/AR,Junior,Телекоммуникации,Астана,Не вижу разницы,"Рекомендации и отзывы сотрудников (нынешних или бывших), Репутация компании на рынке (обсуждение в чатах, пабликах, каналах), Впечатление от общения с HR или ИТ-рекрутером компании",5,Нет
550,rus,Да,Мужчина,27 - 31,7 - 10,Backend разработка,Senior,Образование / EdTech,Алматы,Хочу работать только на иностранную компанию (удаленно из Казахстана),"Рекомендации и отзывы сотрудников (нынешних или бывших), Впечатление от общения с HR или ИТ-рекрутером компании, Личный опыт использования цифрового продукта или услуги компании",2,-
551,rus,Да,Мужчина,32 - 36,7 - 10,Аналитика (бизнес аналитик / системный аналитик),Middle,Телекоммуникации,Алматы,Хочу работать только на иностранную компанию (удаленно из Казахстана),"Рекомендации и отзывы сотрудников (нынешних или бывших), Впечатление от общения с HR или ИТ-рекрутером компании, Рейтинги",4,Да
552,rus,Нет,Мужчина,22 - 26,Менее 2 лет,QA тестирование,Middle,Финансовый сектор (банк / брокер / страховая компания),Алматы,Не вижу разницы,"Рекомендации и отзывы сотрудников (нынешних или бывших), Репутация компании на рынке (обсуждение в чатах, пабликах, каналах), Рейтинги",5,Нет
553,rus,Нет,Женщина,32 - 36,3 - 6,Продакт менеджмент,Team Lead,Телекоммуникации,Алматы,Хочу работать только на иностранную компанию (удаленно из Казахстана),"Репутация компании на рынке (обсуждение в чатах, пабликах, каналах), Рекомендации и отзывы сотрудников (нынешних или бывших), Личный опыт использования цифрового продукта или услуги компании",5,Да
554,rus,Нет,Мужчина,22 - 26,3 - 6,DevOps | Системное администрирование,Middle,Телекоммуникации,Астана,Не вижу разницы,"Репутация компании на рынке (обсуждение в чатах, пабликах, каналах), Рекомендации и отзывы сотрудников (нынешних или бывших), Рейтинги",4,Да
555,rus,Да,Женщина,27 - 31,3 - 6,HR | ИТ подбор,Middle,Разработка ПО | IT Outsourcing,Алматы,Только иностранная компания (в Казахстане),"Рекомендации и отзывы сотрудников (нынешних или бывших), Впечатление от общения с HR или ИТ-рекрутером компании, Личный опыт использования цифрового продукта или услуги компании",5,Да
556,rus,Нет,Мужчина,42 - 46,7 - 10,ИТ архитектура,Senior,Телекоммуникации,Алматы,Хочу работать только на иностранную компанию (удаленно из Казахстана),"Репутация компании на рынке (обсуждение в чатах, пабликах, каналах), Рейтинги, Личный опыт использования цифрового продукта или услуги компании",2,-
557,rus,Нет,Мужчина,Старше 46,Более 20 лет,Backend разработка,Team Lead,Телекоммуникации,Петропавловск,Не вижу разницы,"Рекомендации и отзывы сотрудников (нынешних или бывших), Личный опыт использования цифрового продукта или услуги компании, Рейтинги",4,Нет
558,rus,Нет,Женщина,27 - 31,3 - 6,Backend разработка,Middle,E-commerce | Логистика,Алматы,Не вижу разницы,"Репутация компании на рынке (обсуждение в чатах, пабликах, каналах), Личный опыт использования цифрового продукта или услуги компании, Рекомендации и отзывы сотрудников (нынешних или бывших)",5,Нет
559,rus,Нет,Мужчина,37 - 41,7 - 10,Backend разработка,Team Lead,Fintech,Живу за пределами Казахстана,Не вижу разницы,"Впечатление от общения с HR или ИТ-рекрутером компании, Корпоративные профили на специализированных платформах (LinkedIn, hh.kz и пр.), Репутация компании на рынке (обсуждение в чатах, пабликах, каналах)",5,Нет
560,rus,Нет,Мужчина,22 - 26,Менее 2 лет,AI | ML | VR/AR,Junior,Телекоммуникации,Алматы,Не вижу разницы,"Официальный сайт компании, Рейтинги, Репутация компании на рынке (обсуждение в чатах, пабликах, каналах)",4,Нет
561,rus,Нет,Мужчина,27 - 31,7 - 10,Продакт менеджмент,Senior,ИТ продуктовая компания,Алматы,Хочу работать только на иностранную компанию (удаленно из Казахстана),"Личный опыт использования цифрового продукта или услуги компании, Репутация компании на рынке (обсуждение в чатах, пабликах, каналах), Рекомендации и отзывы сотрудников (нынешних или бывших)",4,Да
562,rus,Нет,Мужчина,37 - 41,11 - 14,HR | ИТ подбор,Team Lead,Телекоммуникации,Алматы,Не вижу разницы,"Рекомендации и отзывы сотрудников (нынешних или бывших), Личный опыт использования цифрового продукта или услуги компании, Репутация компании на рынке (обсуждение в чатах, пабликах, каналах)",3,Нет
563,rus,Да,Женщина,32 - 36,7 - 10,Высший менеджмент (CEO/CIO/CTO/CMO/CPO/CISO/CTIO/CAIO/CDO),C-level (CEO + CEO-1),ИТ продуктовая компания,Алматы,Хочу работать только на иностранную компанию (удаленно из Казахстана),"Рекомендации и отзывы сотрудников (нынешних или бывших), Репутация компании на рынке (обсуждение в чатах, пабликах, каналах), Личный опыт использования цифрового продукта или услуги компании",5,Да
564,rus,Да,Мужчина,37 - 41,7 - 10,ИТ безопасность,Junior,Другое,Астана,Не вижу разницы,"Репутация компании на рынке (обсуждение в чатах, пабликах, каналах), Личный опыт использования цифрового продукта или услуги компании, Корпоративные профили на специализированных платформах (LinkedIn, hh.kz и пр.)",5,Да
565,rus,Нет,Мужчина,22 - 26,3 - 6,Backend разработка,Middle,Финансовый сектор (банк / брокер / страховая компания),Алматы,Не вижу разницы,"Репутация компании на рынке (обсуждение в чатах, пабликах, каналах), Рекомендации и отзывы сотрудников (нынешних или бывших), Впечатление от общения с HR или ИТ-рекрутером компании",4,Нет
566,rus,Нет,Мужчина,27 - 31,Менее 2 лет,Data Science | Аналитик данных,Middle,E-commerce | Логистика,Алматы,Хочу работать только на иностранную компанию (удаленно из Казахстана),"Впечатление от общения с HR или ИТ-рекрутером компании, Рекомендации и отзывы сотрудников (нынешних или бывших), Личный опыт использования цифрового продукта или услуги компании",4,Нет
567,rus,Нет,Женщина,42 - 46,7 - 10,Аналитика (бизнес аналитик / системный аналитик),Tribe Leader,Телекоммуникации,Алматы,Не вижу разницы,"Рекомендации и отзывы сотрудников (нынешних или бывших), Репутация компании на рынке (обсуждение в чатах, пабликах, каналах), Впечатление от общения с HR или ИТ-рекрутером компании",4,Да
568,rus,Да,Мужчина,42 - 46,15 - 19,DevOps | Системное администрирование,Team Lead,Телекоммуникации,Алматы,Только казахстанская компания,Личный опыт использования цифрового продукта или услуги компании,5,Нет
569,rus,Да,Женщина,32 - 36,11 - 14,Data Science | Аналитик данных,Team Lead,Телекоммуникации,Алматы,Не вижу разницы,"Впечатление от общения с HR или ИТ-рекрутером компании, Рекомендации и отзывы сотрудников (нынешних или бывших), Личный опыт использования цифрового продукта или услуги компании",5,Нет
570,rus,Нет,Мужчина,42 - 46,7 - 10,Проектный менеджмент,C-level (CEO + CEO-1),Строительство / Инжиниринг / Сервис,Астана,Не вижу разницы,"Рекомендации и отзывы сотрудников (нынешних или бывших), Личный бренд основателя или руководителя компании, Репутация компании на рынке (обсуждение в чатах, пабликах, каналах)",5,Да
571,rus,Нет,Женщина,27 - 31,7 - 10,Маркетинг | SMM | SEO,Senior,Другое,Алматы,Не вижу разницы,"Репутация компании на рынке (обсуждение в чатах, пабликах, каналах), Официальный сайт компании, Реклама компании на профессиональных мероприятиях и митапах",5,Нет
572,rus,Нет,Мужчина,22 - 26,Менее 2 лет,Мобильная разработка,Middle,Финансовый сектор (банк / брокер / страховая компания),Алматы,Не вижу разницы,"Личный опыт использования цифрового продукта или услуги компании, Репутация компании на рынке (обсуждение в чатах, пабликах, каналах), Рейтинги",4,Нет
573,rus,Нет,Мужчина,22 - 26,3 - 6,ИТ архитектура,Middle,Fintech,Павлодар,Не вижу разницы,"Репутация компании на рынке (обсуждение в чатах, пабликах, каналах), Личный бренд основателя или руководителя компании, Впечатление от общения с HR или ИТ-рекрутером компании",5,Нет
574,rus,Нет,Мужчина,27 - 31,3 - 6,Продакт менеджмент,Middle,ИТ продуктовая компания,Астана,Хочу работать только на иностранную компанию (удаленно из Казахстана),"Репутация компании на рынке (обсуждение в чатах, пабликах, каналах), Рекомендации и отзывы сотрудников (нынешних или бывших), Корпоративные профили на специализированных платформах (LinkedIn, hh.kz и пр.)",5,Нет
575,rus,Нет,Мужчина,32 - 36,11 - 14,ИТ архитектура,Team Lead,Финансовый сектор (банк / брокер / страховая компания),Алматы,Только казахстанская компания,"Корпоративные профили на специализированных платформах (LinkedIn, hh.kz и пр.), Личный опыт использования цифрового продукта или услуги компании, Рекомендации и отзывы сотрудников (нынешних или бывших)",5,Нет
576,rus,Нет,Женщина,32 - 36,3 - 6,Проектный менеджмент,Middle,Образование / EdTech,Астана,Только казахстанская компания,"Рейтинги, Личный опыт использования цифрового продукта или услуги компании, Рекомендации и отзывы сотрудников (нынешних или бывших)",2,-
577,rus,Да,Женщина,37 - 41,7 - 10,HR | ИТ подбор,Team Lead,Образование / EdTech,Астана,Только казахстанская компания,"Рекомендации и отзывы сотрудников (нынешних или бывших), Впечатление от общения с HR или ИТ-рекрутером компании, Репутация компании на рынке (обсуждение в чатах, пабликах, каналах)",5,Да
578,rus,Да,Мужчина,27 - 31,7 - 10,Web-design | UX/UI,Senior,Финансовый сектор (банк / брокер / страховая компания),Алматы,Хочу работать только на иностранную компанию (удаленно из Казахстана),"Репутация компании на рынке (обсуждение в чатах, пабликах, каналах), Рекомендации и отзывы сотрудников (нынешних или бывших), Впечатление от общения с HR или ИТ-рекрутером компании",5,Да
579,rus,Нет,Женщина,27 - 31,3 - 6,Backend разработка,Team Lead,Телекоммуникации,Алматы,Не вижу разницы,"Рейтинги, Рекомендации и отзывы сотрудников (нынешних или бывших), Репутация компании на рынке (обсуждение в чатах, пабликах, каналах)",5,Да
580,rus,Нет,Женщина,37 - 41,11 - 14,Проектный менеджмент,C-level,ИТ продуктовая компания,Алматы,Только иностранная компания (в Казахстане),"Рекомендации и отзывы сотрудников (нынешних или бывших), Личный опыт использования цифрового продукта или услуги компании, Рейтинги",3,Нет
581,rus,Да,Женщина,32 - 36,Менее 2 лет,Аналитика (бизнес аналитик / системный аналитик),Junior,Fintech,Алматы,Только казахстанская компания,"Официальный сайт компании, Личный бренд основателя или руководителя компании",5,Нет
582,rus,Да,Женщина,37 - 41,11 - 14,Высший менеджмент (CEO/CIO/CTO/CMO/CPO/CISO/CTIO/CAIO/CDO),C-level (CEO + CEO-1),ИТ продуктовая компания,Алматы,Не вижу разницы,"Впечатление от общения с HR или ИТ-рекрутером компании, Рекомендации и отзывы сотрудников (нынешних или бывших), Репутация компании на рынке (обсуждение в чатах, пабликах, каналах)",4,Нет
583,rus,Да,Мужчина,32 - 36,11 - 14,Backend разработка,Tribe Leader,ИТ продуктовая компания,Алматы,Только иностранная компания (в Казахстане),"Рекомендации и отзывы сотрудников (нынешних или бывших), Репутация компании на рынке (обсуждение в чатах, пабликах, каналах), Рейтинги",5,Да
584,rus,Да,Мужчина,27 - 31,3 - 6,Продакт менеджмент,Senior,Финансовый сектор (банк / брокер / страховая компания),Астана,Не вижу разницы,"Репутация компании на рынке (обсуждение в чатах, пабликах, каналах), Рейтинги, Рекомендации и отзывы сотрудников (нынешних или бывших)",4,Да
585,rus,Да,Мужчина,32 - 36,11 - 14,Backend разработка,C-level,ИТ продуктовая компания,Астана,Хочу работать только на иностранную компанию (удаленно из Казахстана),"Рекомендации и отзывы сотрудников (нынешних или бывших), Впечатление от общения с HR или ИТ-рекрутером компании, Репутация компании на рынке (обсуждение в чатах, пабликах, каналах)",3,Нет
586,rus,Нет,Женщина,22 - 26,Менее 2 лет,Маркетинг | SMM | SEO,Middle,ИТ продуктовая компания,Алматы,Не вижу разницы,"Репутация компании на рынке (обсуждение в чатах, пабликах, каналах), Личный опыт использования цифрового продукта или услуги компании, Корпоративные профили на специализированных платформах (LinkedIn, hh.kz и пр.)",4,Нет
587,rus,Да,Мужчина,32 - 36,7 - 10,Backend разработка,Senior,ИТ продуктовая компания,Астана,Хочу работать только на иностранную компанию (удаленно из Казахстана),"Рекомендации и отзывы сотрудников (нынешних или бывших), Впечатление от общения с HR или ИТ-рекрутером компании, Репутация компании на рынке (обсуждение в чатах, пабликах, каналах)",5,Нет
588,rus,Нет,Женщина,22 - 26,Менее 2 лет,Маркетинг | SMM | SEO,Junior,ИТ продуктовая компания,Алматы,Не вижу разницы,"Рекомендации и отзывы сотрудников (нынешних или бывших), Рейтинги, Личный опыт использования цифрового продукта или услуги компании",4,Да
589,rus,Да,Женщина,22 - 26,3 - 6,Маркетинг | SMM | SEO,Middle,ИТ продуктовая компания,Алматы,Не вижу разницы,"Официальный сайт компании, Репутация компании на рынке (обсуждение в чатах, пабликах, каналах), Личный опыт использования цифрового продукта или услуги компании",3,Нет
590,rus,Нет,Женщина,32 - 36,7 - 10,Маркетинг | SMM | SEO,C-level,ИТ продуктовая компания,Алматы,Не вижу разницы,"Рекомендации и отзывы сотрудников (нынешних или бывших), Впечатление от общения с HR или ИТ-рекрутером компании, Репутация компании на рынке (обсуждение в чатах, пабликах, каналах)",3,Да
591,rus,Нет,Мужчина,22 - 26,7 - 10,Frontend разработка,Senior,ИТ продуктовая компания,Алматы,Не вижу разницы,"Корпоративные профили на специализированных платформах (LinkedIn, hh.kz и пр.), Репутация компании на рынке (обсуждение в чатах, пабликах, каналах), Рекомендации и отзывы сотрудников (нынешних или бывших)",4,Нет
592,rus,Нет,Мужчина,22 - 26,3 - 6,AI | ML | VR/AR,Senior,ИТ продуктовая компания,Алматы,Не вижу разницы,"Репутация компании на рынке (обсуждение в чатах, пабликах, каналах), Личный опыт использования цифрового продукта или услуги компании, Рекомендации и отзывы сотрудников (нынешних или бывших)",2,-
593,rus,Нет,Мужчина,Младше 21,Менее 2 лет,AI | ML | VR/AR,Middle,Разработка ПО | IT Outsourcing,Алматы,Не вижу разницы,"Впечатление от общения с HR или ИТ-рекрутером компании, Рекомендации и отзывы сотрудников (нынешних или бывших), Официальный сайт компании",5,Нет
594,kaz,Да,Мужчина,27 - 31,3 - 6,AI | ML | VR/AR,Senior,ИТ продуктовая компания,Алматы,Не вижу разницы,"Личный опыт использования цифрового продукта или услуги компании, Репутация компании на рынке (обсуждение в чатах, пабликах, каналах), Рейтинги",2,-
595,rus,Нет,Женщина,27 - 31,Менее 2 лет,HR | ИТ подбор,Middle,ИТ продуктовая компания,Алматы,Только казахстанская компания,"Рекомендации и отзывы сотрудников (нынешних или бывших), Официальный сайт компании, Личный опыт использования цифрового продукта или услуги компании",3,Нет
596,rus,Нет,Мужчина,27 - 31,3 - 6,Data Science | Аналитик данных,Senior,ИТ продуктовая компания,Алматы,Не вижу разницы,"Личный бренд основателя или руководителя компании, Репутация компании на рынке (обсуждение в чатах, пабликах, каналах), Рекомендации и отзывы сотрудников (нынешних или бывших)",4,Да
597,rus,Нет,Женщина,32 - 36,7 - 10,Высший менеджмент (CEO/CIO/CTO/CMO/CPO/CISO/CTIO/CAIO/CDO),C-level (CEO + CEO-1),ИТ продуктовая компания,Астана,Не вижу разницы,"Репутация компании на рынке (обсуждение в чатах, пабликах, каналах), Впечатление от общения с HR или ИТ-рекрутером компании, Корпоративные профили на специализированных платформах (LinkedIn, hh.kz и пр.)",5,Да
598,rus,Нет,Женщина,22 - 26,3 - 6,HR | ИТ подбор,Middle,ИТ продуктовая компания,Алматы,Не вижу разницы,"Впечатление от общения с HR или ИТ-рекрутером компании, Рекомендации и отзывы сотрудников (нынешних или бывших), Реклама компании на профессиональных мероприятиях и митапах",5,Да
599,rus,Нет,Мужчина,22 - 26,Менее 2 лет,ИТ безопасность,Team Lead,ИТ продуктовая компания,Астана,Не вижу разницы,"Репутация компании на рынке (обсуждение в чатах, пабликах, каналах)",5,Нет
600,rus,Нет,Женщина,37 - 41,15 - 19,Продакт менеджмент,Team Lead,ИТ продуктовая компания,Алматы,Не вижу разницы,"Личный опыт использования цифрового продукта или услуги компании, Рекомендации и отзывы сотрудников (нынешних или бывших), Репутация компании на рынке (обсуждение в чатах, пабликах, каналах)",5,Нет
601,rus,Нет,Мужчина,27 - 31,7 - 10,Аналитика (бизнес аналитик / системный аналитик),C-level,ИТ продуктовая компания,Алматы,Не вижу разницы,"Рекомендации и отзывы сотрудников (нынешних или бывших), Личный опыт использования цифрового продукта или услуги компании, Репутация компании на рынке (обсуждение в чатах, пабликах, каналах)",5,Да
602,rus,Нет,Мужчина,27 - 31,7 - 10,Frontend разработка,Team Lead,ИТ продуктовая компания,Алматы,Не вижу разницы,"Рекомендации и отзывы сотрудников (нынешних или бывших), Репутация компании на рынке (обсуждение в чатах, пабликах, каналах), Корпоративные профили на специализированных платформах (LinkedIn, hh.kz и пр.)",5,Нет
603,rus,Нет,Мужчина,22 - 26,3 - 6,Frontend разработка,Senior,Fintech,Алматы,Не вижу разницы,"Рекомендации и отзывы сотрудников (нынешних или бывших), Личный опыт использования цифрового продукта или услуги компании, Репутация компании на рынке (обсуждение в чатах, пабликах, каналах)",5,Нет
604,rus,Нет,Мужчина,37 - 41,Более 20 лет,DevOps | Системное администрирование,Senior,ИТ продуктовая компания,Алматы,Не вижу разницы,"Рекомендации и отзывы сотрудников (нынешних или бывших), Репутация компании на рынке (обсуждение в чатах, пабликах, каналах), Другое: По знакомству",5,Нет
605,rus,Нет,Мужчина,22 - 26,3 - 6,AI | ML | VR/AR,Middle,Телекоммуникации,Астана,Не вижу разницы,"Рейтинги, Рекомендации и отзывы сотрудников (нынешних или бывших), Репутация компании на рынке (обсуждение в чатах, пабликах, каналах)",4,Да
606,rus,Нет,Женщина,27 - 31,3 - 6,Data Science | Аналитик данных,Team Lead,Финансовый сектор (банк / брокер / страховая компания),Алматы,Не вижу разницы,"Репутация компании на рынке (обсуждение в чатах, пабликах, каналах), Рекомендации и отзывы сотрудников (нынешних или бывших), Личный опыт использования цифрового продукта или услуги компании",5,Да
607,rus,Нет,Мужчина,27 - 31,7 - 10,Backend разработка,Senior,Разработка ПО | IT Outsourcing,Алматы,Не вижу разницы,"Рекомендации и отзывы сотрудников (нынешних или бывших), Впечатление от общения с HR или ИТ-рекрутером компании, Репутация компании на рынке (обсуждение в чатах, пабликах, каналах)",3,Нет
608,rus,Да,Женщина,37 - 41,Менее 2 лет,Высший менеджмент (CEO/CIO/CTO/CMO/CPO/CISO/CTIO/CAIO/CDO),C-level,Телекоммуникации,Астана,Не вижу разницы,"Репутация компании на рынке (обсуждение в чатах, пабликах, каналах), Рейтинги, Рекомендации и отзывы сотрудников (нынешних или бывших)",5,Да
609,kaz,Нет,Женщина,22 - 26,Менее 2 лет,Проектный менеджмент,Junior,Образование / EdTech,Астана,Только казахстанская компания,"Рекомендации и отзывы сотрудников (нынешних или бывших), Впечатление от общения с HR или ИТ-рекрутером компании, Репутация компании на рынке (обсуждение в чатах, пабликах, каналах)",5,Да
610,rus,Нет,Мужчина,32 - 36,3 - 6,Проектный менеджмент,Team Lead,Fintech,Алматы,Только казахстанская компания,Рекомендации и отзывы сотрудников (нынешних или бывших),5,Нет
611,rus,Нет,Мужчина,32 - 36,Менее 2 лет,Backend разработка,Junior,Финансовый сектор (банк / брокер / страховая компания),Алматы,Только иностранная компания (в Казахстане),"Рейтинги, Впечатление от общения с HR или ИТ-рекрутером компании, Рекомендации и отзывы сотрудников (нынешних или бывших)",5,Да
612,rus,Нет,Мужчина,Младше 21,Менее 2 лет,Backend разработка,Junior,Финансовый сектор (банк / брокер / страховая компания),Алматы,Только казахстанская компания,Другое: Зп,4,Да
613,rus,Нет,Мужчина,32 - 36,15 - 19,Backend разработка,Team Lead,E-commerce | Логистика,Алматы,Только казахстанская компания,"Рекомендации и отзывы сотрудников (нынешних или бывших), Репутация компании на рынке (обсуждение в чатах, пабликах, каналах), Личный опыт использования цифрового продукта или услуги компании",5,Нет
614,rus,Нет,Мужчина,22 - 26,3 - 6,Маркетинг | SMM | SEO,Team Lead,ИТ продуктовая компания,Алматы,Хочу работать только на иностранную компанию (удаленно из Казахстана),"Рекомендации и отзывы сотрудников (нынешних или бывших), Репутация компании на рынке (обсуждение в чатах, пабликах, каналах), Личный бренд основателя или руководителя компании",4,Нет
615,rus,Да,Мужчина,32 - 36,15 - 19,Высший менеджмент (CEO/CIO/CTO/CMO/CPO/CISO/CTIO/CAIO/CDO),C-level (CEO + CEO-1),Fintech,Живу за пределами Казахстана,Хочу работать только на иностранную компанию (удаленно из Казахстана),"Рекомендации и отзывы сотрудников (нынешних или бывших), Личный бренд основателя или руководителя компании, Репутация компании на рынке (обсуждение в чатах, пабликах, каналах)",4,Да
616,rus,Нет,Мужчина,27 - 31,3 - 6,Продакт менеджмент,Middle,Образование / EdTech,Астана,Не вижу разницы,"Корпоративные профили на специализированных платформах (LinkedIn, hh.kz и пр.), Личный опыт использования цифрового продукта или услуги компании, Впечатление от общения с HR или ИТ-рекрутером компании",5,Нет
617,rus,Нет,Мужчина,37 - 41,Более 20 лет,ИТ архитектура,C-level,Телекоммуникации,Астана,Не вижу разницы,Рекомендации и отзывы сотрудников (нынешних или бывших),3,Да
618,rus,Да,Мужчина,22 - 26,Менее 2 лет,Аналитика (бизнес аналитик / системный аналитик),Middle,Телекоммуникации,Астана,Не вижу разницы,"Репутация компании на рынке (обсуждение в чатах, пабликах, каналах), Личный опыт использования цифрового продукта или услуги компании, Рекомендации и отзывы сотрудников (нынешних или бывших)",4,Нет
619,rus,Нет,Женщина,32 - 36,7 - 10,Продакт менеджмент,C-level,Образование / EdTech,Астана,Не вижу разницы,"Рекомендации и отзывы сотрудников (нынешних или бывших), Впечатление от общения с HR или ИТ-рекрутером компании, Репутация компании на рынке (обсуждение в чатах, пабликах, каналах)",5,Да
620,rus,Нет,Мужчина,22 - 26,Менее 2 лет,Data Science | Аналитик данных,Middle,Финансовый сектор (банк / брокер / страховая компания),Алматы,Не вижу разницы,"Рекомендации и отзывы сотрудников (нынешних или бывших), Репутация компании на рынке (обсуждение в чатах, пабликах, каналах), Впечатление от общения с HR или ИТ-рекрутером компании",5,Да
621,rus,Нет,Мужчина,22 - 26,3 - 6,Продакт менеджмент,Senior,ИТ продуктовая компания,Алматы,Не вижу разницы,"Впечатление от общения с HR или ИТ-рекрутером компании, Рекомендации и отзывы сотрудников (нынешних или бывших), Личный бренд основателя или руководителя компании",4,Да
622,rus,Нет,Мужчина,22 - 26,3 - 6,Проектный менеджмент,Team Lead,ИТ продуктовая компания,Алматы,Не вижу разницы,"Рекомендации и отзывы сотрудников (нынешних или бывших), Репутация компании на рынке (обсуждение в чатах, пабликах, каналах), Личный опыт использования цифрового продукта или услуги компании",1,-
623,rus,Да,Мужчина,37 - 41,7 - 10,Аналитика (бизнес аналитик / системный аналитик),Senior,Нефтегазовая / Химическая промышленность / Нефтесервис,Астана,Хочу работать только на иностранную компанию (удаленно из Казахстана),"Репутация компании на рынке (обсуждение в чатах, пабликах, каналах), Впечатление от общения с HR или ИТ-рекрутером компании, Рейтинги",3,Нет
624,rus,Нет,Мужчина,27 - 31,3 - 6,Проектный менеджмент,Senior,Телекоммуникации,Алматы,Не вижу разницы,"Рекомендации и отзывы сотрудников (нынешних или бывших), Корпоративные профили на специализированных платформах (LinkedIn, hh.kz и пр.), Рейтинги",1,-
625,rus,Нет,Мужчина,37 - 41,15 - 19,ИТ архитектура,Senior,Телекоммуникации,Алматы,Хочу работать только на иностранную компанию (удаленно из Казахстана),"Рекомендации и отзывы сотрудников (нынешних или бывших), Впечатление от общения с HR или ИТ-рекрутером компании, Личный опыт использования цифрового продукта или услуги компании",5,Нет
626,rus,Нет,Женщина,32 - 36,Менее 2 лет,Аналитика (бизнес аналитик / системный аналитик),Junior,Финансовый сектор (банк / брокер / страховая компания),Алматы,Хочу работать только на иностранную компанию (удаленно из Казахстана),"Личный опыт использования цифрового продукта или услуги компании, Рейтинги, Репутация компании на рынке (обсуждение в чатах, пабликах, каналах)",5,Да
627,rus,Да,Женщина,27 - 31,7 - 10,HR | ИТ подбор,C-level,Телекоммуникации,Алматы,Не вижу разницы,"Рекомендации и отзывы сотрудников (нынешних или бывших), Репутация компании на рынке (обсуждение в чатах, пабликах, каналах), Реклама компании на профессиональных мероприятиях и митапах",5,Да
628,rus,Да,Женщина,32 - 36,3 - 6,HR | ИТ подбор,Team Lead,Телекоммуникации,Алматы,Не вижу разницы,"Впечатление от общения с HR или ИТ-рекрутером компании, Рекомендации и отзывы сотрудников (нынешних или бывших)",4,Да
629,rus,Нет,Мужчина,37 - 41,Более 20 лет,Высший менеджмент (CEO/CIO/CTO/CMO/CPO/CISO/CTIO/CAIO/CDO),C-level (CEO + CEO-1),Другое,Алматы,Не вижу разницы,"Рекомендации и отзывы сотрудников (нынешних или бывших), Личный бренд основателя или руководителя компании, Личный опыт использования цифрового продукта или услуги компании",3,Нет
630,kaz,Да,Мужчина,32 - 36,11 - 14,AI | ML | VR/AR,Senior,ИТ продуктовая компания,Астана,Не вижу разницы,"Личный бренд основателя или руководителя компании, Рейтинги, Рекомендации и отзывы сотрудников (нынешних или бывших)",3,Нет
631,rus,Нет,Мужчина,22 - 26,3 - 6,Backend разработка,Senior,Финансовый сектор (банк / брокер / страховая компания),Алматы,Не вижу разницы,"Репутация компании на рынке (обсуждение в чатах, пабликах, каналах), Рекомендации и отзывы сотрудников (нынешних или бывших), Впечатление от общения с HR или ИТ-рекрутером компании",5,Да
632,rus,Нет,Мужчина,22 - 26,3 - 6,Data Science | Аналитик данных,Middle,Телекоммуникации,Алматы,Хочу работать только на иностранную компанию (удаленно из Казахстана),"Реклама компании на профессиональных мероприятиях и митапах, Рекомендации и отзывы сотрудников (нынешних или бывших), Репутация компании на рынке (обсуждение в чатах, пабликах, каналах)",5,Да
633,kaz,Нет,Женщина,32 - 36,3 - 6,Backend разработка,Middle,Финансовый сектор (банк / брокер / страховая компания),Алматы,Не вижу разницы,"Рекомендации и отзывы сотрудников (нынешних или бывших), Впечатление от общения с HR или ИТ-рекрутером компании",4,Да
634,kaz,Да,Мужчина,27 - 31,7 - 10,Маркетинг | SMM | SEO,Senior,Fintech,Алматы,Не вижу разницы,"Репутация компании на рынке (обсуждение в чатах, пабликах, каналах), Личный бренд основателя или руководителя компании, Впечатление от общения с HR или ИТ-рекрутером компании",5,Да
635,rus,Да,Мужчина,32 - 36,15 - 19,Маркетинг | SMM | SEO,C-level,Телекоммуникации,Актобе,Только казахстанская компания,"Репутация компании на рынке (обсуждение в чатах, пабликах, каналах), Личный бренд основателя или руководителя компании, Рейтинги",5,Да
636,rus,Нет,Мужчина,32 - 36,7 - 10,Маркетинг | SMM | SEO,Team Lead,Телекоммуникации,Петропавловск,Не вижу разницы,"Корпоративные профили на специализированных платформах (LinkedIn, hh.kz и пр.), Рекомендации и отзывы сотрудников (нынешних или бывших), Репутация компании на рынке (обсуждение в чатах, пабликах, каналах)",2,-
637,kaz,Нет,Мужчина,37 - 41,15 - 19,Data Science | Аналитик данных,Senior,Телекоммуникации,Актобе,Не вижу разницы,"Корпоративные профили на специализированных платформах (LinkedIn, hh.kz и пр.)",3,Нет
638,rus,Нет,Женщина,27 - 31,3 - 6,Data Science | Аналитик данных,Team Lead,Телекоммуникации,Алматы,Хочу работать только на иностранную компанию (удаленно из Казахстана),"Рейтинги, Впечатление от общения с HR или ИТ-рекрутером компании, Личный опыт использования цифрового продукта или услуги компании",5,Да
639,rus,Нет,Женщина,37 - 41,Менее 2 лет,QA тестирование,Junior,ИТ продуктовая компания,Караганда,Не вижу разницы,"Впечатление от общения с HR или ИТ-рекрутером компании, Личный опыт использования цифрового продукта или услуги компании, Рейтинги",5,Нет
640,rus,Да,Женщина,Старше 46,Более 20 лет,Проектный менеджмент,C-level,Fintech,Алматы,Не вижу разницы,"Рекомендации и отзывы сотрудников (нынешних или бывших), Личный опыт использования цифрового продукта или услуги компании, Репутация компании на рынке (обсуждение в чатах, пабликах, каналах)",5,Да
641,rus,Да,Женщина,37 - 41,7 - 10,Высший менеджмент (CEO/CIO/CTO/CMO/CPO/CISO/CTIO/CAIO/CDO),C-level (CEO + CEO-1),ИТ продуктовая компания,Астана,Только казахстанская компания,"Рекомендации и отзывы сотрудников (нынешних или бывших), Репутация компании на рынке (обсуждение в чатах, пабликах, каналах), Личный бренд основателя или руководителя компании",5,Да
642,rus,Нет,Мужчина,32 - 36,11 - 14,Проектный менеджмент,Team Lead,Телекоммуникации,Астана,Не вижу разницы,"Рекомендации и отзывы сотрудников (нынешних или бывших), Репутация компании на рынке (обсуждение в чатах, пабликах, каналах), Личный опыт использования цифрового продукта или услуги компании",4,Нет
643,rus,Нет,Мужчина,Младше 21,Менее 2 лет,ИТ безопасность,Senior,Телекоммуникации,Астана,Не вижу разницы,"Впечатление от общения с HR или ИТ-рекрутером компании, Репутация компании на рынке (обсуждение в чатах, пабликах, каналах), Личный бренд основателя или руководителя компании",5,Нет
644,rus,Да,Мужчина,22 - 26,3 - 6,ИТ безопасность,Senior,Телекоммуникации,Астана,Не вижу разницы,"Личный опыт использования цифрового продукта или услуги компании, Репутация компании на рынке (обсуждение в чатах, пабликах, каналах), Рекомендации и отзывы сотрудников (нынешних или бывших)",5,Да
645,rus,Нет,Мужчина,27 - 31,3 - 6,ИТ безопасность,Middle,Телекоммуникации,Астана,Только казахстанская компания,"Репутация компании на рынке (обсуждение в чатах, пабликах, каналах), Личный опыт использования цифрового продукта или услуги компании, Впечатление от общения с HR или ИТ-рекрутером компании",5,Да
646,rus,Нет,Мужчина,27 - 31,3 - 6,Аналитика (бизнес аналитик / системный аналитик),Team Lead,ИТ продуктовая компания,Астана,Не вижу разницы,"Рекомендации и отзывы сотрудников (нынешних или бывших), Впечатление от общения с HR или ИТ-рекрутером компании, Репутация компании на рынке (обсуждение в чатах, пабликах, каналах)",4,Нет
647,rus,Нет,Мужчина,32 - 36,11 - 14,Продакт менеджмент,Senior,ИТ продуктовая компания,Астана,Не вижу разницы,"Репутация компании на рынке (обсуждение в чатах, пабликах, каналах), Корпоративные профили на специализированных платформах (LinkedIn, hh.kz и пр.), Личный опыт использования цифрового продукта или услуги компании",4,Нет
648,rus,Нет,Мужчина,Младше 21,Менее 2 лет,Frontend разработка,Junior,ИТ продуктовая компания,Астана,Хочу работать только на иностранную компанию (удаленно из Казахстана),"Репутация компании на рынке (обсуждение в чатах, пабликах, каналах), Впечатление от общения с HR или ИТ-рекрутером компании, Рекомендации и отзывы сотрудников (нынешних или бывших)",3,Да
649,rus,Нет,Мужчина,42 - 46,Более 20 лет,Высший менеджмент (CEO/CIO/CTO/CMO/CPO/CISO/CTIO/CAIO/CDO),C-level,ИТ продуктовая компания,Алматы,Не вижу разницы,"Личный опыт использования цифрового продукта или услуги компании, Рекомендации и отзывы сотрудников (нынешних или бывших), Репутация компании на рынке (обсуждение в чатах, пабликах, каналах)",3,Да
650,rus,Нет,Мужчина,27 - 31,3 - 6,Аналитика (бизнес аналитик / системный аналитик),Middle,ИТ продуктовая компания,Астана,Не вижу разницы,"Репутация компании на рынке (обсуждение в чатах, пабликах, каналах), Рекомендации и отзывы сотрудников (нынешних или бывших), Рейтинги",5,Да
651,rus,Нет,Мужчина,22 - 26,3 - 6,DevOps | Системное администрирование,Junior,ИТ продуктовая компания,Астана,Не вижу разницы,"Рекомендации и отзывы сотрудников (нынешних или бывших), Репутация компании на рынке (обсуждение в чатах, пабликах, каналах), Впечатление от общения с HR или ИТ-рекрутером компании",3,Нет
652,rus,Нет,Мужчина,37 - 41,15 - 19,Мобильная разработка,Team Lead,Разработка ПО | IT Outsourcing,Алматы,Не вижу разницы,"Репутация компании на рынке (обсуждение в чатах, пабликах, каналах), Личный бренд основателя или руководителя компании, Личный опыт использования цифрового продукта или услуги компании",4,Нет
653,rus,Нет,Мужчина,22 - 26,3 - 6,Маркетинг | SMM | SEO,Junior,Образование / EdTech,Караганда,Не вижу разницы,"Репутация компании на рынке (обсуждение в чатах, пабликах, каналах), Личный бренд основателя или руководителя компании, Рекомендации и отзывы сотрудников (нынешних или бывших)",4,Да
654,rus,Да,Мужчина,32 - 36,3 - 6,Проектный менеджмент,C-level,ИТ продуктовая компания,Астана,Не вижу разницы,"Личный бренд основателя или руководителя компании, Репутация компании на рынке (обсуждение в чатах, пабликах, каналах), Личный опыт использования цифрового продукта или услуги компании",5,Да
655,rus,Нет,Женщина,22 - 26,3 - 6,ИТ безопасность,Middle,Телекоммуникации,Астана,Не вижу разницы,"Впечатление от общения с HR или ИТ-рекрутером компании, Репутация компании на рынке (обсуждение в чатах, пабликах, каналах), Официальный сайт компании",5,Нет
656,rus,Нет,Мужчина,42 - 46,Более 20 лет,DevOps | Системное администрирование,Middle,Разработка ПО | IT Outsourcing,Астана,Не вижу разницы,"Впечатление от общения с HR или ИТ-рекрутером компании, Личный опыт использования цифрового продукта или услуги компании, Репутация компании на рынке (обсуждение в чатах, пабликах, каналах)",5,Да
657,rus,Нет,Женщина,37 - 41,3 - 6,Маркетинг | SMM | SEO,Senior,ИТ продуктовая компания,Астана,Только казахстанская компания,"Репутация компании на рынке (обсуждение в чатах, пабликах, каналах), Личный бренд основателя или руководителя компании, Рекомендации и отзывы сотрудников (нынешних или бывших)",5,Да
658,rus,Нет,Мужчина,37 - 41,11 - 14,DevOps | Системное администрирование,Senior,Телекоммуникации,Астана,Не вижу разницы,"Рекомендации и отзывы сотрудников (нынешних или бывших), Репутация компании на рынке (обсуждение в чатах, пабликах, каналах), Рейтинги",4,Нет
659,rus,Нет,Мужчина,37 - 41,3 - 6,Продакт менеджмент,C-level,Финансовый сектор (банк / брокер / страховая компания),Алматы,Не вижу разницы,"Личный опыт использования цифрового продукта или услуги компании, Репутация компании на рынке (обсуждение в чатах, пабликах, каналах), Личный бренд основателя или руководителя компании",5,Да
660,rus,Нет,Мужчина,27 - 31,3 - 6,Высший менеджмент (CEO/CIO/CTO/CMO/CPO/CISO/CTIO/CAIO/CDO),C-level,ИТ продуктовая компания,Астана,Не вижу разницы,"Репутация компании на рынке (обсуждение в чатах, пабликах, каналах), Личный опыт использования цифрового продукта или услуги компании, Впечатление от общения с HR или ИТ-рекрутером компании",5,Нет
661,rus,Нет,Мужчина,22 - 26,3 - 6,Проектный менеджмент,Senior,Телекоммуникации,Астана,Хочу работать только на иностранную компанию (удаленно из Казахстана),"Личный опыт использования цифрового продукта или услуги компании, Репутация компании на рынке (обсуждение в чатах, пабликах, каналах), Рекомендации и отзывы сотрудников (нынешних или бывших)",4,Нет
662,rus,Нет,Женщина,42 - 46,Менее 2 лет,Аналитика (бизнес аналитик / системный аналитик),Senior,ИТ продуктовая компания,Астана,Не вижу разницы,"Рекомендации и отзывы сотрудников (нынешних или бывших), Репутация компании на рынке (обсуждение в чатах, пабликах, каналах), Личный опыт использования цифрового продукта или услуги компании",5,Да
663,rus,Нет,Женщина,32 - 36,7 - 10,Проектный менеджмент,Middle,Телекоммуникации,Астана,Только казахстанская компания,"Личный бренд основателя или руководителя компании, Рейтинги",5,Нет
664,rus,Нет,Мужчина,32 - 36,3 - 6,Data Science | Аналитик данных,Team Lead,ИТ продуктовая компания,Астана,Хочу работать только на иностранную компанию (удаленно из Казахстана),"Репутация компании на рынке (обсуждение в чатах, пабликах, каналах), Личный опыт использования цифрового продукта или услуги компании, Рекомендации и отзывы сотрудников (нынешних или бывших)",5,Да
665,rus,Да,Женщина,27 - 31,3 - 6,HR | ИТ подбор,Senior,ИТ продуктовая компания,Алматы,Только казахстанская компания,"Репутация компании на рынке (обсуждение в чатах, пабликах, каналах), Впечатление от общения с HR или ИТ-рекрутером компании, Корпоративные профили на специализированных платформах (LinkedIn, hh.kz и пр.)",5,Да
666,rus,Нет,Женщина,32 - 36,11 - 14,Маркетинг | SMM | SEO,Team Lead,Телекоммуникации,Актобе,Не вижу разницы,"Репутация компании на рынке (обсуждение в чатах, пабликах, каналах)",5,Нет
667,rus,Нет,Женщина,37 - 41,3 - 6,Проектный менеджмент,Middle,ИТ продуктовая компания,Астана,Не вижу разницы,"Рекомендации и отзывы сотрудников (нынешних или бывших), Личный опыт использования цифрового продукта или услуги компании, Корпоративные профили на специализированных платформах (LinkedIn, hh.kz и пр.)",5,Да
668,rus,Нет,Женщина,37 - 41,7 - 10,HR | ИТ подбор,Team Lead,ИТ продуктовая компания,Астана,Не вижу разницы,"Репутация компании на рынке (обсуждение в чатах, пабликах, каналах), Рекомендации и отзывы сотрудников (нынешних или бывших), Впечатление от общения с HR или ИТ-рекрутером компании",5,Нет
669,rus,Нет,Мужчина,32 - 36,Менее 2 лет,ИТ архитектура,Team Lead,Строительство / Инжиниринг / Сервис,Астана,Только казахстанская компания,"Рекомендации и отзывы сотрудников (нынешних или бывших), Впечатление от общения с HR или ИТ-рекрутером компании, Официальный сайт компании",5,Нет
670,rus,Нет,Мужчина,37 - 41,15 - 19,Высший менеджмент (CEO/CIO/CTO/CMO/CPO/CISO/CTIO/CAIO/CDO),C-level (CEO + CEO-1),ИТ продуктовая компания,Астана,Не вижу разницы,"Рекомендации и отзывы сотрудников (нынешних или бывших), Личный бренд основателя или руководителя компании, Репутация компании на рынке (обсуждение в чатах, пабликах, каналах)",5,Да
671,rus,Нет,Мужчина,Старше 46,7 - 10,ИТ безопасность,C-level,Разработка ПО | IT Outsourcing,Астана,Только казахстанская компания,"Личный опыт использования цифрового продукта или услуги компании, Рейтинги, Личный бренд основателя или руководителя компании",5,Нет
672,rus,Да,Мужчина,27 - 31,7 - 10,AI | ML | VR/AR,Team Lead,ИТ продуктовая компания,Астана,Не вижу разницы,"Рекомендации и отзывы сотрудников (нынешних или бывших), Репутация компании на рынке (обсуждение в чатах, пабликах, каналах)",4,Нет
673,rus,Нет,Мужчина,22 - 26,Менее 2 лет,QA тестирование,Junior,ИТ продуктовая компания,Астана,Не вижу разницы,Личный опыт использования цифрового продукта или услуги компании,5,Да
674,rus,Нет,Женщина,Старше 46,3 - 6,Проектный менеджмент,Tribe Leader,Телекоммуникации,Астана,Не вижу разницы,"Рекомендации и отзывы сотрудников (нынешних или бывших), Личный опыт использования цифрового продукта или услуги компании, Личный бренд основателя или руководителя компании",4,Нет
675,rus,Нет,Женщина,22 - 26,3 - 6,Data Science | Аналитик данных,Middle,Fintech,Алматы,Не вижу разницы,"Репутация компании на рынке (обсуждение в чатах, пабликах, каналах), Корпоративные профили на специализированных платформах (LinkedIn, hh.kz и пр.), Рекомендации и отзывы сотрудников (нынешних или бывших)",4,Нет
676,rus,Нет,Женщина,22 - 26,3 - 6,Продакт менеджмент,Middle,ИТ продуктовая компания,Алматы,Хочу работать только на иностранную компанию (удаленно из Казахстана),"Рекомендации и отзывы сотрудников (нынешних или бывших), Репутация компании на рынке (обсуждение в чатах, пабликах, каналах), Личный опыт использования цифрового продукта или услуги компании",5,Да
677,rus,Нет,Мужчина,27 - 31,7 - 10,QA тестирование,Junior,Разработка ПО | IT Outsourcing,Астана,Не вижу разницы,"Рекомендации и отзывы сотрудников (нынешних или бывших), Репутация компании на рынке (обсуждение в чатах, пабликах, каналах), Впечатление от общения с HR или ИТ-рекрутером компании",4,Да
678,rus,Нет,Женщина,27 - 31,7 - 10,ИТ архитектура,Team Lead,ИТ продуктовая компания,Астана,Не вижу разницы,"Репутация компании на рынке (обсуждение в чатах, пабликах, каналах), Рекомендации и отзывы сотрудников (нынешних или бывших), Впечатление от общения с HR или ИТ-рекрутером компании",4,Да
679,rus,Нет,Женщина,27 - 31,3 - 6,Data Science | Аналитик данных,Middle,ИТ продуктовая компания,Астана,Не вижу разницы,Другое: Сильная компания на рынке по моей отрасли,5,Нет
680,kaz,Нет,Женщина,22 - 26,Менее 2 лет,Маркетинг | SMM | SEO,Middle,ИТ продуктовая компания,Астана,Только иностранная компания (в Казахстане),"Рекомендации и отзывы сотрудников (нынешних или бывших), Репутация компании на рынке (обсуждение в чатах, пабликах, каналах), Личный опыт использования цифрового продукта или услуги компании",4,Нет
681,rus,Нет,Мужчина,27 - 31,3 - 6,QA тестирование,Middle,ИТ продуктовая компания,Астана,Не вижу разницы,Рейтинги,4,Нет
682,rus,Нет,Женщина,32 - 36,3 - 6,Маркетинг | SMM | SEO,Tribe Leader,Разработка ПО | IT Outsourcing,Астана,Хочу работать только на иностранную компанию (удаленно из Казахстана),"Впечатление от общения с HR или ИТ-рекрутером компании, Репутация компании на рынке (обсуждение в чатах, пабликах, каналах), Рейтинги",3,Нет
683,rus,Нет,Мужчина,42 - 46,15 - 19,DevOps | Системное администрирование,Team Lead,Другое,Алматы,Не вижу разницы,"Рекомендации и отзывы сотрудников (нынешних или бывших), Рейтинги, Репутация компании на рынке (обсуждение в чатах, пабликах, каналах)",4,Нет
684,rus,Нет,Мужчина,27 - 31,7 - 10,DevOps | Системное администрирование,Senior,Телекоммуникации,Петропавловск,Только казахстанская компания,Рекомендации и отзывы сотрудников (нынешних или бывших),5,Да
685,rus,Нет,Мужчина,32 - 36,11 - 14,DevOps | Системное администрирование,Senior,Разработка ПО | IT Outsourcing,Астана,Хочу работать только на иностранную компанию (удаленно из Казахстана),"Корпоративные профили на специализированных платформах (LinkedIn, hh.kz и пр.), Впечатление от общения с HR или ИТ-рекрутером компании, Рекомендации и отзывы сотрудников (нынешних или бывших)",4,Да
686,rus,Нет,Мужчина,27 - 31,3 - 6,Frontend разработка,Team Lead,Разработка ПО | IT Outsourcing,Алматы,Не вижу разницы,"Репутация компании на рынке (обсуждение в чатах, пабликах, каналах), Рекомендации и отзывы сотрудников (нынешних или бывших), Рейтинги",3,Нет
687,rus,Нет,Мужчина,32 - 36,3 - 6,Аналитика (бизнес аналитик / системный аналитик),Junior,Финансовый сектор (банк / брокер / страховая компания),Астана,Не вижу разницы,"Рекомендации и отзывы сотрудников (нынешних или бывших), Репутация компании на рынке (обсуждение в чатах, пабликах, каналах), Рейтинги",5,Да
688,rus,Да,Женщина,37 - 41,3 - 6,Маркетинг | SMM | SEO,C-level,Другое,Алматы,Только иностранная компания (в Казахстане),"Репутация компании на рынке (обсуждение в чатах, пабликах, каналах), Впечатление от общения с HR или ИТ-рекрутером компании, Личный опыт использования цифрового продукта или услуги компании",3,Нет
689,rus,Нет,Мужчина,27 - 31,7 - 10,Backend разработка,Senior,Другое,Алматы,Не вижу разницы,"Личный опыт использования цифрового продукта или услуги компании, Репутация компании на рынке (обсуждение в чатах, пабликах, каналах), Впечатление от общения с HR или ИТ-рекрутером компании",5,Нет
690,rus,Нет,Женщина,22 - 26,Менее 2 лет,Аналитика (бизнес аналитик / системный аналитик),Senior,Финансовый сектор (банк / брокер / страховая компания),Алматы,Не вижу разницы,"Рекомендации и отзывы сотрудников (нынешних или бывших), Личный опыт использования цифрового продукта или услуги компании, Впечатление от общения с HR или ИТ-рекрутером компании",5,Нет
691,rus,Нет,Женщина,Младше 21,Менее 2 лет,Маркетинг | SMM | SEO,Junior,Телекоммуникации,Алматы,Не вижу разницы,"Корпоративные профили на специализированных платформах (LinkedIn, hh.kz и пр.), Рекомендации и отзывы сотрудников (нынешних или бывших), Репутация компании на рынке (обсуждение в чатах, пабликах, каналах)",5,Нет
692,kaz,Да,Мужчина,22 - 26,3 - 6,DevOps | Системное администрирование,Middle,Телекоммуникации,Астана,Хочу работать только на иностранную компанию (удаленно из Казахстана),"Рекомендации и отзывы сотрудников (нынешних или бывших), Репутация компании на рынке (обсуждение в чатах, пабликах, каналах), Рейтинги",5,Да
693,rus,Нет,Женщина,22 - 26,Менее 2 лет,Data Science | Аналитик данных,Middle,Финансовый сектор (банк / брокер / страховая компания),Алматы,Не вижу разницы,"Реклама компании на профессиональных мероприятиях и митапах, Впечатление от общения с HR или ИТ-рекрутером компании, Репутация компании на рынке (обсуждение в чатах, пабликах, каналах)",5,Да
694,rus,Да,Мужчина,37 - 41,15 - 19,Backend разработка,Senior,Разработка ПО | IT Outsourcing,Астана,Не вижу разницы,"Рекомендации и отзывы сотрудников (нынешних или бывших), Рейтинги, Репутация компании на рынке (обсуждение в чатах, пабликах, каналах)",4,Да
695,rus,Нет,Мужчина,27 - 31,3 - 6,Проектный менеджмент,Middle,ИТ продуктовая компания,Астана,Хочу работать только на иностранную компанию (удаленно из Казахстана),"Рекомендации и отзывы сотрудников (нынешних или бывших), Репутация компании на рынке (обсуждение в чатах, пабликах, каналах), Личный опыт использования цифрового продукта или услуги компании",4,Нет
696,rus,Нет,Женщина,22 - 26,3 - 6,Продакт менеджмент,Middle,Другое,Алматы,Только иностранная компания (в Казахстане),"Рекомендации и отзывы сотрудников (нынешних или бывших), Впечатление от общения с HR или ИТ-рекрутером компании, Репутация компании на рынке (обсуждение в чатах, пабликах, каналах)",4,Да
697,rus,Да,Мужчина,22 - 26,3 - 6,Продакт менеджмент,Senior,Fintech,Астана,Не вижу разницы,"Впечатление от общения с HR или ИТ-рекрутером компании, Рекомендации и отзывы сотрудников (нынешних или бывших)",4,Да
698,rus,Нет,Мужчина,27 - 31,3 - 6,Продакт менеджмент,Senior,Fintech,Алматы,Не вижу разницы,"Репутация компании на рынке (обсуждение в чатах, пабликах, каналах), Впечатление от общения с HR или ИТ-рекрутером компании, Личный бренд основателя или руководителя компании",4,Да
699,rus,Нет,Мужчина,32 - 36,7 - 10,Продакт менеджмент,Team Lead,Разработка ПО | IT Outsourcing,Алматы,Только иностранная компания (в Казахстане),"Личный опыт использования цифрового продукта или услуги компании, Рекомендации и отзывы сотрудников (нынешних или бывших)",4,Нет
700,rus,Нет,Женщина,27 - 31,3 - 6,Продакт менеджмент,Middle,E-commerce | Логистика,Астана,Не вижу разницы,"Рекомендации и отзывы сотрудников (нынешних или бывших), Личный опыт использования цифрового продукта или услуги компании, Репутация компании на рынке (обсуждение в чатах, пабликах, каналах)",5,Нет
701,rus,Нет,Женщина,37 - 41,7 - 10,Web-design | UX/UI,Senior,ИТ продуктовая компания,Караганда,Не вижу разницы,"Репутация компании на рынке (обсуждение в чатах, пабликах, каналах), Личный опыт использования цифрового продукта или услуги компании, Рекомендации и отзывы сотрудников (нынешних или бывших)",5,Нет
702,rus,Нет,Женщина,22 - 26,3 - 6,QA тестирование,Middle,Телекоммуникации,Астана,Не вижу разницы,"Рекомендации и отзывы сотрудников (нынешних или бывших), Репутация компании на рынке (обсуждение в чатах, пабликах, каналах), Впечатление от общения с HR или ИТ-рекрутером компании",4,Нет
703,rus,Нет,Мужчина,37 - 41,7 - 10,Мобильная разработка,Middle,Fintech,Алматы,Хочу работать только на иностранную компанию (удаленно из Казахстана),"Репутация компании на рынке (обсуждение в чатах, пабликах, каналах), Рейтинги, Рекомендации и отзывы сотрудников (нынешних или бывших)",4,Да
704,rus,Нет,Мужчина,32 - 36,15 - 19,Продакт менеджмент,C-level (CEO + CEO-1),ИТ продуктовая компания,Алматы,Не вижу разницы,"Репутация компании на рынке (обсуждение в чатах, пабликах, каналах), Личный опыт использования цифрового продукта или услуги компании, Впечатление от общения с HR или ИТ-рекрутером компании",5,Да
705,rus,Нет,Женщина,27 - 31,7 - 10,Продакт менеджмент,Senior,Другое,Астана,Не вижу разницы,"Личный опыт использования цифрового продукта или услуги компании, Официальный сайт компании, Впечатление от общения с HR или ИТ-рекрутером компании",4,Нет
706,rus,Нет,Мужчина,27 - 31,3 - 6,Продакт менеджмент,C-level,ИТ продуктовая компания,Астана,Хочу работать только на иностранную компанию (удаленно из Казахстана),"Репутация компании на рынке (обсуждение в чатах, пабликах, каналах), Рекомендации и отзывы сотрудников (нынешних или бывших), Личный опыт использования цифрового продукта или услуги компании",3,Да
707,rus,Нет,Мужчина,32 - 36,7 - 10,Высший менеджмент (CEO/CIO/CTO/CMO/CPO/CISO/CTIO/CAIO/CDO),C-level (CEO + CEO-1),ИТ продуктовая компания,Астана,Хочу работать только на иностранную компанию (удаленно из Казахстана),"Репутация компании на рынке (обсуждение в чатах, пабликах, каналах), Впечатление от общения с HR или ИТ-рекрутером компании, Рекомендации и отзывы сотрудников (нынешних или бывших)",5,Да
708,rus,Нет,Мужчина,37 - 41,7 - 10,Аналитика (бизнес аналитик / системный аналитик),Middle,Финансовый сектор (банк / брокер / страховая компания),Астана,Хочу работать только на иностранную компанию (удаленно из Казахстана),"Рекомендации и отзывы сотрудников (нынешних или бывших), Репутация компании на рынке (обсуждение в чатах, пабликах, каналах), Личный опыт использования цифрового продукта или услуги компании",5,Нет
709,rus,Нет,Женщина,32 - 36,Менее 2 лет,Аналитика (бизнес аналитик / системный аналитик),Middle,Разработка ПО | IT Outsourcing,Астана,Не вижу разницы,"Корпоративные профили на специализированных платформах (LinkedIn, hh.kz и пр.), Официальный сайт компании, Репутация компании на рынке (обсуждение в чатах, пабликах, каналах)",5,Нет
710,rus,Нет,Женщина,27 - 31,7 - 10,Аналитика (бизнес аналитик / системный аналитик),Middle,Разработка ПО | IT Outsourcing,Астана,Не вижу разницы,"Рекомендации и отзывы сотрудников (нынешних или бывших), Личный опыт использования цифрового продукта или услуги компании, Впечатление от общения с HR или ИТ-рекрутером компании",4,Да
711,rus,Нет,Мужчина,22 - 26,Менее 2 лет,Backend разработка,Junior,E-commerce | Логистика,Астана,Только иностранная компания (в Казахстане),"Репутация компании на рынке (обсуждение в чатах, пабликах, каналах), Корпоративные профили на специализированных платформах (LinkedIn, hh.kz и пр.), Личный бренд основателя или руководителя компании",4,Да
712,rus,Нет,Мужчина,Старше 46,Более 20 лет,ИТ архитектура,Team Lead,Телекоммуникации,Астана,Только казахстанская компания,"Репутация компании на рынке (обсуждение в чатах, пабликах, каналах)",4,Да
713,rus,Нет,Мужчина,32 - 36,11 - 14,Аналитика (бизнес аналитик / системный аналитик),Senior,ИТ продуктовая компания,Астана,Не вижу разницы,Рекомендации и отзывы сотрудников (нынешних или бывших),5,Нет
714,rus,Нет,Мужчина,22 - 26,Менее 2 лет,Frontend разработка,Junior,Разработка ПО | IT Outsourcing,Астана,Не вижу разницы,"Рекомендации и отзывы сотрудников (нынешних или бывших), Репутация компании на рынке (обсуждение в чатах, пабликах, каналах), Рейтинги",5,Да
715,rus,Нет,Мужчина,27 - 31,7 - 10,Продакт менеджмент,Senior,Fintech,Алматы,Не вижу разницы,"Репутация компании на рынке (обсуждение в чатах, пабликах, каналах), Личный опыт использования цифрового продукта или услуги компании, Рекомендации и отзывы сотрудников (нынешних или бывших)",5,Нет
716,rus,Да,Женщина,27 - 31,7 - 10,Аналитика (бизнес аналитик / системный аналитик),Senior,ИТ продуктовая компания,Алматы,Не вижу разницы,"Рекомендации и отзывы сотрудников (нынешних или бывших), Впечатление от общения с HR или ИТ-рекрутером компании, Репутация компании на рынке (обсуждение в чатах, пабликах, каналах)",5,Нет
717,kaz,Да,Женщина,27 - 31,7 - 10,Продакт менеджмент,Senior,ИТ продуктовая компания,Алматы,Не вижу разницы,"Личный опыт использования цифрового продукта или услуги компании, Впечатление от общения с HR или ИТ-рекрутером компании, Рекомендации и отзывы сотрудников (нынешних или бывших)",4,Нет
718,rus,Нет,Мужчина,Младше 21,3 - 6,Backend разработка,Junior,ИТ продуктовая компания,Астана,Не вижу разницы,Рейтинги,5,Да
719,rus,Нет,Мужчина,32 - 36,11 - 14,Backend разработка,Senior,Разработка ПО | IT Outsourcing,Алматы,Хочу работать только на иностранную компанию (удаленно из Казахстана),"Репутация компании на рынке (обсуждение в чатах, пабликах, каналах), Рекомендации и отзывы сотрудников (нынешних или бывших), Впечатление от общения с HR или ИТ-рекрутером компании",4,Нет
720,rus,Нет,Мужчина,32 - 36,11 - 14,Проектный менеджмент,Senior,Финансовый сектор (банк / брокер / страховая компания),Астана,Не вижу разницы,"Репутация компании на рынке (обсуждение в чатах, пабликах, каналах), Рекомендации и отзывы сотрудников (нынешних или бывших), Рейтинги",5,Да
721,rus,Да,Мужчина,Старше 46,Более 20 лет,ИТ архитектура,Senior,Телекоммуникации,Алматы,Не вижу разницы,"Репутация компании на рынке (обсуждение в чатах, пабликах, каналах), Рекомендации и отзывы сотрудников (нынешних или бывших), Корпоративные профили на специализированных платформах (LinkedIn, hh.kz и пр.)",5,Нет
722,rus,Нет,Мужчина,32 - 36,11 - 14,Продакт менеджмент,C-level (CEO + CEO-1),ИТ продуктовая компания,Астана,Хочу работать только на иностранную компанию (удаленно из Казахстана),"Рекомендации и отзывы сотрудников (нынешних или бывших), Впечатление от общения с HR или ИТ-рекрутером компании, Личный опыт использования цифрового продукта или услуги компании",5,Нет
723,rus,Нет,Мужчина,Младше 21,3 - 6,Data Science | Аналитик данных,Senior,Нефтегазовая / Химическая промышленность / Нефтесервис,Астана,Не вижу разницы,"Репутация компании на рынке (обсуждение в чатах, пабликах, каналах), Корпоративные профили на специализированных платформах (LinkedIn, hh.kz и пр.)",4,Нет
724,rus,Да,Женщина,32 - 36,3 - 6,Высший менеджмент (CEO/CIO/CTO/CMO/CPO/CISO/CTIO/CAIO/CDO),C-level (CEO + CEO-1),Разработка ПО | IT Outsourcing,Астана,Только иностранная компания (в Казахстане),"Корпоративные профили на специализированных платформах (LinkedIn, hh.kz и пр.), Репутация компании на рынке (обсуждение в чатах, пабликах, каналах), Рекомендации и отзывы сотрудников (нынешних или бывших)",2,-
725,rus,Нет,Мужчина,32 - 36,7 - 10,Продакт менеджмент,Team Lead,Строительство / Инжиниринг / Сервис,Алматы,Не вижу разницы,"Репутация компании на рынке (обсуждение в чатах, пабликах, каналах), Впечатление от общения с HR или ИТ-рекрутером компании, Рекомендации и отзывы сотрудников (нынешних или бывших)",2,-
726,kaz,Нет,Мужчина,37 - 41,11 - 14,Продакт менеджмент,Middle,Телекоммуникации,Актобе,Не вижу разницы,"Личный опыт использования цифрового продукта или услуги компании, Корпоративные профили на специализированных платформах (LinkedIn, hh.kz и пр.), Репутация компании на рынке (обсуждение в чатах, пабликах, каналах)",5,Да
727,rus,Нет,Мужчина,42 - 46,Более 20 лет,Backend разработка,Senior,ИТ продуктовая компания,Астана,Только казахстанская компания,"Репутация компании на рынке (обсуждение в чатах, пабликах, каналах), Впечатление от общения с HR или ИТ-рекрутером компании, Рекомендации и отзывы сотрудников (нынешних или бывших)",5,Нет
728,kaz,Нет,Мужчина,22 - 26,Менее 2 лет,Data Science | Аналитик данных,Middle,Телекоммуникации,Астана,Не вижу разницы,"Рекомендации и отзывы сотрудников (нынешних или бывших), Личный опыт использования цифрового продукта или услуги компании, Впечатление от общения с HR или ИТ-рекрутером компании",3,Да
729,rus,Нет,Мужчина,27 - 31,7 - 10,Backend разработка,Senior,Разработка ПО | IT Outsourcing,Живу за пределами Казахстана,Не вижу разницы,"Рекомендации и отзывы сотрудников (нынешних или бывших), Корпоративные профили на специализированных платформах (LinkedIn, hh.kz и пр.), Впечатление от общения с HR или ИТ-рекрутером компании",3,Нет
730,rus,Да,Мужчина,27 - 31,3 - 6,Проектный менеджмент,Senior,Другое,Астана,Не вижу разницы,"Впечатление от общения с HR или ИТ-рекрутером компании, Личный опыт использования цифрового продукта или услуги компании, Репутация компании на рынке (обсуждение в чатах, пабликах, каналах)",3,Да
731,rus,Да,Мужчина,27 - 31,3 - 6,Проектный менеджмент,Senior,ИТ продуктовая компания,Астана,Не вижу разницы,"Репутация компании на рынке (обсуждение в чатах, пабликах, каналах), Рекомендации и отзывы сотрудников (нынешних или бывших), Впечатление от общения с HR или ИТ-рекрутером компании",5,Да
732,rus,Нет,Женщина,22 - 26,3 - 6,Web-design | UX/UI,Middle,Образование / EdTech,Астана,Только казахстанская компания,"Рекомендации и отзывы сотрудников (нынешних или бывших), Репутация компании на рынке (обсуждение в чатах, пабликах, каналах)",4,Да
733,rus,Нет,Женщина,42 - 46,Более 20 лет,Аналитика (бизнес аналитик / системный аналитик),Senior,Разработка ПО | IT Outsourcing,Астана,Не вижу разницы,Личный опыт использования цифрового продукта или услуги компании,5,Да
734,rus,Нет,Мужчина,22 - 26,7 - 10,Проектный менеджмент,Senior,ИТ продуктовая компания,Астана,Хочу работать только на иностранную компанию (удаленно из Казахстана),"Репутация компании на рынке (обсуждение в чатах, пабликах, каналах), Рейтинги, Личный опыт использования цифрового продукта или услуги компании",5,Да
735,rus,Нет,Мужчина,22 - 26,3 - 6,Data Science | Аналитик данных,Middle,Телекоммуникации,Алматы,Не вижу разницы,"Рекомендации и отзывы сотрудников (нынешних или бывших), Репутация компании на рынке (обсуждение в чатах, пабликах, каналах), Рейтинги",4,Да
736,rus,Нет,Женщина,27 - 31,3 - 6,Маркетинг | SMM | SEO,Middle,ИТ продуктовая компания,Астана,Хочу работать только на иностранную компанию (удаленно из Казахстана),"Репутация компании на рынке (обсуждение в чатах, пабликах, каналах), Впечатление от общения с HR или ИТ-рекрутером компании, Рейтинги",3,Да
737,rus,Нет,Мужчина,32 - 36,3 - 6,Backend разработка,Senior,Финансовый сектор (банк / брокер / страховая компания),Алматы,Не вижу разницы,"Репутация компании на рынке (обсуждение в чатах, пабликах, каналах)",4,Нет
738,rus,Нет,Женщина,22 - 26,3 - 6,Backend разработка,Middle,Fintech,Алматы,Не вижу разницы,"Репутация компании на рынке (обсуждение в чатах, пабликах, каналах), Рекомендации и отзывы сотрудников (нынешних или бывших), Рейтинги",4,Да
739,rus,Нет,Мужчина,32 - 36,3 - 6,Высший менеджмент (CEO/CIO/CTO/CMO/CPO/CISO/CTIO/CAIO/CDO),C-level (CEO + CEO-1),Нефтегазовая / Химическая промышленность / Нефтесервис,Астана,Не вижу разницы,"Личный бренд основателя или руководителя компании, Рекомендации и отзывы сотрудников (нынешних или бывших)",4,Да
740,rus,Нет,Женщина,42 - 46,7 - 10,HR | ИТ подбор,Senior,Телекоммуникации,Алматы,Только иностранная компания (в Казахстане),"Репутация компании на рынке (обсуждение в чатах, пабликах, каналах), Рекомендации и отзывы сотрудников (нынешних или бывших), Реклама компании на профессиональных мероприятиях и митапах",5,Нет
741,kaz,Да,Женщина,32 - 36,7 - 10,Аналитика (бизнес аналитик / системный аналитик),Middle,Телекоммуникации,Алматы,Не вижу разницы,"Рекомендации и отзывы сотрудников (нынешних или бывших), Реклама компании на профессиональных мероприятиях и митапах, Личный опыт использования цифрового продукта или услуги компании",5,Нет
742,rus,Нет,Мужчина,32 - 36,3 - 6,Аналитика (бизнес аналитик / системный аналитик),Senior,Fintech,Алматы,Не вижу разницы,"Рекомендации и отзывы сотрудников (нынешних или бывших), Репутация компании на рынке (обсуждение в чатах, пабликах, каналах), Впечатление от общения с HR или ИТ-рекрутером компании",5,Нет
743,rus,Нет,Женщина,37 - 41,15 - 19,Высший менеджмент (CEO/CIO/CTO/CMO/CPO/CISO/CTIO/CAIO/CDO),C-level,E-commerce | Логистика,Ташкент,Не вижу разницы,"Впечатление от общения с HR или ИТ-рекрутером компании, Репутация компании на рынке (обсуждение в чатах, пабликах, каналах), Личный опыт использования цифрового продукта или услуги компании",5,Да
744,rus,Нет,Мужчина,37 - 41,15 - 19,Аналитика (бизнес аналитик / системный аналитик),Middle,Fintech,Алматы,Не вижу разницы,"Рекомендации и отзывы сотрудников (нынешних или бывших), Впечатление от общения с HR или ИТ-рекрутером компании, Репутация компании на рынке (обсуждение в чатах, пабликах, каналах)",5,Нет
745,rus,Нет,Мужчина,32 - 36,11 - 14,Высший менеджмент (CEO/CIO/CTO/CMO/CPO/CISO/CTIO/CAIO/CDO),C-level,Телекоммуникации,Алматы,Хочу работать только на иностранную компанию (удаленно из Казахстана),"Рекомендации и отзывы сотрудников (нынешних или бывших), Впечатление от общения с HR или ИТ-рекрутером компании, Репутация компании на рынке (обсуждение в чатах, пабликах, каналах)",1,-
746,rus,Нет,Мужчина,27 - 31,3 - 6,QA тестирование,Middle,Fintech,Алматы,Не вижу разницы,"Рекомендации и отзывы сотрудников (нынешних или бывших), Впечатление от общения с HR или ИТ-рекрутером компании, Личный опыт использования цифрового продукта или услуги компании",5,Да
747,rus,Нет,Мужчина,32 - 36,7 - 10,Проектный менеджмент,Middle,Fintech,Алматы,Только иностранная компания (в Казахстане),"Рекомендации и отзывы сотрудников (нынешних или бывших), Личный бренд основателя или руководителя компании, Личный опыт использования цифрового продукта или услуги компании",4,Нет
748,rus,Нет,Мужчина,27 - 31,3 - 6,Аналитика (бизнес аналитик / системный аналитик),Senior,Fintech,Алматы,Не вижу разницы,"Впечатление от общения с HR или ИТ-рекрутером компании, Личный бренд основателя или руководителя компании, Рейтинги",4,Да
749,rus,Нет,Мужчина,37 - 41,7 - 10,Высший менеджмент (CEO/CIO/CTO/CMO/CPO/CISO/CTIO/CAIO/CDO),C-level,Fintech,Живу за пределами Казахстана,Не вижу разницы,"Впечатление от общения с HR или ИТ-рекрутером компании, Рекомендации и отзывы сотрудников (нынешних или бывших), Репутация компании на рынке (обсуждение в чатах, пабликах, каналах)",4,Да
750,rus,Нет,Мужчина,22 - 26,Менее 2 лет,Аналитика (бизнес аналитик / системный аналитик),Middle,Fintech,Алматы,Не вижу разницы,"Рекомендации и отзывы сотрудников (нынешних или бывших), Репутация компании на рынке (обсуждение в чатах, пабликах, каналах), Личный опыт использования цифрового продукта или услуги компании",5,Нет
751,rus,Нет,Мужчина,32 - 36,7 - 10,Data Science | Аналитик данных,Senior,Телекоммуникации,Алматы,Не вижу разницы,"Рекомендации и отзывы сотрудников (нынешних или бывших), Репутация компании на рынке (обсуждение в чатах, пабликах, каналах), Впечатление от общения с HR или ИТ-рекрутером компании",5,Нет
752,rus,Нет,Женщина,22 - 26,Менее 2 лет,Проектный менеджмент,Junior,Телекоммуникации,Астана,Не вижу разницы,"Впечатление от общения с HR или ИТ-рекрутером компании, Официальный сайт компании, Репутация компании на рынке (обсуждение в чатах, пабликах, каналах)",4,Да
753,rus,Да,Женщина,22 - 26,3 - 6,ИТ безопасность,Team Lead,ИТ продуктовая компания,Алматы,Не вижу разницы,"Репутация компании на рынке (обсуждение в чатах, пабликах, каналах), Личный опыт использования цифрового продукта или услуги компании, Рекомендации и отзывы сотрудников (нынешних или бывших)",5,Да
754,rus,Да,Мужчина,27 - 31,3 - 6,Аналитика (бизнес аналитик / системный аналитик),Middle,Fintech,Алматы,Не вижу разницы,"Репутация компании на рынке (обсуждение в чатах, пабликах, каналах), Рейтинги, Рекомендации и отзывы сотрудников (нынешних или бывших)",4,Нет
755,rus,Нет,Мужчина,37 - 41,15 - 19,Backend разработка,Senior,Fintech,Алматы,Не вижу разницы,"Впечатление от общения с HR или ИТ-рекрутером компании, Корпоративные профили на специализированных платформах (LinkedIn, hh.kz и пр.), Рекомендации и отзывы сотрудников (нынешних или бывших)",5,Нет
756,rus,Нет,Мужчина,22 - 26,3 - 6,Продакт менеджмент,Middle,Другое,Астана,Не вижу разницы,"Официальный сайт компании, Репутация компании на рынке (обсуждение в чатах, пабликах, каналах), Рейтинги",3,Да
757,rus,Нет,Мужчина,42 - 46,7 - 10,Высший менеджмент (CEO/CIO/CTO/CMO/CPO/CISO/CTIO/CAIO/CDO),C-level,Финансовый сектор (банк / брокер / страховая компания),Алматы,Не вижу разницы,"Репутация компании на рынке (обсуждение в чатах, пабликах, каналах), Рекомендации и отзывы сотрудников (нынешних или бывших)",5,Да
758,rus,Да,Мужчина,32 - 36,7 - 10,Маркетинг | SMM | SEO,C-level (CEO + CEO-1),Горнодобывающая промышленность,Астана,Хочу работать только на иностранную компанию (удаленно из Казахстана),"Официальный сайт компании, Корпоративные профили на специализированных платформах (LinkedIn, hh.kz и пр.), Рекомендации и отзывы сотрудников (нынешних или бывших)",5,Да
759,rus,Нет,Мужчина,32 - 36,7 - 10,ИТ архитектура,Senior,Финансовый сектор (банк / брокер / страховая компания),Алматы,Хочу работать только на иностранную компанию (удаленно из Казахстана),"Репутация компании на рынке (обсуждение в чатах, пабликах, каналах), Рекомендации и отзывы сотрудников (нынешних или бывших), Впечатление от общения с HR или ИТ-рекрутером компании",5,Да
760,rus,Нет,Женщина,37 - 41,7 - 10,Проектный менеджмент,Middle,Разработка ПО | IT Outsourcing,Атырау,Только иностранная компания (в Казахстане),"Рекомендации и отзывы сотрудников (нынешних или бывших), Личный бренд основателя или руководителя компании, Впечатление от общения с HR или ИТ-рекрутером компании",5,Нет
761,rus,Да,Женщина,32 - 36,3 - 6,Аналитика (бизнес аналитик / системный аналитик),Senior,Другое,Алматы,Только иностранная компания (в Казахстане),"Личный бренд основателя или руководителя компании, Личный опыт использования цифрового продукта или услуги компании, Впечатление от общения с HR или ИТ-рекрутером компании",4,Да
762,rus,Нет,Мужчина,32 - 36,11 - 14,ИТ архитектура,C-level,Финансовый сектор (банк / брокер / страховая компания),Алматы,Только иностранная компания (в Казахстане),"Рекомендации и отзывы сотрудников (нынешних или бывших), Репутация компании на рынке (обсуждение в чатах, пабликах, каналах), Впечатление от общения с HR или ИТ-рекрутером компании",5,Да
763,rus,Нет,Мужчина,32 - 36,11 - 14,Data Science | Аналитик данных,Senior,Fintech,Алматы,Не вижу разницы,"Рекомендации и отзывы сотрудников (нынешних или бывших), Корпоративные профили на специализированных платформах (LinkedIn, hh.kz и пр.), Личный опыт использования цифрового продукта или услуги компании",5,Нет
764,rus,Нет,Мужчина,32 - 36,11 - 14,Backend разработка,Senior,Другое,Алматы,Хочу работать только на иностранную компанию (удаленно из Казахстана),"Рекомендации и отзывы сотрудников (нынешних или бывших), Рейтинги, Личный опыт использования цифрового продукта или услуги компании",3,Да
765,rus,Нет,Женщина,32 - 36,3 - 6,Data Science | Аналитик данных,Middle,Нефтегазовая / Химическая промышленность / Нефтесервис,Актау,Не вижу разницы,"Рекомендации и отзывы сотрудников (нынешних или бывших), Репутация компании на рынке (обсуждение в чатах, пабликах, каналах), Впечатление от общения с HR или ИТ-рекрутером компании",5,Да
766,rus,Нет,Мужчина,Младше 21,3 - 6,Backend разработка,Middle,E-commerce | Логистика,Астана,Хочу работать только на иностранную компанию (удаленно из Казахстана),"Рекомендации и отзывы сотрудников (нынешних или бывших), Репутация компании на рынке (обсуждение в чатах, пабликах, каналах), Впечатление от общения с HR или ИТ-рекрутером компании",4,Да
767,rus,Нет,Мужчина,27 - 31,3 - 6,Проектный менеджмент,Senior,ИТ продуктовая компания,Астана,Не вижу разницы,"Впечатление от общения с HR или ИТ-рекрутером компании, Личный опыт использования цифрового продукта или услуги компании, Рейтинги",5,Да
768,rus,Да,Женщина,37 - 41,Более 20 лет,ИТ архитектура,Senior,Fintech,Алматы,Не вижу разницы,"Впечатление от общения с HR или ИТ-рекрутером компании, Личный опыт использования цифрового продукта или услуги компании, Репутация компании на рынке (обсуждение в чатах, пабликах, каналах)",5,Нет
769,rus,Нет,Мужчина,37 - 41,15 - 19,Аналитика (бизнес аналитик / системный аналитик),Senior,ИТ продуктовая компания,Астана,Не вижу разницы,"Рекомендации и отзывы сотрудников (нынешних или бывших), Репутация компании на рынке (обсуждение в чатах, пабликах, каналах), Личный бренд основателя или руководителя компании",4,Нет
770,rus,Нет,Женщина,27 - 31,7 - 10,Аналитика (бизнес аналитик / системный аналитик),Senior,Телекоммуникации,Астана,Не вижу разницы,"Личный бренд основателя или руководителя компании, Рекомендации и отзывы сотрудников (нынешних или бывших), Репутация компании на рынке (обсуждение в чатах, пабликах, каналах)",5,Да
771,rus,Нет,Мужчина,37 - 41,15 - 19,Высший менеджмент (CEO/CIO/CTO/CMO/CPO/CISO/CTIO/CAIO/CDO),C-level (CEO + CEO-1),E-commerce | Логистика,Алматы,Не вижу разницы,"Личный бренд основателя или руководителя компании, Рекомендации и отзывы сотрудников (нынешних или бывших), Репутация компании на рынке (обсуждение в чатах, пабликах, каналах)",5,Да
772,rus,Да,Женщина,32 - 36,3 - 6,QA тестирование,Middle,Fintech,Алматы,Не вижу разницы,"Репутация компании на рынке (обсуждение в чатах, пабликах, каналах), Рекомендации и отзывы сотрудников (нынешних или бывших), Рейтинги",4,Да
773,rus,Нет,Женщина,27 - 31,3 - 6,Аналитика (бизнес аналитик / системный аналитик),Senior,ИТ продуктовая компания,Астана,Не вижу разницы,"Впечатление от общения с HR или ИТ-рекрутером компании, Рекомендации и отзывы сотрудников (нынешних или бывших)",4,Да
774,rus,Нет,Мужчина,27 - 31,7 - 10,Backend разработка,Senior,ИТ продуктовая компания,Астана,Только иностранная компания (в Казахстане),"Рекомендации и отзывы сотрудников (нынешних или бывших), Репутация компании на рынке (обсуждение в чатах, пабликах, каналах), Рейтинги",5,Да
775,rus,Нет,Мужчина,27 - 31,7 - 10,Frontend разработка,C-level,ИТ продуктовая компания,Астана,Не вижу разницы,"Репутация компании на рынке (обсуждение в чатах, пабликах, каналах), Впечатление от общения с HR или ИТ-рекрутером компании, Реклама компании на профессиональных мероприятиях и митапах",5,Нет
776,rus,Нет,Мужчина,27 - 31,3 - 6,Проектный менеджмент,Middle,ИТ продуктовая компания,Астана,Не вижу разницы,"Репутация компании на рынке (обсуждение в чатах, пабликах, каналах), Впечатление от общения с HR или ИТ-рекрутером компании, Рекомендации и отзывы сотрудников (нынешних или бывших)",1,-
777,rus,Нет,Женщина,27 - 31,7 - 10,Проектный менеджмент,Senior,Разработка ПО | IT Outsourcing,Астана,Не вижу разницы,"Впечатление от общения с HR или ИТ-рекрутером компании, Рейтинги, Репутация компании на рынке (обсуждение в чатах, пабликах, каналах)",5,Да
778,rus,Нет,Мужчина,37 - 41,15 - 19,Аналитика (бизнес аналитик / системный аналитик),Tribe Leader,Телекоммуникации,Кокшетау,Только казахстанская компания,"Репутация компании на рынке (обсуждение в чатах, пабликах, каналах), Реклама компании на профессиональных мероприятиях и митапах, Корпоративные профили на специализированных платформах (LinkedIn, hh.kz и пр.)",1,-
779,rus,Нет,Мужчина,27 - 31,3 - 6,Проектный менеджмент,Middle,Финансовый сектор (банк / брокер / страховая компания),Алматы,Хочу работать только на иностранную компанию (удаленно из Казахстана),"Рекомендации и отзывы сотрудников (нынешних или бывших), Личный опыт использования цифрового продукта или услуги компании, Репутация компании на рынке (обсуждение в чатах, пабликах, каналах)",5,Да
780,rus,Нет,Мужчина,37 - 41,15 - 19,DevOps | Системное администрирование,Team Lead,Телекоммуникации,Астана,Только казахстанская компания,"Рейтинги, Рекомендации и отзывы сотрудников (нынешних или бывших), Личный бренд основателя или руководителя компании",5,Да
781,rus,Нет,Мужчина,32 - 36,7 - 10,Проектный менеджмент,Tribe Leader,Финансовый сектор (банк / брокер / страховая компания),Алматы,Только казахстанская компания,"Личный бренд основателя или руководителя компании, Корпоративные профили на специализированных платформах (LinkedIn, hh.kz и пр.), Репутация компании на рынке (обсуждение в чатах, пабликах, каналах)",5,Нет
782,rus,Да,Мужчина,37 - 41,15 - 19,Высший менеджмент (CEO/CIO/CTO/CMO/CPO/CISO/CTIO/CAIO/CDO),C-level (CEO + CEO-1),ИТ продуктовая компания,Алматы,Только казахстанская компания,"Репутация компании на рынке (обсуждение в чатах, пабликах, каналах), Рейтинги, Личный опыт использования цифрового продукта или услуги компании",5,Да
783,rus,Нет,Мужчина,32 - 36,11 - 14,Высший менеджмент (CEO/CIO/CTO/CMO/CPO/CISO/CTIO/CAIO/CDO),C-level (CEO + CEO-1),Финансовый сектор (банк / брокер / страховая компания),Алматы,Не вижу разницы,"Репутация компании на рынке (обсуждение в чатах, пабликах, каналах), Реклама компании на профессиональных мероприятиях и митапах, Личный бренд основателя или руководителя компании",4,Да
784,rus,Нет,Женщина,37 - 41,15 - 19,Data Science | Аналитик данных,Senior,Финансовый сектор (банк / брокер / страховая компания),Астана,Не вижу разницы,"Впечатление от общения с HR или ИТ-рекрутером компании, Репутация компании на рынке (обсуждение в чатах, пабликах, каналах)",5,Нет
785,rus,Нет,Мужчина,37 - 41,15 - 19,Аналитика (бизнес аналитик / системный аналитик),Senior,Финансовый сектор (банк / брокер / страховая компания),Астана,Только казахстанская компания,"Рекомендации и отзывы сотрудников (нынешних или бывших), Репутация компании на рынке (обсуждение в чатах, пабликах, каналах), Корпоративные профили на специализированных платформах (LinkedIn, hh.kz и пр.)",1,-
786,rus,Нет,Женщина,32 - 36,7 - 10,QA тестирование,Junior,Телекоммуникации,Астана,Не вижу разницы,"Репутация компании на рынке (обсуждение в чатах, пабликах, каналах), Впечатление от общения с HR или ИТ-рекрутером компании, Корпоративные профили на специализированных платформах (LinkedIn, hh.kz и пр.)",5,Да
787,kaz,Нет,Женщина,Младше 21,Менее 2 лет,Web-design | UX/UI,Junior,Образование / EdTech,Алматы,Не вижу разницы,"Репутация компании на рынке (обсуждение в чатах, пабликах, каналах), Реклама компании на профессиональных мероприятиях и митапах, Корпоративные профили на специализированных платформах (LinkedIn, hh.kz и пр.)",5,Нет
788,rus,Нет,Мужчина,32 - 36,11 - 14,ИТ архитектура,Senior,ИТ продуктовая компания,Алматы,Хочу работать только на иностранную компанию (удаленно из Казахстана),"Личный опыт использования цифрового продукта или услуги компании, Впечатление от общения с HR или ИТ-рекрутером компании, Рекомендации и отзывы сотрудников (нынешних или бывших)",4,Нет
789,rus,Да,Мужчина,37 - 41,7 - 10,DevOps | Системное администрирование,Tribe Leader,Финансовый сектор (банк / брокер / страховая компания),Алматы,Хочу работать только на иностранную компанию (удаленно из Казахстана),"Рекомендации и отзывы сотрудников (нынешних или бывших), Рейтинги, Репутация компании на рынке (обсуждение в чатах, пабликах, каналах)",4,Да
790,rus,Нет,Женщина,22 - 26,3 - 6,Аналитика (бизнес аналитик / системный аналитик),Middle,Финансовый сектор (банк / брокер / страховая компания),Алматы,Не вижу разницы,"Личный опыт использования цифрового продукта или услуги компании, Впечатление от общения с HR или ИТ-рекрутером компании, Рекомендации и отзывы сотрудников (нынешних или бывших)",4,Нет
791,rus,Нет,Мужчина,32 - 36,3 - 6,Backend разработка,Middle,Финансовый сектор (банк / брокер / страховая компания),Алматы,Не вижу разницы,"Рекомендации и отзывы сотрудников (нынешних или бывших), Репутация компании на рынке (обсуждение в чатах, пабликах, каналах), Корпоративные профили на специализированных платформах (LinkedIn, hh.kz и пр.)",4,Да
792,rus,Да,Мужчина,37 - 41,11 - 14,Высший менеджмент (CEO/CIO/CTO/CMO/CPO/CISO/CTIO/CAIO/CDO),C-level (CEO + CEO-1),Финансовый сектор (банк / брокер / страховая компания),Алматы,Только иностранная компания (в Казахстане),"Рекомендации и отзывы сотрудников (нынешних или бывших), Личный бренд основателя или руководителя компании, Репутация компании на рынке (обсуждение в чатах, пабликах, каналах)",5,Да
793,rus,Нет,Мужчина,37 - 41,15 - 19,ИТ безопасность,C-level (CEO + CEO-1),ИТ продуктовая компания,Астана,Только казахстанская компания,"Впечатление от общения с HR или ИТ-рекрутером компании, Личный опыт использования цифрового продукта или услуги компании, Репутация компании на рынке (обсуждение в чатах, пабликах, каналах)",3,Нет
794,rus,Нет,Мужчина,37 - 41,11 - 14,Web-design | UX/UI,Senior,ИТ продуктовая компания,Живу за пределами Казахстана,Не вижу разницы,"Личный опыт использования цифрового продукта или услуги компании, Реклама компании на профессиональных мероприятиях и митапах, Официальный сайт компании",5,Нет
795,rus,Нет,Женщина,32 - 36,3 - 6,Маркетинг | SMM | SEO,Senior,ИТ продуктовая компания,Астана,Не вижу разницы,"Корпоративные профили на специализированных платформах (LinkedIn, hh.kz и пр.), Репутация компании на рынке (обсуждение в чатах, пабликах, каналах), Впечатление от общения с HR или ИТ-рекрутером компании",4,Да
796,rus,Нет,Мужчина,22 - 26,Менее 2 лет,HR | ИТ подбор,Middle,ИТ продуктовая компания,Астана,Не вижу разницы,"Рекомендации и отзывы сотрудников (нынешних или бывших), Рейтинги, Впечатление от общения с HR или ИТ-рекрутером компании",3,Да
797,rus,Нет,Мужчина,37 - 41,Более 20 лет,Высший менеджмент (CEO/CIO/CTO/CMO/CPO/CISO/CTIO/CAIO/CDO),C-level,Финансовый сектор (банк / брокер / страховая компания),Алматы,Хочу работать только на иностранную компанию (удаленно из Казахстана),"Личный опыт использования цифрового продукта или услуги компании, Репутация компании на рынке (обсуждение в чатах, пабликах, каналах), Рекомендации и отзывы сотрудников (нынешних или бывших)",5,Нет
798,rus,Нет,Мужчина,27 - 31,3 - 6,ИТ безопасность,Middle,Другое,Алматы,Хочу работать только на иностранную компанию (удаленно из Казахстана),"Репутация компании на рынке (обсуждение в чатах, пабликах, каналах)",3,Да
799,rus,Нет,Мужчина,42 - 46,Более 20 лет,ИТ архитектура,Team Lead,Телекоммуникации,Алматы,Хочу работать только на иностранную компанию (удаленно из Казахстана),"Личный опыт использования цифрового продукта или услуги компании, Рекомендации и отзывы сотрудников (нынешних или бывших), Официальный сайт компании",3,Да
800,rus,Нет,Мужчина,27 - 31,11 - 14,Мобильная разработка,Senior,ИТ продуктовая компания,Астана,Не вижу разницы,"Личный опыт использования цифрового продукта или услуги компании, Впечатление от общения с HR или ИТ-рекрутером компании, Рекомендации и отзывы сотрудников (нынешних или бывших)",3,Да
801,rus,Нет,Женщина,32 - 36,7 - 10,DevOps | Системное администрирование,Senior,ИТ продуктовая компания,Астана,Не вижу разницы,"Впечатление от общения с HR или ИТ-рекрутером компании, Репутация компании на рынке (обсуждение в чатах, пабликах, каналах), Рекомендации и отзывы сотрудников (нынешних или бывших)",5,Нет
802,rus,Нет,Мужчина,Младше 21,Менее 2 лет,Backend разработка,Junior,Строительство / Инжиниринг / Сервис,Астана,Не вижу разницы,"Рекомендации и отзывы сотрудников (нынешних или бывших), Репутация компании на рынке (обсуждение в чатах, пабликах, каналах), Рейтинги",4,Да
803,kaz,Нет,Мужчина,27 - 31,7 - 10,Backend разработка,Senior,Финансовый сектор (банк / брокер / страховая компания),Алматы,Не вижу разницы,"Рекомендации и отзывы сотрудников (нынешних или бывших), Рейтинги, Репутация компании на рынке (обсуждение в чатах, пабликах, каналах)",5,Нет
804,rus,Нет,Мужчина,22 - 26,3 - 6,Backend разработка,Senior,Разработка ПО | IT Outsourcing,Алматы,Хочу работать только на иностранную компанию (удаленно из Казахстана),"Репутация компании на рынке (обсуждение в чатах, пабликах, каналах), Рекомендации и отзывы сотрудников (нынешних или бывших), Рейтинги",5,Нет
805,rus,Нет,Мужчина,32 - 36,15 - 19,Высший менеджмент (CEO/CIO/CTO/CMO/CPO/CISO/CTIO/CAIO/CDO),C-level,Финансовый сектор (банк / брокер / страховая компания),Астана,Не вижу разницы,"Личный бренд основателя или руководителя компании, Впечатление от общения с HR или ИТ-рекрутером компании, Другое: условия роста",5,Да
806,rus,Нет,Женщина,22 - 26,3 - 6,Продакт менеджмент,Middle,Финансовый сектор (банк / брокер / страховая компания),Алматы,Только казахстанская компания,Личный опыт использования цифрового продукта или услуги компании,5,Да
807,rus,Нет,Женщина,42 - 46,3 - 6,Web-design | UX/UI,C-level,Финансовый сектор (банк / брокер / страховая компания),Алматы,Не вижу разницы,Впечатление от общения с HR или ИТ-рекрутером компании,4,Да
808,rus,Нет,Мужчина,22 - 26,3 - 6,Backend разработка,Team Lead,Финансовый сектор (банк / брокер / страховая компания),Алматы,Хочу работать только на иностранную компанию (удаленно из Казахстана),"Рекомендации и отзывы сотрудников (нынешних или бывших), Рейтинги, Репутация компании на рынке (обсуждение в чатах, пабликах, каналах)",5,Да
809,rus,Нет,Женщина,Старше 46,Более 20 лет,Высший менеджмент (CEO/CIO/CTO/CMO/CPO/CISO/CTIO/CAIO/CDO),C-level,Другое,Алматы,Не вижу разницы,"Личный бренд основателя или руководителя компании, Официальный сайт компании, Репутация компании на рынке (обсуждение в чатах, пабликах, каналах)",5,Да
810,rus,Нет,Мужчина,27 - 31,7 - 10,DevOps | Системное администрирование,Team Lead,ИТ продуктовая компания,Алматы,Только казахстанская компания,Рекомендации и отзывы сотрудников (нынешних или бывших),5,Нет
811,rus,Да,Женщина,32 - 36,11 - 14,Data Science | Аналитик данных,C-level,Fintech,Алматы,Не вижу разницы,"Впечатление от общения с HR или ИТ-рекрутером компании, Личный бренд основателя или руководителя компании, Репутация компании на рынке (обсуждение в чатах, пабликах, каналах)",1,-
812,rus,Да,Мужчина,42 - 46,7 - 10,Аналитика (бизнес аналитик / системный аналитик),C-level (CEO + CEO-1),Другое,Алматы,Не вижу разницы,"Рекомендации и отзывы сотрудников (нынешних или бывших), Репутация компании на рынке (обсуждение в чатах, пабликах, каналах), Личный бренд основателя или руководителя компании",5,Да
813,rus,Нет,Мужчина,27 - 31,3 - 6,Backend разработка,Team Lead,Финансовый сектор (банк / брокер / страховая компания),Астана,Не вижу разницы,"Репутация компании на рынке (обсуждение в чатах, пабликах, каналах)",4,Нет
814,rus,Нет,Мужчина,27 - 31,3 - 6,ИТ безопасность,Senior,Fintech,Астана,Не вижу разницы,"Рекомендации и отзывы сотрудников (нынешних или бывших), Впечатление от общения с HR или ИТ-рекрутером компании, Репутация компании на рынке (обсуждение в чатах, пабликах, каналах)",4,Да
815,rus,Нет,Мужчина,27 - 31,3 - 6,Backend разработка,Senior,E-commerce | Логистика,Астана,Не вижу разницы,"Личный опыт использования цифрового продукта или услуги компании, Репутация компании на рынке (обсуждение в чатах, пабликах, каналах), Рекомендации и отзывы сотрудников (нынешних или бывших)",5,Нет
816,rus,Нет,Мужчина,27 - 31,3 - 6,Data Science | Аналитик данных,Team Lead,Телекоммуникации,Астана,Не вижу разницы,Рекомендации и отзывы сотрудников (нынешних или бывших),4,Нет
817,rus,Нет,Женщина,22 - 26,3 - 6,Проектный менеджмент,C-level,ИТ продуктовая компания,Алматы,Не вижу разницы,"Рекомендации и отзывы сотрудников (нынешних или бывших), Репутация компании на рынке (обсуждение в чатах, пабликах, каналах), Реклама компании на профессиональных мероприятиях и митапах",4,Да
818,rus,Нет,Мужчина,22 - 26,Менее 2 лет,Продакт менеджмент,Junior,Финансовый сектор (банк / брокер / страховая компания),Алматы,Только казахстанская компания,"Корпоративные профили на специализированных платформах (LinkedIn, hh.kz и пр.), Репутация компании на рынке (обсуждение в чатах, пабликах, каналах), Впечатление от общения с HR или ИТ-рекрутером компании",4,Да
819,rus,Нет,Женщина,32 - 36,11 - 14,Продакт менеджмент,C-level,Финансовый сектор (банк / брокер / страховая компания),Астана,Только казахстанская компания,"Личный бренд основателя или руководителя компании, Рекомендации и отзывы сотрудников (нынешних или бывших), Репутация компании на рынке (обсуждение в чатах, пабликах, каналах)",4,Нет
820,rus,Да,Мужчина,22 - 26,3 - 6,Backend разработка,Middle,Fintech,Алматы,Не вижу разницы,"Личный бренд основателя или руководителя компании, Впечатление от общения с HR или ИТ-рекрутером компании, Рекомендации и отзывы сотрудников (нынешних или бывших)",2,-
821,rus,Нет,Мужчина,42 - 46,11 - 14,Data Science | Аналитик данных,Team Lead,Финансовый сектор (банк / брокер / страховая компания),Алматы,Только иностранная компания (в Казахстане),"Репутация компании на рынке (обсуждение в чатах, пабликах, каналах), Рекомендации и отзывы сотрудников (нынешних или бывших), Рейтинги",3,Да
822,rus,Да,Женщина,27 - 31,3 - 6,HR | ИТ подбор,Senior,Телекоммуникации,Алматы,Только иностранная компания (в Казахстане),"Репутация компании на рынке (обсуждение в чатах, пабликах, каналах), Впечатление от общения с HR или ИТ-рекрутером компании, Рейтинги",3,Нет
823,rus,Нет,Женщина,27 - 31,Менее 2 лет,Аналитика (бизнес аналитик / системный аналитик),Middle,ИТ продуктовая компания,Алматы,Хочу работать только на иностранную компанию (удаленно из Казахстана),"Рекомендации и отзывы сотрудников (нынешних или бывших), Репутация компании на рынке (обсуждение в чатах, пабликах, каналах), Личный бренд основателя или руководителя компании",5,Да
824,rus,Нет,Женщина,22 - 26,3 - 6,QA тестирование,Middle,ИТ продуктовая компания,Астана,Не вижу разницы,"Репутация компании на рынке (обсуждение в чатах, пабликах, каналах), Рекомендации и отзывы сотрудников (нынешних или бывших), Впечатление от общения с HR или ИТ-рекрутером компании",5,Да
825,rus,Нет,Женщина,22 - 26,3 - 6,Аналитика (бизнес аналитик / системный аналитик),Middle,ИТ продуктовая компания,Астана,Только казахстанская компания,"Корпоративные профили на специализированных платформах (LinkedIn, hh.kz и пр.), Официальный сайт компании, Репутация компании на рынке (обсуждение в чатах, пабликах, каналах)",5,Нет
826,rus,Нет,Женщина,27 - 31,7 - 10,Продакт менеджмент,Middle,ИТ продуктовая компания,Алматы,Не вижу разницы,"Репутация компании на рынке (обсуждение в чатах, пабликах, каналах), Личный опыт использования цифрового продукта или услуги компании, Рекомендации и отзывы сотрудников (нынешних или бывших)",1,-
827,rus,Нет,Женщина,27 - 31,Менее 2 лет,HR | ИТ подбор,Junior,Телекоммуникации,Астана,Не вижу разницы,"Рекомендации и отзывы сотрудников (нынешних или бывших), Репутация компании на рынке (обсуждение в чатах, пабликах, каналах), Впечатление от общения с HR или ИТ-рекрутером компании",5,Да
828,rus,Нет,Мужчина,22 - 26,3 - 6,QA тестирование,Senior,Финансовый сектор (банк / брокер / страховая компания),Живу за пределами Казахстана,Не вижу разницы,"Рейтинги, Официальный сайт компании, Корпоративные профили на специализированных платформах (LinkedIn, hh.kz и пр.)",5,Да
829,rus,Нет,Женщина,22 - 26,Менее 2 лет,Аналитика (бизнес аналитик / системный аналитик),Middle,Строительство / Инжиниринг / Сервис,Астана,Только казахстанская компания,"Рекомендации и отзывы сотрудников (нынешних или бывших), Репутация компании на рынке (обсуждение в чатах, пабликах, каналах), Корпоративные профили на специализированных платформах (LinkedIn, hh.kz и пр.)",5,Нет
830,rus,Нет,Женщина,32 - 36,3 - 6,HR | ИТ подбор,Team Lead,ИТ продуктовая компания,Астана,Не вижу разницы,"Личный опыт использования цифрового продукта или услуги компании, Рейтинги, Рекомендации и отзывы сотрудников (нынешних или бывших)",4,Да
831,rus,Нет,Мужчина,32 - 36,3 - 6,Backend разработка,Middle,Fintech,Алматы,Не вижу разницы,"Репутация компании на рынке (обсуждение в чатах, пабликах, каналах), Впечатление от общения с HR или ИТ-рекрутером компании, Рекомендации и отзывы сотрудников (нынешних или бывших)",3,Нет
832,rus,Нет,Мужчина,22 - 26,3 - 6,Аналитика (бизнес аналитик / системный аналитик),Senior,Fintech,Алматы,Хочу работать только на иностранную компанию (удаленно из Казахстана),"Репутация компании на рынке (обсуждение в чатах, пабликах, каналах), Рекомендации и отзывы сотрудников (нынешних или бывших), Впечатление от общения с HR или ИТ-рекрутером компании",5,Да
833,rus,Нет,Мужчина,22 - 26,3 - 6,Мобильная разработка,Middle,Fintech,Караганда,Не вижу разницы,"Личный опыт использования цифрового продукта или услуги компании, Репутация компании на рынке (обсуждение в чатах, пабликах, каналах), Корпоративные профили на специализированных платформах (LinkedIn, hh.kz и пр.)",4,Нет
834,rus,Нет,Мужчина,32 - 36,11 - 14,Data Science | Аналитик данных,Senior,Разработка ПО | IT Outsourcing,Алматы,Не вижу разницы,"Репутация компании на рынке (обсуждение в чатах, пабликах, каналах), Впечатление от общения с HR или ИТ-рекрутером компании, Рекомендации и отзывы сотрудников (нынешних или бывших)",4,Да
835,rus,Нет,Женщина,27 - 31,3 - 6,Маркетинг | SMM | SEO,Senior,Fintech,Алматы,Не вижу разницы,"Рекомендации и отзывы сотрудников (нынешних или бывших), Впечатление от общения с HR или ИТ-рекрутером компании, Репутация компании на рынке (обсуждение в чатах, пабликах, каналах)",3,Нет
836,rus,Нет,Женщина,27 - 31,3 - 6,Аналитика (бизнес аналитик / системный аналитик),Junior,Fintech,Астана,Только иностранная компания (в Казахстане),"Репутация компании на рынке (обсуждение в чатах, пабликах, каналах), Рекомендации и отзывы сотрудников (нынешних или бывших), Корпоративные профили на специализированных платформах (LinkedIn, hh.kz и пр.)",5,Нет
837,rus,Нет,Мужчина,27 - 31,3 - 6,Backend разработка,Senior,Fintech,Алматы,Не вижу разницы,"Рекомендации и отзывы сотрудников (нынешних или бывших), Репутация компании на рынке (обсуждение в чатах, пабликах, каналах), Рейтинги",5,Да
838,rus,Нет,Женщина,27 - 31,3 - 6,ИТ безопасность,Middle,Fintech,Алматы,Хочу работать только на иностранную компанию (удаленно из Казахстана),"Репутация компании на рынке (обсуждение в чатах, пабликах, каналах), Официальный сайт компании, Рекомендации и отзывы сотрудников (нынешних или бывших)",5,Да
839,rus,Да,Женщина,37 - 41,Менее 2 лет,AI | ML | VR/AR,Senior,Fintech,Живу за пределами Казахстана,Не вижу разницы,"Впечатление от общения с HR или ИТ-рекрутером компании, Личный бренд основателя или руководителя компании, Рекомендации и отзывы сотрудников (нынешних или бывших)",5,Да
840,rus,Нет,Женщина,37 - 41,Менее 2 лет,ИТ безопасность,Senior,Fintech,Алматы,Только иностранная компания (в Казахстане),"Репутация компании на рынке (обсуждение в чатах, пабликах, каналах), Рекомендации и отзывы сотрудников (нынешних или бывших), Корпоративные профили на специализированных платформах (LinkedIn, hh.kz и пр.)",5,Нет
841,rus,Нет,Женщина,32 - 36,3 - 6,HR | ИТ подбор,Middle,Телекоммуникации,Алматы,Не вижу разницы,"Впечатление от общения с HR или ИТ-рекрутером компании, Рейтинги, Личный бренд основателя или руководителя компании",5,Нет
842,rus,Нет,Женщина,37 - 41,3 - 6,Аналитика (бизнес аналитик / системный аналитик),Middle,Разработка ПО | IT Outsourcing,Алматы,Не вижу разницы,"Рекомендации и отзывы сотрудников (нынешних или бывших), Личный опыт использования цифрового продукта или услуги компании, Впечатление от общения с HR или ИТ-рекрутером компании",4,Да
843,rus,Нет,Женщина,37 - 41,Менее 2 лет,HR | ИТ подбор,Middle,Телекоммуникации,Тараз,Только иностранная компания (в Казахстане),"Репутация компании на рынке (обсуждение в чатах, пабликах, каналах), Впечатление от общения с HR или ИТ-рекрутером компании, Личный бренд основателя или руководителя компании",5,Да
844,rus,Нет,Женщина,32 - 36,3 - 6,HR | ИТ подбор,C-level (CEO + CEO-1),Горнодобывающая промышленность,Астана,Не вижу разницы,"Рекомендации и отзывы сотрудников (нынешних или бывших), Корпоративные профили на специализированных платформах (LinkedIn, hh.kz и пр.), Личный бренд основателя или руководителя компании",4,Да
845,rus,Нет,Мужчина,42 - 46,7 - 10,Аналитика (бизнес аналитик / системный аналитик),Middle,Телекоммуникации,Алматы,Не вижу разницы,"Корпоративные профили на специализированных платформах (LinkedIn, hh.kz и пр.), Репутация компании на рынке (обсуждение в чатах, пабликах, каналах), Рейтинги",5,Нет
846,rus,Нет,Женщина,37 - 41,3 - 6,Продакт менеджмент,Senior,Телекоммуникации,Алматы,Только иностранная компания (в Казахстане),"Репутация компании на рынке (обсуждение в чатах, пабликах, каналах), Рекомендации и отзывы сотрудников (нынешних или бывших), Впечатление от общения с HR или ИТ-рекрутером компании",4,Да
847,rus,Нет,Женщина,27 - 31,7 - 10,Аналитика (бизнес аналитик / системный аналитик),Middle,Fintech,Алматы,Не вижу разницы,"Рекомендации и отзывы сотрудников (нынешних или бывших), Репутация компании на рынке (обсуждение в чатах, пабликах, каналах), Впечатление от общения с HR или ИТ-рекрутером компании",4,Нет
848,rus,Нет,Мужчина,27 - 31,3 - 6,Backend разработка,Middle,Fintech,Алматы,Не вижу разницы,"Впечатление от общения с HR или ИТ-рекрутером компании, Рекомендации и отзывы сотрудников (нынешних или бывших), Личный опыт использования цифрового продукта или услуги компании",4,Нет
849,rus,Нет,Женщина,Старше 46,15 - 19,HR | ИТ подбор,Team Lead,Телекоммуникации,Алматы,Не вижу разницы,"Рекомендации и отзывы сотрудников (нынешних или бывших), Личный бренд основателя или руководителя компании, Личный опыт использования цифрового продукта или услуги компании",5,Нет
850,rus,Да,Женщина,37 - 41,15 - 19,HR | ИТ подбор,Team Lead,Fintech,Алматы,Не вижу разницы,"Репутация компании на рынке (обсуждение в чатах, пабликах, каналах), Рекомендации и отзывы сотрудников (нынешних или бывших), Личный бренд основателя или руководителя компании",5,Нет
851,rus,Да,Женщина,32 - 36,7 - 10,Маркетинг | SMM | SEO,Middle,Телекоммуникации,Алматы,Только иностранная компания (в Казахстане),"Репутация компании на рынке (обсуждение в чатах, пабликах, каналах), Личный опыт использования цифрового продукта или услуги компании, Впечатление от общения с HR или ИТ-рекрутером компании",5,Да
852,rus,Да,Женщина,42 - 46,7 - 10,HR | ИТ подбор,Team Lead,Телекоммуникации,Алматы,Только казахстанская компания,"Рекомендации и отзывы сотрудников (нынешних или бывших), Репутация компании на рынке (обсуждение в чатах, пабликах, каналах), Рейтинги",5,Нет
853,rus,Да,Женщина,37 - 41,3 - 6,HR | ИТ подбор,Senior,Fintech,Алматы,Не вижу разницы,"Репутация компании на рынке (обсуждение в чатах, пабликах, каналах), Рейтинги, Личный опыт использования цифрового продукта или услуги компании",5,Нет
854,rus,Нет,Мужчина,42 - 46,Более 20 лет,DevOps | Системное администрирование,Tribe Leader,Телекоммуникации,Астана,Только казахстанская компания,"Репутация компании на рынке (обсуждение в чатах, пабликах, каналах)",4,Да
855,rus,Нет,Женщина,42 - 46,3 - 6,HR | ИТ подбор,Team Lead,Телекоммуникации,Астана,Не вижу разницы,"Рекомендации и отзывы сотрудников (нынешних или бывших), Репутация компании на рынке (обсуждение в чатах, пабликах, каналах), Личный опыт использования цифрового продукта или услуги компании",3,Да
856,rus,Нет,Мужчина,32 - 36,Менее 2 лет,HR | ИТ подбор,Junior,Телекоммуникации,Алматы,Не вижу разницы,"Репутация компании на рынке (обсуждение в чатах, пабликах, каналах), Рекомендации и отзывы сотрудников (нынешних или бывших), Впечатление от общения с HR или ИТ-рекрутером компании",4,Нет
857,kaz,Нет,Женщина,27 - 31,Менее 2 лет,Data Science | Аналитик данных,Middle,Разработка ПО | IT Outsourcing,Алматы,Не вижу разницы,"Рекомендации и отзывы сотрудников (нынешних или бывших), Корпоративные профили на специализированных платформах (LinkedIn, hh.kz и пр.), Репутация компании на рынке (обсуждение в чатах, пабликах, каналах)",5,Нет
858,rus,Да,Мужчина,32 - 36,3 - 6,QA тестирование,Team Lead,Телекоммуникации,Алматы,Не вижу разницы,"Рекомендации и отзывы сотрудников (нынешних или бывших), Репутация компании на рынке (обсуждение в чатах, пабликах, каналах), Рейтинги",4,Нет
859,rus,Да,Женщина,27 - 31,7 - 10,Проектный менеджмент,Middle,Финансовый сектор (банк / брокер / страховая компания),Алматы,Не вижу разницы,"Личный бренд основателя или руководителя компании, Личный опыт использования цифрового продукта или услуги компании, Репутация компании на рынке (обсуждение в чатах, пабликах, каналах)",5,Да
860,rus,Нет,Мужчина,27 - 31,7 - 10,Высший менеджмент (CEO/CIO/CTO/CMO/CPO/CISO/CTIO/CAIO/CDO),C-level (CEO + CEO-1),Другое,Караганда,Не вижу разницы,"Репутация компании на рынке (обсуждение в чатах, пабликах, каналах), Рекомендации и отзывы сотрудников (нынешних или бывших), Личный бренд основателя или руководителя компании",5,Да
861,rus,Нет,Женщина,22 - 26,3 - 6,Frontend разработка,Middle,Fintech,Астана,Хочу работать только на иностранную компанию (удаленно из Казахстана),"Репутация компании на рынке (обсуждение в чатах, пабликах, каналах)",5,Нет
862,rus,Да,Мужчина,42 - 46,3 - 6,HR | ИТ подбор,Senior,ИТ продуктовая компания,Актау,Только казахстанская компания,Рейтинги,5,Да
863,rus,Нет,Мужчина,32 - 36,7 - 10,Проектный менеджмент,C-level,Финансовый сектор (банк / брокер / страховая компания),Алматы,Не вижу разницы,"Рекомендации и отзывы сотрудников (нынешних или бывших), Рейтинги, Личный опыт использования цифрового продукта или услуги компании",4,Нет
864,kaz,Нет,Мужчина,32 - 36,11 - 14,AI | ML | VR/AR,Senior,ИТ продуктовая компания,Алматы,Не вижу разницы,"Личный опыт использования цифрового продукта или услуги компании, Репутация компании на рынке (обсуждение в чатах, пабликах, каналах), Впечатление от общения с HR или ИТ-рекрутером компании",4,Да
865,rus,Нет,Женщина,Младше 21,Менее 2 лет,HR | ИТ подбор,Junior,Другое,Алматы,Не вижу разницы,"Рекомендации и отзывы сотрудников (нынешних или бывших), Репутация компании на рынке (обсуждение в чатах, пабликах, каналах), Рейтинги",1,-
866,rus,Нет,Мужчина,27 - 31,7 - 10,Backend разработка,Senior,Финансовый сектор (банк / брокер / страховая компания),Алматы,Хочу работать только на иностранную компанию (удаленно из Казахстана),"Рекомендации и отзывы сотрудников (нынешних или бывших), Впечатление от общения с HR или ИТ-рекрутером компании, Репутация компании на рынке (обсуждение в чатах, пабликах, каналах)",3,Нет
867,rus,Нет,Женщина,22 - 26,3 - 6,Backend разработка,Senior,Финансовый сектор (банк / брокер / страховая компания),Алматы,Не вижу разницы,"Рекомендации и отзывы сотрудников (нынешних или бывших), Репутация компании на рынке (обсуждение в чатах, пабликах, каналах), Рейтинги",5,Нет
868,rus,Нет,Мужчина,32 - 36,3 - 6,HR | ИТ подбор,Team Lead,E-commerce | Логистика,Астана,Не вижу разницы,"Рейтинги, Личный бренд основателя или руководителя компании, Личный опыт использования цифрового продукта или услуги компании",4,Да
869,rus,Нет,Мужчина,22 - 26,3 - 6,Backend разработка,Middle,Финансовый сектор (банк / брокер / страховая компания),Алматы,Не вижу разницы,"Репутация компании на рынке (обсуждение в чатах, пабликах, каналах), Впечатление от общения с HR или ИТ-рекрутером компании, Рекомендации и отзывы сотрудников (нынешних или бывших)",5,Нет
870,rus,Нет,Женщина,32 - 36,Менее 2 лет,Аналитика (бизнес аналитик / системный аналитик),Middle,Телекоммуникации,Астана,Не вижу разницы,"Репутация компании на рынке (обсуждение в чатах, пабликах, каналах), Рекомендации и отзывы сотрудников (нынешних или бывших), Впечатление от общения с HR или ИТ-рекрутером компании",4,Да
871,rus,Нет,Мужчина,27 - 31,3 - 6,Backend разработка,Middle,Fintech,Алматы,Не вижу разницы,"Рейтинги, Рекомендации и отзывы сотрудников (нынешних или бывших), Личный опыт использования цифрового продукта или услуги компании",4,Нет
872,rus,Нет,Женщина,27 - 31,7 - 10,HR | ИТ подбор,Team Lead,ИТ продуктовая компания,Алматы,Хочу работать только на иностранную компанию (удаленно из Казахстана),"Впечатление от общения с HR или ИТ-рекрутером компании, Репутация компании на рынке (обсуждение в чатах, пабликах, каналах), Личный бренд основателя или руководителя компании",5,Да
873,rus,Нет,Мужчина,22 - 26,3 - 6,DevOps | Системное администрирование,Junior,Финансовый сектор (банк / брокер / страховая компания),Алматы,Не вижу разницы,"Рекомендации и отзывы сотрудников (нынешних или бывших), Репутация компании на рынке (обсуждение в чатах, пабликах, каналах), Личный бренд основателя или руководителя компании",5,Да
874,rus,Нет,Мужчина,32 - 36,Менее 2 лет,Высший менеджмент (CEO/CIO/CTO/CMO/CPO/CISO/CTIO/CAIO/CDO),C-level (CEO + CEO-1),Fintech,Алматы,Только иностранная компания (в Казахстане),"Рейтинги, Впечатление от общения с HR или ИТ-рекрутером компании, Репутация компании на рынке (обсуждение в чатах, пабликах, каналах)",4,Да
875,rus,Нет,Мужчина,22 - 26,3 - 6,Backend разработка,Middle,Машиностроительство / Автоиндустрия,Алматы,Не вижу разницы,"Личный опыт использования цифрового продукта или услуги компании, Рекомендации и отзывы сотрудников (нынешних или бывших)",5,Да
876,rus,Нет,Мужчина,22 - 26,3 - 6,Frontend разработка,Senior,ИТ продуктовая компания,Алматы,Не вижу разницы,"Впечатление от общения с HR или ИТ-рекрутером компании, Личный опыт использования цифрового продукта или услуги компании, Рекомендации и отзывы сотрудников (нынешних или бывших)",5,Да
877,rus,Нет,Мужчина,22 - 26,3 - 6,Продакт менеджмент,Middle,ИТ продуктовая компания,Алматы,Не вижу разницы,"Официальный сайт компании, Впечатление от общения с HR или ИТ-рекрутером компании, Репутация компании на рынке (обсуждение в чатах, пабликах, каналах)",5,Да
878,rus,Нет,Мужчина,27 - 31,3 - 6,Высший менеджмент (CEO/CIO/CTO/CMO/CPO/CISO/CTIO/CAIO/CDO),C-level,ИТ продуктовая компания,Алматы,Не вижу разницы,"Рекомендации и отзывы сотрудников (нынешних или бывших), Репутация компании на рынке (обсуждение в чатах, пабликах, каналах), Личный опыт использования цифрового продукта или услуги компании",3,Да
879,rus,Да,Мужчина,27 - 31,3 - 6,Web-design | UX/UI,Middle,ИТ продуктовая компания,Алматы,Хочу работать только на иностранную компанию (удаленно из Казахстана),"Репутация компании на рынке (обсуждение в чатах, пабликах, каналах), Впечатление от общения с HR или ИТ-рекрутером компании, Личный опыт использования цифрового продукта или услуги компании",5,Да
880,rus,Нет,Женщина,22 - 26,Менее 2 лет,Web-design | UX/UI,Junior,ИТ продуктовая компания,Астана,Не вижу разницы,"Личный опыт использования цифрового продукта или услуги компании, Впечатление от общения с HR или ИТ-рекрутером компании, Репутация компании на рынке (обсуждение в чатах, пабликах, каналах)",4,Нет
881,rus,Нет,Мужчина,27 - 31,3 - 6,QA тестирование,Senior,ИТ продуктовая компания,Алматы,Хочу работать только на иностранную компанию (удаленно из Казахстана),"Рекомендации и отзывы сотрудников (нынешних или бывших), Впечатление от общения с HR или ИТ-рекрутером компании, Репутация компании на рынке (обсуждение в чатах, пабликах, каналах)",3,Да
882,rus,Нет,Мужчина,27 - 31,7 - 10,Backend разработка,Senior,Fintech,Алматы,Не вижу разницы,"Рекомендации и отзывы сотрудников (нынешних или бывших), Репутация компании на рынке (обсуждение в чатах, пабликах, каналах), Рейтинги",4,Нет
883,rus,Нет,Мужчина,22 - 26,3 - 6,Backend разработка,Senior,E-commerce | Логистика,Каскелен,Хочу работать только на иностранную компанию (удаленно из Казахстана),"Рейтинги, Личный опыт использования цифрового продукта или услуги компании, Корпоративные профили на специализированных платформах (LinkedIn, hh.kz и пр.)",4,Нет
884,rus,Нет,Женщина,22 - 26,3 - 6,Frontend разработка,Middle,E-commerce | Логистика,Алматы,Не вижу разницы,"Репутация компании на рынке (обсуждение в чатах, пабликах, каналах), Рекомендации и отзывы сотрудников (нынешних или бывших), Официальный сайт компании",5,Нет
885,rus,Нет,Мужчина,27 - 31,7 - 10,Backend разработка,Senior,Машиностроительство / Автоиндустрия,Алматы,Только казахстанская компания,"Репутация компании на рынке (обсуждение в чатах, пабликах, каналах), Рекомендации и отзывы сотрудников (нынешних или бывших), Личный бренд основателя или руководителя компании",4,Да
886,rus,Нет,Мужчина,Старше 46,Более 20 лет,ИТ безопасность,C-level,Машиностроительство / Автоиндустрия,Алматы,Не вижу разницы,"Рекомендации и отзывы сотрудников (нынешних или бывших), Репутация компании на рынке (обсуждение в чатах, пабликах, каналах), Личный опыт использования цифрового продукта или услуги компании",3,Да
887,rus,Нет,Женщина,27 - 31,7 - 10,Frontend разработка,Team Lead,Машиностроительство / Автоиндустрия,Алматы,Хочу работать только на иностранную компанию (удаленно из Казахстана),"Впечатление от общения с HR или ИТ-рекрутером компании, Репутация компании на рынке (обсуждение в чатах, пабликах, каналах), Рекомендации и отзывы сотрудников (нынешних или бывших)",5,Нет
888,rus,Нет,Мужчина,22 - 26,3 - 6,Backend разработка,Middle,Финансовый сектор (банк / брокер / страховая компания),Астана,Хочу работать только на иностранную компанию (удаленно из Казахстана),"Рекомендации и отзывы сотрудников (нынешних или бывших), Впечатление от общения с HR или ИТ-рекрутером компании, Репутация компании на рынке (обсуждение в чатах, пабликах, каналах)",4,Нет
889,rus,Нет,Мужчина,27 - 31,3 - 6,Маркетинг | SMM | SEO,Senior,E-commerce | Логистика,Алматы,Хочу работать только на иностранную компанию (удаленно из Казахстана),"Рейтинги, Репутация компании на рынке (обсуждение в чатах, пабликах, каналах), Личный опыт использования цифрового продукта или услуги компании",5,Да
890,rus,Нет,Мужчина,42 - 46,Более 20 лет,DevOps | Системное администрирование,Middle,Финансовый сектор (банк / брокер / страховая компания),Алматы,Не вижу разницы,"Рекомендации и отзывы сотрудников (нынешних или бывших), Рейтинги, Репутация компании на рынке (обсуждение в чатах, пабликах, каналах)",5,Нет
891,rus,Нет,Женщина,22 - 26,3 - 6,Web-design | UX/UI,Middle,ИТ продуктовая компания,Астана,Не вижу разницы,"Рекомендации и отзывы сотрудников (нынешних или бывших), Репутация компании на рынке (обсуждение в чатах, пабликах, каналах)",5,Нет
892,rus,Нет,Женщина,32 - 36,7 - 10,DBA | администратор базы данных,Senior,Финансовый сектор (банк / брокер / страховая компания),Алматы,Не вижу разницы,"Рекомендации и отзывы сотрудников (нынешних или бывших), Впечатление от общения с HR или ИТ-рекрутером компании, Рейтинги",5,Да
893,rus,Нет,Женщина,22 - 26,Менее 2 лет,HR | ИТ подбор,Middle,ИТ продуктовая компания,Алматы,Только казахстанская компания,"Репутация компании на рынке (обсуждение в чатах, пабликах, каналах), Рекомендации и отзывы сотрудников (нынешних или бывших), Личный опыт использования цифрового продукта или услуги компании",3,Да
894,rus,Нет,Женщина,27 - 31,Менее 2 лет,Проектный менеджмент,Senior,E-commerce | Логистика,Алматы,Только иностранная компания (в Казахстане),"Впечатление от общения с HR или ИТ-рекрутером компании, Рекомендации и отзывы сотрудников (нынешних или бывших), Репутация компании на рынке (обсуждение в чатах, пабликах, каналах)",4,Да
895,rus,Да,Мужчина,37 - 41,Более 20 лет,Высший менеджмент (CEO/CIO/CTO/CMO/CPO/CISO/CTIO/CAIO/CDO),C-level (CEO + CEO-1),ИТ продуктовая компания,Алматы,Не вижу разницы,"Репутация компании на рынке (обсуждение в чатах, пабликах, каналах), Рекомендации и отзывы сотрудников (нынешних или бывших), Рейтинги",5,Да
896,rus,Нет,Женщина,37 - 41,11 - 14,HR | ИТ подбор,Senior,Разработка ПО | IT Outsourcing,Астана,Только казахстанская компания,"Репутация компании на рынке (обсуждение в чатах, пабликах, каналах), Рекомендации и отзывы сотрудников (нынешних или бывших), Личный опыт использования цифрового продукта или услуги компании",5,Нет
897,rus,Нет,Женщина,37 - 41,7 - 10,HR | ИТ подбор,Middle,Телекоммуникации,Алматы,Только иностранная компания (в Казахстане),"Рекомендации и отзывы сотрудников (нынешних или бывших), Репутация компании на рынке (обсуждение в чатах, пабликах, каналах), Впечатление от общения с HR или ИТ-рекрутером компании",5,Да
898,rus,Нет,Мужчина,32 - 36,11 - 14,Backend разработка,Senior,Fintech,Алматы,Только казахстанская компания,"Рекомендации и отзывы сотрудников (нынешних или бывших), Репутация компании на рынке (обсуждение в чатах, пабликах, каналах), Личный бренд основателя или руководителя компании",4,Да
899,rus,Нет,Мужчина,37 - 41,11 - 14,Продакт менеджмент,Team Lead,Нефтегазовая / Химическая промышленность / Нефтесервис,Алматы,Хочу работать только на иностранную компанию (удаленно из Казахстана),"Корпоративные профили на специализированных платформах (LinkedIn, hh.kz и пр.), Рекомендации и отзывы сотрудников (нынешних или бывших), Официальный сайт компании",3,Нет
900,rus,Нет,Женщина,37 - 41,11 - 14,Продакт менеджмент,Team Lead,Телекоммуникации,Астана,Только иностранная компания (в Казахстане),"Рекомендации и отзывы сотрудников (нынешних или бывших), Репутация компании на рынке (обсуждение в чатах, пабликах, каналах), Рейтинги",5,Да
901,rus,Нет,Женщина,27 - 31,3 - 6,Аналитика (бизнес аналитик / системный аналитик),Senior,Fintech,Алматы,Не вижу разницы,"Репутация компании на рынке (обсуждение в чатах, пабликах, каналах), Рекомендации и отзывы сотрудников (нынешних или бывших), Другое: Впечатления после собеседования",4,Да
902,rus,Да,Мужчина,27 - 31,3 - 6,Аналитика (бизнес аналитик / системный аналитик),Senior,Машиностроительство / Автоиндустрия,Алматы,Только иностранная компания (в Казахстане),"Корпоративные профили на специализированных платформах (LinkedIn, hh.kz и пр.), Рекомендации и отзывы сотрудников (нынешних или бывших), Репутация компании на рынке (обсуждение в чатах, пабликах, каналах)",4,Да
903,rus,Да,Мужчина,32 - 36,7 - 10,Data Science | Аналитик данных,Team Lead,Финансовый сектор (банк / брокер / страховая компания),Алматы,Хочу работать только на иностранную компанию (удаленно из Казахстана),"Рекомендации и отзывы сотрудников (нынешних или бывших), Личный опыт использования цифрового продукта или услуги компании, Реклама компании на профессиональных мероприятиях и митапах",5,Нет
904,rus,Нет,Мужчина,27 - 31,3 - 6,Data Science | Аналитик данных,Middle,ИТ продуктовая компания,Алматы,Только иностранная компания (в Казахстане),"Репутация компании на рынке (обсуждение в чатах, пабликах, каналах), Рекомендации и отзывы сотрудников (нынешних или бывших), Впечатление от общения с HR или ИТ-рекрутером компании",4,Нет
905,rus,Да,Мужчина,32 - 36,7 - 10,ИТ архитектура,Senior,Телекоммуникации,Алматы,Хочу работать только на иностранную компанию (удаленно из Казахстана),"Репутация компании на рынке (обсуждение в чатах, пабликах, каналах), Рейтинги",5,Да
906,rus,Нет,Женщина,32 - 36,11 - 14,Backend разработка,Senior,Fintech,Алматы,Хочу работать только на иностранную компанию (удаленно из Казахстана),"Корпоративные профили на специализированных платформах (LinkedIn, hh.kz и пр.), Репутация компании на рынке (обсуждение в чатах, пабликах, каналах), Рекомендации и отзывы сотрудников (нынешних или бывших)",5,Да
907,rus,Да,Мужчина,27 - 31,7 - 10,Backend разработка,Senior,Финансовый сектор (банк / брокер / страховая компания),Алматы,Не вижу разницы,"Рекомендации и отзывы сотрудников (нынешних или бывших), Рейтинги, Репутация компании на рынке (обсуждение в чатах, пабликах, каналах)",3,Да
908,rus,Нет,Мужчина,Старше 46,Более 20 лет,Backend разработка,Team Lead,Финансовый сектор (банк / брокер / страховая компания),Алматы,Не вижу разницы,"Репутация компании на рынке (обсуждение в чатах, пабликах, каналах), Рекомендации и отзывы сотрудников (нынешних или бывших), Личный опыт использования цифрового продукта или услуги компании",1,-
909,rus,Нет,Женщина,22 - 26,3 - 6,Проектный менеджмент,Middle,Финансовый сектор (банк / брокер / страховая компания),Алматы,Хочу работать только на иностранную компанию (удаленно из Казахстана),"Репутация компании на рынке (обсуждение в чатах, пабликах, каналах), Рекомендации и отзывы сотрудников (нынешних или бывших), Личный опыт использования цифрового продукта или услуги компании",5,Да
910,rus,Нет,Женщина,32 - 36,Менее 2 лет,QA тестирование,Middle,Финансовый сектор (банк / брокер / страховая компания),Алматы,Не вижу разницы,"Рекомендации и отзывы сотрудников (нынешних или бывших), Репутация компании на рынке (обсуждение в чатах, пабликах, каналах), Рейтинги",4,Нет
911,rus,Нет,Женщина,27 - 31,3 - 6,Маркетинг | SMM | SEO,C-level,Машиностроительство / Автоиндустрия,Алматы,Только казахстанская компания,Рекомендации и отзывы сотрудников (нынешних или бывших),5,Да
912,rus,Нет,Женщина,Старше 46,3 - 6,Проектный менеджмент,Senior,Fintech,Алматы,Только иностранная компания (в Казахстане),"Рекомендации и отзывы сотрудников (нынешних или бывших), Рейтинги, Репутация компании на рынке (обсуждение в чатах, пабликах, каналах)",4,Да
913,rus,Нет,Мужчина,27 - 31,7 - 10,Высший менеджмент (CEO/CIO/CTO/CMO/CPO/CISO/CTIO/CAIO/CDO),C-level,ИТ продуктовая компания,Алматы,Не вижу разницы,"Корпоративные профили на специализированных платформах (LinkedIn, hh.kz и пр.), Рейтинги, Впечатление от общения с HR или ИТ-рекрутером компании",4,Да
914,rus,Нет,Женщина,27 - 31,3 - 6,Проектный менеджмент,Middle,Fintech,Алматы,Не вижу разницы,"Рейтинги, Репутация компании на рынке (обсуждение в чатах, пабликах, каналах), Личный опыт использования цифрового продукта или услуги компании",3,Да
915,rus,Нет,Мужчина,22 - 26,3 - 6,Backend разработка,Senior,Финансовый сектор (банк / брокер / страховая компания),Алматы,Не вижу разницы,"Рекомендации и отзывы сотрудников (нынешних или бывших), Рейтинги, Личный опыт использования цифрового продукта или услуги компании",5,Нет
916,rus,Нет,Мужчина,27 - 31,3 - 6,Аналитика (бизнес аналитик / системный аналитик),Senior,Разработка ПО | IT Outsourcing,Астана,Хочу работать только на иностранную компанию (удаленно из Казахстана),"Рейтинги, Впечатление от общения с HR или ИТ-рекрутером компании, Рекомендации и отзывы сотрудников (нынешних или бывших)",5,Нет
917,rus,Нет,Мужчина,Младше 21,Менее 2 лет,Аналитика (бизнес аналитик / системный аналитик),Junior,Разработка ПО | IT Outsourcing,Алматы,Не вижу разницы,"Личный опыт использования цифрового продукта или услуги компании, Рейтинги, Официальный сайт компании",5,Да
918,rus,Нет,Мужчина,37 - 41,15 - 19,Продакт менеджмент,Senior,Другое,Астана,Не вижу разницы,"Репутация компании на рынке (обсуждение в чатах, пабликах, каналах), Личный опыт использования цифрового продукта или услуги компании, Рекомендации и отзывы сотрудников (нынешних или бывших)",4,Нет
919,kaz,Нет,Мужчина,22 - 26,3 - 6,Аналитика (бизнес аналитик / системный аналитик),Senior,Fintech,Алматы,Только иностранная компания (в Казахстане),"Впечатление от общения с HR или ИТ-рекрутером компании, Личный опыт использования цифрового продукта или услуги компании, Репутация компании на рынке (обсуждение в чатах, пабликах, каналах)",4,Да
920,rus,Нет,Мужчина,27 - 31,7 - 10,Backend разработка,Senior,ИТ продуктовая компания,Алматы,Не вижу разницы,"Рекомендации и отзывы сотрудников (нынешних или бывших), Впечатление от общения с HR или ИТ-рекрутером компании, Репутация компании на рынке (обсуждение в чатах, пабликах, каналах)",4,Да
921,rus,Нет,Женщина,22 - 26,3 - 6,HR | ИТ подбор,Middle,Телекоммуникации,Алматы,Не вижу разницы,"Рекомендации и отзывы сотрудников (нынешних или бывших), Корпоративные профили на специализированных платформах (LinkedIn, hh.kz и пр.), Впечатление от общения с HR или ИТ-рекрутером компании",3,Нет
922,rus,Нет,Мужчина,22 - 26,3 - 6,DevOps | Системное администрирование,Senior,Телекоммуникации,Алматы,Хочу работать только на иностранную компанию (удаленно из Казахстана),"Впечатление от общения с HR или ИТ-рекрутером компании, Рейтинги, Рекомендации и отзывы сотрудников (нынешних или бывших)",3,Нет
923,rus,Нет,Мужчина,22 - 26,3 - 6,Web-design | UX/UI,Middle,Строительство / Инжиниринг / Сервис,Семей,Не вижу разницы,"Впечатление от общения с HR или ИТ-рекрутером компании, Рекомендации и отзывы сотрудников (нынешних или бывших), Репутация компании на рынке (обсуждение в чатах, пабликах, каналах)",5,Да
924,rus,Да,Мужчина,42 - 46,Более 20 лет,ИТ архитектура,Team Lead,Финансовый сектор (банк / брокер / страховая компания),Алматы,Не вижу разницы,"Рекомендации и отзывы сотрудников (нынешних или бывших), Личный опыт использования цифрового продукта или услуги компании, Репутация компании на рынке (обсуждение в чатах, пабликах, каналах)",5,Нет
925,rus,Нет,Мужчина,37 - 41,3 - 6,Backend разработка,Middle,Нефтегазовая / Химическая промышленность / Нефтесервис,Атырау,Хочу работать только на иностранную компанию (удаленно из Казахстана),"Корпоративные профили на специализированных платформах (LinkedIn, hh.kz и пр.), Рекомендации и отзывы сотрудников (нынешних или бывших), Репутация компании на рынке (обсуждение в чатах, пабликах, каналах)",4,Да
926,rus,Нет,Мужчина,32 - 36,3 - 6,Проектный менеджмент,Team Lead,ИТ продуктовая компания,Астана,Хочу работать только на иностранную компанию (удаленно из Казахстана),"Рекомендации и отзывы сотрудников (нынешних или бывших), Репутация компании на рынке (обсуждение в чатах, пабликах, каналах)",5,Да
927,rus,Нет,Женщина,22 - 26,3 - 6,Backend разработка,Middle,Fintech,Алматы,Только иностранная компания (в Казахстане),"Корпоративные профили на специализированных платформах (LinkedIn, hh.kz и пр.), Репутация компании на рынке (обсуждение в чатах, пабликах, каналах), Впечатление от общения с HR или ИТ-рекрутером компании",5,Да
928,rus,Нет,Мужчина,42 - 46,3 - 6,ИТ архитектура,Middle,Телекоммуникации,Алматы,Не вижу разницы,"Рекомендации и отзывы сотрудников (нынешних или бывших), Рейтинги, Личный опыт использования цифрового продукта или услуги компании",5,Да
929,kaz,Да,Женщина,22 - 26,3 - 6,DBA | администратор базы данных,Middle,Телекоммуникации,Астана,Не вижу разницы,"Рекомендации и отзывы сотрудников (нынешних или бывших), Впечатление от общения с HR или ИТ-рекрутером компании, Репутация компании на рынке (обсуждение в чатах, пабликах, каналах)",5,Нет
930,rus,Да,Мужчина,Старше 46,Более 20 лет,ИТ архитектура,Senior,Телекоммуникации,Алматы,Хочу работать только на иностранную компанию (удаленно из Казахстана),"Рейтинги, Впечатление от общения с HR или ИТ-рекрутером компании, Рекомендации и отзывы сотрудников (нынешних или бывших)",4,Нет
931,rus,Нет,Женщина,32 - 36,3 - 6,QA тестирование,Middle,Финансовый сектор (банк / брокер / страховая компания),Алматы,Только казахстанская компания,"Личный бренд основателя или руководителя компании, Рекомендации и отзывы сотрудников (нынешних или бывших), Репутация компании на рынке (обсуждение в чатах, пабликах, каналах)",5,Да
932,rus,Да,Женщина,Старше 46,Менее 2 лет,ИТ безопасность,Junior,Телекоммуникации,Алматы,Не вижу разницы,"Рекомендации и отзывы сотрудников (нынешних или бывших), Рейтинги, Репутация компании на рынке (обсуждение в чатах, пабликах, каналах)",5,Да
933,rus,Да,Мужчина,37 - 41,15 - 19,ИТ архитектура,Senior,Телекоммуникации,Алматы,Хочу работать только на иностранную компанию (удаленно из Казахстана),"Рекомендации и отзывы сотрудников (нынешних или бывших), Впечатление от общения с HR или ИТ-рекрутером компании, Репутация компании на рынке (обсуждение в чатах, пабликах, каналах)",5,Нет
934,rus,Нет,Женщина,22 - 26,3 - 6,Web-design | UX/UI,Middle,Телекоммуникации,Алматы,Не вижу разницы,"Рейтинги, Рекомендации и отзывы сотрудников (нынешних или бывших), Репутация компании на рынке (обсуждение в чатах, пабликах, каналах)",4,Да
935,rus,Нет,Женщина,27 - 31,3 - 6,HR | ИТ подбор,Middle,Телекоммуникации,Астана,Только казахстанская компания,"Личный опыт использования цифрового продукта или услуги компании, Впечатление от общения с HR или ИТ-рекрутером компании, Рекомендации и отзывы сотрудников (нынешних или бывших)",5,Да
936,rus,Да,Мужчина,32 - 36,Более 20 лет,ИТ архитектура,Senior,Телекоммуникации,Актау,Не вижу разницы,Другое: Вакансия/оклад/условия,5,Да
937,rus,Нет,Женщина,37 - 41,7 - 10,Data Science | Аналитик данных,Senior,Телекоммуникации,Алматы,Не вижу разницы,"Личный бренд основателя или руководителя компании, Впечатление от общения с HR или ИТ-рекрутером компании, Репутация компании на рынке (обсуждение в чатах, пабликах, каналах)",4,Да
938,rus,Да,Мужчина,32 - 36,7 - 10,Frontend разработка,Senior,ИТ продуктовая компания,Алматы,Не вижу разницы,"Рекомендации и отзывы сотрудников (нынешних или бывших), Репутация компании на рынке (обсуждение в чатах, пабликах, каналах), Впечатление от общения с HR или ИТ-рекрутером компании",4,Да
939,rus,Нет,Мужчина,Старше 46,Более 20 лет,ИТ архитектура,Tribe Leader,ИТ продуктовая компания,Астана,Хочу работать только на иностранную компанию (удаленно из Казахстана),"Репутация компании на рынке (обсуждение в чатах, пабликах, каналах), Впечатление от общения с HR или ИТ-рекрутером компании, Рекомендации и отзывы сотрудников (нынешних или бывших)",2,-
940,rus,Да,Женщина,22 - 26,3 - 6,Продакт менеджмент,Team Lead,Финансовый сектор (банк / брокер / страховая компания),Алматы,Не вижу разницы,"Рекомендации и отзывы сотрудников (нынешних или бывших), Официальный сайт компании, Впечатление от общения с HR или ИТ-рекрутером компании",5,Нет
941,rus,Нет,Женщина,32 - 36,Менее 2 лет,Продакт менеджмент,Junior,Другое,Караганда,Не вижу разницы,"Репутация компании на рынке (обсуждение в чатах, пабликах, каналах), Личный опыт использования цифрового продукта или услуги компании, Личный бренд основателя или руководителя компании",5,Нет
942,kaz,Да,Мужчина,32 - 36,3 - 6,Аналитика (бизнес аналитик / системный аналитик),Junior,Телекоммуникации,Алматы,Только иностранная компания (в Казахстане),"Рекомендации и отзывы сотрудников (нынешних или бывших), Рейтинги, Репутация компании на рынке (обсуждение в чатах, пабликах, каналах)",2,-
943,rus,Нет,Мужчина,Старше 46,Более 20 лет,Data Science | Аналитик данных,Team Lead,Телекоммуникации,Алматы,Не вижу разницы,"Репутация компании на рынке (обсуждение в чатах, пабликах, каналах), Рекомендации и отзывы сотрудников (нынешних или бывших)",4,Нет
944,rus,Нет,Женщина,22 - 26,7 - 10,DevOps | Системное администрирование,C-level,Образование / EdTech,Алматы,Хочу работать только на иностранную компанию (удаленно из Казахстана),Реклама компании на профессиональных мероприятиях и митапах,4,Нет
945,rus,Нет,Мужчина,37 - 41,15 - 19,DevOps | Системное администрирование,Team Lead,Телекоммуникации,Живу за пределами Казахстана,Не вижу разницы,"Репутация компании на рынке (обсуждение в чатах, пабликах, каналах), Рекомендации и отзывы сотрудников (нынешних или бывших), Рейтинги",5,Да
946,rus,Да,Мужчина,32 - 36,7 - 10,Аналитика (бизнес аналитик / системный аналитик),Tribe Leader,ИТ продуктовая компания,Алматы,Не вижу разницы,"Впечатление от общения с HR или ИТ-рекрутером компании, Личный опыт использования цифрового продукта или услуги компании, Репутация компании на рынке (обсуждение в чатах, пабликах, каналах)",4,Нет
947,rus,Нет,Мужчина,22 - 26,3 - 6,Аналитика (бизнес аналитик / системный аналитик),Middle,Телекоммуникации,Алматы,Не вижу разницы,"Рекомендации и отзывы сотрудников (нынешних или бывших), Личный опыт использования цифрового продукта или услуги компании, Репутация компании на рынке (обсуждение в чатах, пабликах, каналах)",5,Да
948,rus,Нет,Мужчина,27 - 31,3 - 6,Аналитика (бизнес аналитик / системный аналитик),Middle,ИТ продуктовая компания,Астана,Не вижу разницы,"Рекомендации и отзывы сотрудников (нынешних или бывших), Репутация компании на рынке (обсуждение в чатах, пабликах, каналах), Личный опыт использования цифрового продукта или услуги компании",2,-
949,rus,Нет,Женщина,37 - 41,15 - 19,Аналитика (бизнес аналитик / системный аналитик),Senior,Телекоммуникации,Астана,Только казахстанская компания,"Рекомендации и отзывы сотрудников (нынешних или бывших), Репутация компании на рынке (обсуждение в чатах, пабликах, каналах), Личный опыт использования цифрового продукта или услуги компании",5,Нет
950,rus,Нет,Мужчина,Младше 21,Менее 2 лет,ИТ архитектура,Middle,Разработка ПО | IT Outsourcing,Алматы,Не вижу разницы,"Впечатление от общения с HR или ИТ-рекрутером компании, Корпоративные профили на специализированных платформах (LinkedIn, hh.kz и пр.), Репутация компании на рынке (обсуждение в чатах, пабликах, каналах)",5,Да
951,rus,Нет,Мужчина,Младше 21,Менее 2 лет,Data Science | Аналитик данных,Junior,ИТ продуктовая компания,Алматы,Не вижу разницы,"Впечатление от общения с HR или ИТ-рекрутером компании, Рекомендации и отзывы сотрудников (нынешних или бывших)",5,Нет
952,rus,Нет,Женщина,27 - 31,3 - 6,Проектный менеджмент,Senior,Телекоммуникации,Алматы,Не вижу разницы,"Репутация компании на рынке (обсуждение в чатах, пабликах, каналах), Рекомендации и отзывы сотрудников (нынешних или бывших)",3,Да
953,rus,Да,Мужчина,22 - 26,3 - 6,Data Science | Аналитик данных,Middle,Финансовый сектор (банк / брокер / страховая компания),Алматы,Не вижу разницы,"Впечатление от общения с HR или ИТ-рекрутером компании, Корпоративные профили на специализированных платформах (LinkedIn, hh.kz и пр.), Личный бренд основателя или руководителя компании",1,-
954,kaz,Нет,Женщина,22 - 26,Менее 2 лет,Аналитика (бизнес аналитик / системный аналитик),Junior,Образование / EdTech,Астана,Не вижу разницы,"Репутация компании на рынке (обсуждение в чатах, пабликах, каналах), Реклама компании на профессиональных мероприятиях и митапах, Личный опыт использования цифрового продукта или услуги компании",3,Нет
955,rus,Нет,Женщина,27 - 31,7 - 10,Мобильная разработка,Senior,Телекоммуникации,Алматы,Не вижу разницы,"Рекомендации и отзывы сотрудников (нынешних или бывших), Реклама компании на профессиональных мероприятиях и митапах",4,Да
956,rus,Нет,Женщина,Младше 21,Менее 2 лет,Web-design | UX/UI,Junior,Другое,Алматы,Не вижу разницы,"Рекомендации и отзывы сотрудников (нынешних или бывших), Официальный сайт компании, Впечатление от общения с HR или ИТ-рекрутером компании",5,Нет
957,rus,Нет,Мужчина,27 - 31,7 - 10,Web-design | UX/UI,Team Lead,Другое,Алматы,Только казахстанская компания,"Впечатление от общения с HR или ИТ-рекрутером компании, Рекомендации и отзывы сотрудников (нынешних или бывших), Личный опыт использования цифрового продукта или услуги компании",4,Да
958,rus,Нет,Мужчина,22 - 26,Менее 2 лет,ИТ архитектура,Junior,Строительство / Инжиниринг / Сервис,Алматы,Не вижу разницы,"Репутация компании на рынке (обсуждение в чатах, пабликах, каналах), Рекомендации и отзывы сотрудников (нынешних или бывших), Личный опыт использования цифрового продукта или услуги компании",5,Нет
959,rus,Нет,Мужчина,32 - 36,Более 20 лет,DBA | администратор базы данных,Middle,Телекоммуникации,Атырау,Хочу работать только на иностранную компанию (удаленно из Казахстана),Впечатление от общения с HR или ИТ-рекрутером компании,4,Да
960,rus,Нет,Мужчина,32 - 36,3 - 6,Аналитика (бизнес аналитик / системный аналитик),Senior,ИТ продуктовая компания,Шымкент,Только казахстанская компания,Рекомендации и отзывы сотрудников (нынешних или бывших),4,Нет
961,rus,Нет,Мужчина,27 - 31,Менее 2 лет,Backend разработка,Junior,Финансовый сектор (банк / брокер / страховая компания),Алматы,Не вижу разницы,"Корпоративные профили на специализированных платформах (LinkedIn, hh.kz и пр.), Репутация компании на рынке (обсуждение в чатах, пабликах, каналах)",5,Нет
962,rus,Нет,Женщина,32 - 36,Менее 2 лет,HR | ИТ подбор,Junior,ИТ продуктовая компания,Алматы,Не вижу разницы,"Официальный сайт компании, Рекомендации и отзывы сотрудников (нынешних или бывших), Корпоративные профили на специализированных платформах (LinkedIn, hh.kz и пр.)",3,Нет
963,rus,Да,Женщина,22 - 26,3 - 6,Аналитика (бизнес аналитик / системный аналитик),Junior,Другое,Алматы,Только казахстанская компания,"Корпоративные профили на специализированных платформах (LinkedIn, hh.kz и пр.)",5,Нет
964,rus,Да,Женщина,37 - 41,7 - 10,HR | ИТ подбор,Senior,Телекоммуникации,Алматы,Не вижу разницы,"Рекомендации и отзывы сотрудников (нынешних или бывших), Впечатление от общения с HR или ИТ-рекрутером компании, Личный опыт использования цифрового продукта или услуги компании",4,Да
965,rus,Нет,Женщина,22 - 26,Менее 2 лет,HR | ИТ подбор,Junior,Телекоммуникации,Алматы,Не вижу разницы,"Репутация компании на рынке (обсуждение в чатах, пабликах, каналах), Рейтинги, Личный опыт использования цифрового продукта или услуги компании",3,Нет
966,rus,Нет,Мужчина,27 - 31,3 - 6,Backend разработка,Middle,Разработка ПО | IT Outsourcing,Алматы,Только казахстанская компания,"Официальный сайт компании, Рекомендации и отзывы сотрудников (нынешних или бывших), Репутация компании на рынке (обсуждение в чатах, пабликах, каналах)",5,Да
967,rus,Да,Мужчина,22 - 26,3 - 6,AI | ML | VR/AR,Senior,ИТ продуктовая компания,Алматы,Только казахстанская компания,"Личный бренд основателя или руководителя компании, Рейтинги, Рекомендации и отзывы сотрудников (нынешних или бывших)",5,Нет
968,rus,Нет,Женщина,32 - 36,11 - 14,Backend разработка,Middle,Телекоммуникации,Алматы,Не вижу разницы,Рекомендации и отзывы сотрудников (нынешних или бывших),5,Да
969,rus,Да,Мужчина,Старше 46,Более 20 лет,ИТ архитектура,Team Lead,Финансовый сектор (банк / брокер / страховая компания),Алматы,Не вижу разницы,"Личный опыт использования цифрового продукта или услуги компании, Рейтинги, Рекомендации и отзывы сотрудников (нынешних или бывших)",3,Да
970,rus,Нет,Мужчина,Старше 46,Более 20 лет,Backend разработка,C-level,Финансовый сектор (банк / брокер / страховая компания),Алматы,Не вижу разницы,"Репутация компании на рынке (обсуждение в чатах, пабликах, каналах), Рейтинги, Личный опыт использования цифрового продукта или услуги компании",5,Нет
971,rus,Нет,Мужчина,32 - 36,7 - 10,Backend разработка,Middle,Другое,Алматы,Не вижу разницы,"Рекомендации и отзывы сотрудников (нынешних или бывших), Репутация компании на рынке (обсуждение в чатах, пабликах, каналах), Впечатление от общения с HR или ИТ-рекрутером компании",5,Да
972,rus,Да,Мужчина,42 - 46,Более 20 лет,Data Science | Аналитик данных,Tribe Leader,Строительство / Инжиниринг / Сервис,Алматы,Не вижу разницы,"Корпоративные профили на специализированных платформах (LinkedIn, hh.kz и пр.), Личный опыт использования цифрового продукта или услуги компании, Репутация компании на рынке (обсуждение в чатах, пабликах, каналах)",2,-
973,rus,Нет,Женщина,42 - 46,15 - 19,Аналитика (бизнес аналитик / системный аналитик),Team Lead,Финансовый сектор (банк / брокер / страховая компания),Алматы,Только казахстанская компания,"Репутация компании на рынке (обсуждение в чатах, пабликах, каналах)",4,Нет
974,rus,Нет,Женщина,22 - 26,3 - 6,ИТ архитектура,Senior,Финансовый сектор (банк / брокер / страховая компания),Алматы,Не вижу разницы,Рекомендации и отзывы сотрудников (нынешних или бывших),5,Нет
975,kaz,Нет,Мужчина,32 - 36,11 - 14,Аналитика (бизнес аналитик / системный аналитик),Middle,Fintech,Алматы,Не вижу разницы,"Репутация компании на рынке (обсуждение в чатах, пабликах, каналах), Рейтинги, Личный бренд основателя или руководителя компании",3,Нет
976,rus,Нет,Женщина,27 - 31,3 - 6,Data Science | Аналитик данных,Middle,Телекоммуникации,Астана,Не вижу разницы,"Рекомендации и отзывы сотрудников (нынешних или бывших), Репутация компании на рынке (обсуждение в чатах, пабликах, каналах), Личный опыт использования цифрового продукта или услуги компании",5,Нет
977,rus,Нет,Мужчина,37 - 41,3 - 6,Проектный менеджмент,Senior,ИТ продуктовая компания,Алматы,Не вижу разницы,"Корпоративные профили на специализированных платформах (LinkedIn, hh.kz и пр.), Рекомендации и отзывы сотрудников (нынешних или бывших), Репутация компании на рынке (обсуждение в чатах, пабликах, каналах)",5,Нет
978,rus,Нет,Мужчина,22 - 26,Менее 2 лет,Data Science | Аналитик данных,Middle,ИТ продуктовая компания,Алматы,Не вижу разницы,"Корпоративные профили на специализированных платформах (LinkedIn, hh.kz и пр.), Рейтинги, Рекомендации и отзывы сотрудников (нынешних или бывших)",5,Да
979,rus,Нет,Мужчина,32 - 36,3 - 6,Data Science | Аналитик данных,Middle,Финансовый сектор (банк / брокер / страховая компания),Алматы,Не вижу разницы,"Впечатление от общения с HR или ИТ-рекрутером компании, Личный бренд основателя или руководителя компании, Репутация компании на рынке (обсуждение в чатах, пабликах, каналах)",2,-
980,rus,Да,Мужчина,37 - 41,11 - 14,Аналитика (бизнес аналитик / системный аналитик),Middle,Финансовый сектор (банк / брокер / страховая компания),Алматы,Только казахстанская компания,"Рейтинги, Впечатление от общения с HR или ИТ-рекрутером компании, Официальный сайт компании",4,Нет
981,rus,Нет,Женщина,37 - 41,15 - 19,Data Science | Аналитик данных,Middle,Финансовый сектор (банк / брокер / страховая компания),Алматы,Не вижу разницы,"Личный опыт использования цифрового продукта или услуги компании, Рекомендации и отзывы сотрудников (нынешних или бывших), Корпоративные профили на специализированных платформах (LinkedIn, hh.kz и пр.)",5,Нет
982,rus,Нет,Мужчина,Старше 46,Более 20 лет,Backend разработка,Senior,Финансовый сектор (банк / брокер / страховая компания),Алматы,Не вижу разницы,"Личный опыт использования цифрового продукта или услуги компании, Репутация компании на рынке (обсуждение в чатах, пабликах, каналах), Впечатление от общения с HR или ИТ-рекрутером компании",4,Да
983,rus,Нет,Женщина,22 - 26,Менее 2 лет,Аналитика (бизнес аналитик / системный аналитик),Junior,Телекоммуникации,Астана,Не вижу разницы,"Репутация компании на рынке (обсуждение в чатах, пабликах, каналах), Рейтинги, Корпоративные профили на специализированных платформах (LinkedIn, hh.kz и пр.)",5,Да
984,rus,Нет,Мужчина,37 - 41,7 - 10,Аналитика (бизнес аналитик / системный аналитик),Middle,Финансовый сектор (банк / брокер / страховая компания),Алматы,Только казахстанская компания,"Официальный сайт компании, Репутация компании на рынке (обсуждение в чатах, пабликах, каналах), Личный опыт использования цифрового продукта или услуги компании",5,Да
985,rus,Нет,Мужчина,22 - 26,3 - 6,QA тестирование,Middle,Телекоммуникации,Алматы,Не вижу разницы,"Впечатление от общения с HR или ИТ-рекрутером компании, Репутация компании на рынке (обсуждение в чатах, пабликах, каналах), Рекомендации и отзывы сотрудников (нынешних или бывших)",3,Нет
986,rus,Нет,Мужчина,22 - 26,3 - 6,Data Science | Аналитик данных,Middle,Fintech,Астана,Хочу работать только на иностранную компанию (удаленно из Казахстана),"Рекомендации и отзывы сотрудников (нынешних или бывших), Репутация компании на рынке (обсуждение в чатах, пабликах, каналах), Личный бренд основателя или руководителя компании",5,Нет
987,rus,Нет,Мужчина,22 - 26,3 - 6,Backend разработка,Senior,Телекоммуникации,Алматы,Не вижу разницы,"Репутация компании на рынке (обсуждение в чатах, пабликах, каналах), Рейтинги, Рекомендации и отзывы сотрудников (нынешних или бывших)",4,Да
988,rus,Нет,Мужчина,22 - 26,3 - 6,Backend разработка,Middle,E-commerce | Логистика,Алматы,Не вижу разницы,"Рекомендации и отзывы сотрудников (нынешних или бывших), Впечатление от общения с HR или ИТ-рекрутером компании, Репутация компании на рынке (обсуждение в чатах, пабликах, каналах)",5,Нет
989,rus,Нет,Мужчина,32 - 36,11 - 14,Data Science | Аналитик данных,C-level,Телекоммуникации,Алматы,Хочу работать только на иностранную компанию (удаленно из Казахстана),"Рекомендации и отзывы сотрудников (нынешних или бывших), Репутация компании на рынке (обсуждение в чатах, пабликах, каналах), Корпоративные профили на специализированных платформах (LinkedIn, hh.kz и пр.)",4,Да
990,rus,Нет,Мужчина,32 - 36,Менее 2 лет,Data Science | Аналитик данных,Junior,Телекоммуникации,Астана,Не вижу разницы,"Рекомендации и отзывы сотрудников (нынешних или бывших), Рейтинги, Репутация компании на рынке (обсуждение в чатах, пабликах, каналах)",5,Да
991,rus,Да,Мужчина,37 - 41,11 - 14,Backend разработка,Senior,Телекоммуникации,Алматы,Хочу работать только на иностранную компанию (удаленно из Казахстана),"Рекомендации и отзывы сотрудников (нынешних или бывших), Репутация компании на рынке (обсуждение в чатах, пабликах, каналах), Рейтинги",4,Нет
992,rus,Нет,Женщина,27 - 31,7 - 10,Аналитика (бизнес аналитик / системный аналитик),Team Lead,Телекоммуникации,Астана,Не вижу разницы,"Репутация компании на рынке (обсуждение в чатах, пабликах, каналах), Рекомендации и отзывы сотрудников (нынешних или бывших), Рейтинги",4,Нет
993,rus,Да,Мужчина,27 - 31,3 - 6,Мобильная разработка,Team Lead,Телекоммуникации,Астана,Хочу работать только на иностранную компанию (удаленно из Казахстана),"Рекомендации и отзывы сотрудников (нынешних или бывших), Репутация компании на рынке (обсуждение в чатах, пабликах, каналах)",5,Да
994,rus,Нет,Мужчина,37 - 41,15 - 19,Высший менеджмент (CEO/CIO/CTO/CMO/CPO/CISO/CTIO/CAIO/CDO),C-level,Финансовый сектор (банк / брокер / страховая компания),Алматы,Только казахстанская компания,"Репутация компании на рынке (обсуждение в чатах, пабликах, каналах), Рекомендации и отзывы сотрудников (нынешних или бывших), Личный опыт использования цифрового продукта или услуги компании",5,Нет
995,rus,Нет,Мужчина,27 - 31,7 - 10,Frontend разработка,Senior,ИТ продуктовая компания,Алматы,Хочу работать только на иностранную компанию (удаленно из Казахстана),"Репутация компании на рынке (обсуждение в чатах, пабликах, каналах), Личный опыт использования цифрового продукта или услуги компании, Рекомендации и отзывы сотрудников (нынешних или бывших)",5,Нет
996,rus,Нет,Мужчина,32 - 36,15 - 19,Высший менеджмент (CEO/CIO/CTO/CMO/CPO/CISO/CTIO/CAIO/CDO),C-level,Финансовый сектор (банк / брокер / страховая компания),Алматы,Не вижу разницы,"Рекомендации и отзывы сотрудников (нынешних или бывших), Впечатление от общения с HR или ИТ-рекрутером компании, Личный бренд основателя или руководителя компании",3,Да
997,rus,Да,Женщина,22 - 26,Менее 2 лет,Data Science | Аналитик данных,Middle,Fintech,Алматы,Не вижу разницы,"Официальный сайт компании, Рекомендации и отзывы сотрудников (нынешних или бывших), Личный бренд основателя или руководителя компании",5,Да
998,rus,Да,Мужчина,32 - 36,3 - 6,Backend разработка,Team Lead,Телекоммуникации,Алматы,Только иностранная компания (в Казахстане),"Рекомендации и отзывы сотрудников (нынешних или бывших), Репутация компании на рынке (обсуждение в чатах, пабликах, каналах), Впечатление от общения с HR или ИТ-рекрутером компании",5,Нет
999,rus,Нет,Мужчина,37 - 41,11 - 14,Продакт менеджмент,C-level,Разработка ПО | IT Outsourcing,Алматы,Не вижу разницы,"Рекомендации и отзывы сотрудников (нынешних или бывших), Личный опыт использования цифрового продукта или услуги компании, Впечатление от общения с HR или ИТ-рекрутером компании",5,Нет
1000,rus,Нет,Мужчина,22 - 26,3 - 6,ИТ безопасность,Senior,Телекоммуникации,Астана,Не вижу разницы,"Рекомендации и отзывы сотрудников (нынешних или бывших), Впечатление от общения с HR или ИТ-рекрутером компании, Рейтинги",5,Нет
1001,rus,Да,Мужчина,42 - 46,Более 20 лет,ИТ безопасность,C-level,Телекоммуникации,Алматы,Не вижу разницы,"Рекомендации и отзывы сотрудников (нынешних или бывших), Впечатление от общения с HR или ИТ-рекрутером компании, Репутация компании на рынке (обсуждение в чатах, пабликах, каналах)",4,Нет
1002,rus,Нет,Женщина,37 - 41,3 - 6,Проектный менеджмент,Tribe Leader,Телекоммуникации,Алматы,Не вижу разницы,"Репутация компании на рынке (обсуждение в чатах, пабликах, каналах), Рекомендации и отзывы сотрудников (нынешних или бывших), Рейтинги",4,Да
1003,rus,Нет,Женщина,37 - 41,3 - 6,Web-design | UX/UI,Middle,Образование / EdTech,Алматы,Хочу работать только на иностранную компанию (удаленно из Казахстана),Реклама компании на профессиональных мероприятиях и митапах,4,Нет
1004,rus,Нет,Мужчина,27 - 31,3 - 6,DBA | администратор базы данных,Senior,Финансовый сектор (банк / брокер / страховая компания),Алматы,Не вижу разницы,"Рекомендации и отзывы сотрудников (нынешних или бывших), Репутация компании на рынке (обсуждение в чатах, пабликах, каналах), Впечатление от общения с HR или ИТ-рекрутером компании",3,Да
1005,rus,Нет,Женщина,37 - 41,Менее 2 лет,Frontend разработка,Junior,Финансовый сектор (банк / брокер / страховая компания),Алматы,Не вижу разницы,"Рейтинги, Впечатление от общения с HR или ИТ-рекрутером компании, Репутация компании на рынке (обсуждение в чатах, пабликах, каналах)",5,Нет
1006,rus,Нет,Мужчина,22 - 26,3 - 6,Backend разработка,Middle,Финансовый сектор (банк / брокер / страховая компания),Алматы,Хочу работать только на иностранную компанию (удаленно из Казахстана),"Рекомендации и отзывы сотрудников (нынешних или бывших), Впечатление от общения с HR или ИТ-рекрутером компании, Другое: Заработная плата",5,Да
1007,rus,Нет,Мужчина,22 - 26,15 - 19,Маркетинг | SMM | SEO,Senior,Образование / EdTech,Атырау,Не вижу разницы,Реклама компании на профессиональных мероприятиях и митапах,5,Нет
1008,rus,Нет,Мужчина,32 - 36,11 - 14,Backend разработка,Team Lead,Финансовый сектор (банк / брокер / страховая компания),Алматы,Не вижу разницы,"Репутация компании на рынке (обсуждение в чатах, пабликах, каналах), Корпоративные профили на специализированных платформах (LinkedIn, hh.kz и пр.), Рекомендации и отзывы сотрудников (нынешних или бывших)",5,Да
1009,rus,Нет,Мужчина,32 - 36,11 - 14,DevOps | Системное администрирование,Team Lead,Финансовый сектор (банк / брокер / страховая компания),Алматы,Не вижу разницы,"Личный бренд основателя или руководителя компании, Рекомендации и отзывы сотрудников (нынешних или бывших), Рейтинги",4,Да
1010,rus,Да,Мужчина,27 - 31,3 - 6,Data Science | Аналитик данных,Middle,Телекоммуникации,Астана,Не вижу разницы,"Впечатление от общения с HR или ИТ-рекрутером компании, Рекомендации и отзывы сотрудников (нынешних или бывших), Репутация компании на рынке (обсуждение в чатах, пабликах, каналах)",5,Да
1011,rus,Да,Мужчина,37 - 41,15 - 19,Аналитика (бизнес аналитик / системный аналитик),Team Lead,ИТ продуктовая компания,Алматы,Не вижу разницы,"Рекомендации и отзывы сотрудников (нынешних или бывших), Репутация компании на рынке (обсуждение в чатах, пабликах, каналах), Личный опыт использования цифрового продукта или услуги компании",5,Нет
1012,rus,Да,Мужчина,37 - 41,3 - 6,GameDev,Middle,Телекоммуникации,Алматы,Не вижу разницы,"Личный опыт использования цифрового продукта или услуги компании, Корпоративные профили на специализированных платформах (LinkedIn, hh.kz и пр.), Рейтинги",5,Да
1013,rus,Нет,Мужчина,32 - 36,Менее 2 лет,Data Science | Аналитик данных,Middle,ИТ продуктовая компания,Алматы,Не вижу разницы,"Личный опыт использования цифрового продукта или услуги компании, Впечатление от общения с HR или ИТ-рекрутером компании, Рекомендации и отзывы сотрудников (нынешних или бывших)",4,Да
1014,rus,Да,Мужчина,37 - 41,7 - 10,ИТ архитектура,Senior,Телекоммуникации,Алматы,Не вижу разницы,"Рекомендации и отзывы сотрудников (нынешних или бывших), Репутация компании на рынке (обсуждение в чатах, пабликах, каналах), Реклама компании на профессиональных мероприятиях и митапах",5,Нет
1015,rus,Нет,Мужчина,22 - 26,3 - 6,Backend разработка,Team Lead,Финансовый сектор (банк / брокер / страховая компания),Алматы,Не вижу разницы,"Репутация компании на рынке (обсуждение в чатах, пабликах, каналах), Впечатление от общения с HR или ИТ-рекрутером компании, Рекомендации и отзывы сотрудников (нынешних или бывших)",3,Нет
1016,rus,Нет,Мужчина,37 - 41,7 - 10,Проектный менеджмент,Tribe Leader,Телекоммуникации,Астана,Только казахстанская компания,"Рекомендации и отзывы сотрудников (нынешних или бывших), Репутация компании на рынке (обсуждение в чатах, пабликах, каналах), Впечатление от общения с HR или ИТ-рекрутером компании",4,Да
1017,rus,Нет,Мужчина,37 - 41,Более 20 лет,GameDev,Senior,ИТ продуктовая компания,Астана,Хочу работать только на иностранную компанию (удаленно из Казахстана),"Репутация компании на рынке (обсуждение в чатах, пабликах, каналах)",2,-
1018,kaz,Да,Мужчина,32 - 36,7 - 10,AI | ML | VR/AR,Senior,Нефтегазовая / Химическая промышленность / Нефтесервис,Астана,Только иностранная компания (в Казахстане),Рекомендации и отзывы сотрудников (нынешних или бывших),5,Нет
1019,rus,Нет,Женщина,32 - 36,3 - 6,Мобильная разработка,Middle,ИТ продуктовая компания,Астана,Только казахстанская компания,"Личный бренд основателя или руководителя компании, Рекомендации и отзывы сотрудников (нынешних или бывших), Репутация компании на рынке (обсуждение в чатах, пабликах, каналах)",5,Нет
1020,rus,Нет,Женщина,32 - 36,Менее 2 лет,Высший менеджмент (CEO/CIO/CTO/CMO/CPO/CISO/CTIO/CAIO/CDO),Middle,Другое,Алматы,Только казахстанская компания,"Рекомендации и отзывы сотрудников (нынешних или бывших), Репутация компании на рынке (обсуждение в чатах, пабликах, каналах), Личный бренд основателя или руководителя компании",5,Да
1021,rus,Да,Женщина,37 - 41,3 - 6,Проектный менеджмент,Senior,Агрегатор / Платформа,Алматы,Только казахстанская компания,"Личный бренд основателя или руководителя компании, Репутация компании на рынке (обсуждение в чатах, пабликах, каналах), Личный опыт использования цифрового продукта или услуги компании",5,Нет
1022,rus,Да,Мужчина,32 - 36,11 - 14,Backend разработка,Team Lead,Телекоммуникации,Алматы,Не вижу разницы,"Репутация компании на рынке (обсуждение в чатах, пабликах, каналах), Впечатление от общения с HR или ИТ-рекрутером компании, Личный опыт использования цифрового продукта или услуги компании",1,-
1023,rus,Нет,Женщина,22 - 26,Менее 2 лет,Backend разработка,Junior,Fintech,Астана,Не вижу разницы,"Репутация компании на рынке (обсуждение в чатах, пабликах, каналах), Корпоративные профили на специализированных платформах (LinkedIn, hh.kz и пр.), Впечатление от общения с HR или ИТ-рекрутером компании",3,Да
1024,rus,Нет,Мужчина,22 - 26,3 - 6,Backend разработка,Middle,Финансовый сектор (банк / брокер / страховая компания),Алматы,Не вижу разницы,"Рекомендации и отзывы сотрудников (нынешних или бывших), Личный опыт использования цифрового продукта или услуги компании, Репутация компании на рынке (обсуждение в чатах, пабликах, каналах)",3,Да
1025,kaz,Нет,Мужчина,32 - 36,7 - 10,Аналитика (бизнес аналитик / системный аналитик),Middle,ИТ продуктовая компания,Алматы,Не вижу разницы,"Впечатление от общения с HR или ИТ-рекрутером компании, Личный опыт использования цифрового продукта или услуги компании, Репутация компании на рынке (обсуждение в чатах, пабликах, каналах)",5,Да
1026,rus,Да,Женщина,37 - 41,15 - 19,Маркетинг | SMM | SEO,Tribe Leader,Fintech,Астана,Не вижу разницы,"Репутация компании на рынке (обсуждение в чатах, пабликах, каналах), Личный бренд основателя или руководителя компании, Впечатление от общения с HR или ИТ-рекрутером компании",5,Да
1027,rus,Нет,Мужчина,32 - 36,11 - 14,Продакт менеджмент,C-level,Финансовый сектор (банк / брокер / страховая компания),Алматы,Не вижу разницы,"Рекомендации и отзывы сотрудников (нынешних или бывших), Личный опыт использования цифрового продукта или услуги компании, Рейтинги",5,Да
1028,rus,Нет,Мужчина,22 - 26,3 - 6,Frontend разработка,Senior,ИТ продуктовая компания,Астана,Не вижу разницы,"Рекомендации и отзывы сотрудников (нынешних или бывших), Впечатление от общения с HR или ИТ-рекрутером компании, Репутация компании на рынке (обсуждение в чатах, пабликах, каналах)",3,Нет
1029,rus,Нет,Женщина,27 - 31,3 - 6,QA тестирование,Middle,Телекоммуникации,Астана,Не вижу разницы,"Рекомендации и отзывы сотрудников (нынешних или бывших), Личный опыт использования цифрового продукта или услуги компании, Репутация компании на рынке (обсуждение в чатах, пабликах, каналах)",5,Да
1030,rus,Нет,Женщина,27 - 31,3 - 6,Аналитика (бизнес аналитик / системный аналитик),Middle,ИТ продуктовая компания,Астана,Только иностранная компания (в Казахстане),"Впечатление от общения с HR или ИТ-рекрутером компании, Рекомендации и отзывы сотрудников (нынешних или бывших), Корпоративные профили на специализированных платформах (LinkedIn, hh.kz и пр.)",4,Да
1031,rus,Нет,Мужчина,27 - 31,11 - 14,Backend разработка,Middle,Телекоммуникации,Астана,Не вижу разницы,"Личный опыт использования цифрового продукта или услуги компании, Впечатление от общения с HR или ИТ-рекрутером компании, Репутация компании на рынке (обсуждение в чатах, пабликах, каналах)",4,Да
1032,kaz,Да,Мужчина,27 - 31,3 - 6,Backend разработка,Senior,ИТ продуктовая компания,Живу за пределами Казахстана,Не вижу разницы,"Личный опыт использования цифрового продукта или услуги компании, Официальный сайт компании, Корпоративные профили на специализированных платформах (LinkedIn, hh.kz и пр.)",5,Да
1033,rus,Нет,Женщина,32 - 36,3 - 6,HR | ИТ подбор,Middle,ИТ продуктовая компания,Астана,Не вижу разницы,"Рекомендации и отзывы сотрудников (нынешних или бывших), Официальный сайт компании, Личный опыт использования цифрового продукта или услуги компании",5,Да
1034,rus,Нет,Женщина,37 - 41,11 - 14,Аналитика (бизнес аналитик / системный аналитик),Senior,Телекоммуникации,Астана,Не вижу разницы,"Репутация компании на рынке (обсуждение в чатах, пабликах, каналах), Рекомендации и отзывы сотрудников (нынешних или бывших), Личный опыт использования цифрового продукта или услуги компании",5,Да
1035,rus,Нет,Женщина,32 - 36,3 - 6,Проектный менеджмент,Middle,Телекоммуникации,Астана,Не вижу разницы,"Впечатление от общения с HR или ИТ-рекрутером компании, Рекомендации и отзывы сотрудников (нынешних или бывших), Репутация компании на рынке (обсуждение в чатах, пабликах, каналах)",5,Да
1036,rus,Нет,Женщина,32 - 36,7 - 10,Проектный менеджмент,Team Lead,Телекоммуникации,Астана,Не вижу разницы,"Репутация компании на рынке (обсуждение в чатах, пабликах, каналах), Рекомендации и отзывы сотрудников (нынешних или бывших), Впечатление от общения с HR или ИТ-рекрутером компании",3,Нет
1037,rus,Нет,Мужчина,27 - 31,7 - 10,Backend разработка,Senior,ИТ продуктовая компания,Астана,Не вижу разницы,"Репутация компании на рынке (обсуждение в чатах, пабликах, каналах), Рекомендации и отзывы сотрудников (нынешних или бывших), Впечатление от общения с HR или ИТ-рекрутером компании",5,Да
1038,rus,Нет,Мужчина,32 - 36,7 - 10,Проектный менеджмент,Senior,ИТ продуктовая компания,Астана,Не вижу разницы,"Репутация компании на рынке (обсуждение в чатах, пабликах, каналах), Рекомендации и отзывы сотрудников (нынешних или бывших), Реклама компании на профессиональных мероприятиях и митапах",5,Да
1039,rus,Да,Мужчина,42 - 46,11 - 14,ИТ архитектура,Team Lead,Разработка ПО | IT Outsourcing,Астана,Только иностранная компания (в Казахстане),"Впечатление от общения с HR или ИТ-рекрутером компании, Репутация компании на рынке (обсуждение в чатах, пабликах, каналах), Рекомендации и отзывы сотрудников (нынешних или бывших)",5,Да
1040,rus,Нет,Мужчина,22 - 26,3 - 6,Backend разработка,Middle,ИТ продуктовая компания,Астана,Не вижу разницы,"Рекомендации и отзывы сотрудников (нынешних или бывших), Репутация компании на рынке (обсуждение в чатах, пабликах, каналах), Рейтинги",2,-
1041,rus,Нет,Женщина,27 - 31,7 - 10,QA тестирование,Middle,ИТ продуктовая компания,Астана,Хочу работать только на иностранную компанию (удаленно из Казахстана),"Официальный сайт компании, Репутация компании на рынке (обсуждение в чатах, пабликах, каналах), Впечатление от общения с HR или ИТ-рекрутером компании",5,Да
1042,rus,Нет,Мужчина,42 - 46,7 - 10,Высший менеджмент (CEO/CIO/CTO/CMO/CPO/CISO/CTIO/CAIO/CDO),C-level,Fintech,Алматы,Не вижу разницы,"Репутация компании на рынке (обсуждение в чатах, пабликах, каналах), Впечатление от общения с HR или ИТ-рекрутером компании, Рекомендации и отзывы сотрудников (нынешних или бывших)",4,Да
1043,rus,Нет,Мужчина,27 - 31,Менее 2 лет,DevOps | Системное администрирование,Junior,ИТ продуктовая компания,Алматы,Не вижу разницы,Рекомендации и отзывы сотрудников (нынешних или бывших),5,Да
1044,rus,Нет,Женщина,27 - 31,3 - 6,ИТ безопасность,Senior,ИТ продуктовая компания,Алматы,Только казахстанская компания,"Рекомендации и отзывы сотрудников (нынешних или бывших), Репутация компании на рынке (обсуждение в чатах, пабликах, каналах), Впечатление от общения с HR или ИТ-рекрутером компании",5,Да
1045,rus,Нет,Женщина,Старше 46,15 - 19,Высший менеджмент (CEO/CIO/CTO/CMO/CPO/CISO/CTIO/CAIO/CDO),Team Lead,ИТ продуктовая компания,Алматы,Только иностранная компания (в Казахстане),"Репутация компании на рынке (обсуждение в чатах, пабликах, каналах)",3,Да
1046,rus,Нет,Женщина,27 - 31,7 - 10,DevOps | Системное администрирование,Middle,ИТ продуктовая компания,Алматы,Не вижу разницы,"Репутация компании на рынке (обсуждение в чатах, пабликах, каналах), Рейтинги, Корпоративные профили на специализированных платформах (LinkedIn, hh.kz и пр.)",4,Да
1047,rus,Нет,Мужчина,27 - 31,7 - 10,Проектный менеджмент,C-level,ИТ продуктовая компания,Астана,Только казахстанская компания,"Рекомендации и отзывы сотрудников (нынешних или бывших), Личный бренд основателя или руководителя компании, Репутация компании на рынке (обсуждение в чатах, пабликах, каналах)",5,Да
1048,rus,Нет,Мужчина,37 - 41,15 - 19,DevOps | Системное администрирование,Middle,ИТ продуктовая компания,Алматы,Не вижу разницы,"Корпоративные профили на специализированных платформах (LinkedIn, hh.kz и пр.), Официальный сайт компании, Личный бренд основателя или руководителя компании",3,Нет
1049,rus,Нет,Женщина,37 - 41,7 - 10,Аналитика (бизнес аналитик / системный аналитик),Middle,Разработка ПО | IT Outsourcing,Алматы,Не вижу разницы,"Репутация компании на рынке (обсуждение в чатах, пабликах, каналах), Реклама компании на профессиональных мероприятиях и митапах, Рейтинги",5,Да
1050,rus,Нет,Мужчина,37 - 41,15 - 19,Backend разработка,Team Lead,ИТ продуктовая компания,Алматы,Не вижу разницы,"Репутация компании на рынке (обсуждение в чатах, пабликах, каналах), Рекомендации и отзывы сотрудников (нынешних или бывших), Впечатление от общения с HR или ИТ-рекрутером компании",5,Да
1051,rus,Да,Мужчина,27 - 31,3 - 6,Проектный менеджмент,Junior,Телекоммуникации,Алматы,Хочу работать только на иностранную компанию (удаленно из Казахстана),"Репутация компании на рынке (обсуждение в чатах, пабликах, каналах), Рекомендации и отзывы сотрудников (нынешних или бывших), Впечатление от общения с HR или ИТ-рекрутером компании",5,Да
1052,rus,Нет,Мужчина,22 - 26,Менее 2 лет,Data Science | Аналитик данных,Junior,Fintech,Алматы,Не вижу разницы,"Личный бренд основателя или руководителя компании, Реклама компании на профессиональных мероприятиях и митапах, Репутация компании на рынке (обсуждение в чатах, пабликах, каналах)",5,Да
1053,rus,Нет,Мужчина,32 - 36,7 - 10,Data Science | Аналитик данных,Senior,Разработка ПО | IT Outsourcing,Атырау,Хочу работать только на иностранную компанию (удаленно из Казахстана),"Репутация компании на рынке (обсуждение в чатах, пабликах, каналах), Рекомендации и отзывы сотрудников (нынешних или бывших), Впечатление от общения с HR или ИТ-рекрутером компании",4,Нет
1054,kaz,Нет,Мужчина,32 - 36,11 - 14,Продакт менеджмент,Tribe Leader,Fintech,Алматы,Не вижу разницы,"Рекомендации и отзывы сотрудников (нынешних или бывших), Репутация компании на рынке (обсуждение в чатах, пабликах, каналах), Впечатление от общения с HR или ИТ-рекрутером компании",3,Да
1055,rus,Нет,Мужчина,32 - 36,7 - 10,Backend разработка,Senior,ИТ продуктовая компания,Алматы,Не вижу разницы,"Реклама компании на профессиональных мероприятиях и митапах, Рекомендации и отзывы сотрудников (нынешних или бывших), Репутация компании на рынке (обсуждение в чатах, пабликах, каналах)",4,Да
1056,rus,Нет,Женщина,27 - 31,3 - 6,Проектный менеджмент,Middle,Финансовый сектор (банк / брокер / страховая компания),Алматы,Хочу работать только на иностранную компанию (удаленно из Казахстана),"Личный бренд основателя или руководителя компании, Личный опыт использования цифрового продукта или услуги компании, Рекомендации и отзывы сотрудников (нынешних или бывших)",5,Нет
1057,rus,Нет,Мужчина,37 - 41,Более 20 лет,ИТ архитектура,Senior,Другое,Алматы,Не вижу разницы,"Рекомендации и отзывы сотрудников (нынешних или бывших), Репутация компании на рынке (обсуждение в чатах, пабликах, каналах), Личный опыт использования цифрового продукта или услуги компании",3,Да
1058,rus,Да,Женщина,27 - 31,3 - 6,Аналитика (бизнес аналитик / системный аналитик),Junior,Телекоммуникации,Алматы,Не вижу разницы,"Репутация компании на рынке (обсуждение в чатах, пабликах, каналах), Впечатление от общения с HR или ИТ-рекрутером компании, Рейтинги",5,Нет
1059,rus,Нет,Женщина,22 - 26,Менее 2 лет,Data Science | Аналитик данных,Middle,Финансовый сектор (банк / брокер / страховая компания),Астана,Хочу работать только на иностранную компанию (удаленно из Казахстана),"Впечатление от общения с HR или ИТ-рекрутером компании, Репутация компании на рынке (обсуждение в чатах, пабликах, каналах), Рейтинги",5,Да
1060,rus,Нет,Женщина,27 - 31,7 - 10,Продакт менеджмент,Middle,Телекоммуникации,Алматы,Не вижу разницы,"Рекомендации и отзывы сотрудников (нынешних или бывших), Корпоративные профили на специализированных платформах (LinkedIn, hh.kz и пр.), Официальный сайт компании",4,Да
1061,rus,Нет,Женщина,22 - 26,3 - 6,Маркетинг | SMM | SEO,Middle,Телекоммуникации,Алматы,Только иностранная компания (в Казахстане),"Корпоративные профили на специализированных платформах (LinkedIn, hh.kz и пр.), Репутация компании на рынке (обсуждение в чатах, пабликах, каналах), Впечатление от общения с HR или ИТ-рекрутером компании",4,Да
1062,rus,Нет,Мужчина,32 - 36,7 - 10,Аналитика (бизнес аналитик / системный аналитик),Senior,Финансовый сектор (банк / брокер / страховая компания),Алматы,Не вижу разницы,"Рекомендации и отзывы сотрудников (нынешних или бывших), Впечатление от общения с HR или ИТ-рекрутером компании, Репутация компании на рынке (обсуждение в чатах, пабликах, каналах)",5,Да
1063,rus,Нет,Мужчина,37 - 41,15 - 19,Web-design | UX/UI,C-level (CEO + CEO-1),ИТ продуктовая компания,Алматы,Не вижу разницы,"Личный бренд основателя или руководителя компании, Репутация компании на рынке (обсуждение в чатах, пабликах, каналах), Впечатление от общения с HR или ИТ-рекрутером компании",3,Да
1064,rus,Нет,Мужчина,32 - 36,15 - 19,ИТ безопасность,C-level,ИТ продуктовая компания,Алматы,Только казахстанская компания,"Репутация компании на рынке (обсуждение в чатах, пабликах, каналах), Реклама компании на профессиональных мероприятиях и митапах, Личный опыт использования цифрового продукта или услуги компании",5,Да
1065,rus,Нет,Мужчина,27 - 31,3 - 6,DBA | администратор базы данных,Middle,ИТ продуктовая компания,Алматы,Не вижу разницы,"Рекомендации и отзывы сотрудников (нынешних или бывших), Репутация компании на рынке (обсуждение в чатах, пабликах, каналах), Корпоративные профили на специализированных платформах (LinkedIn, hh.kz и пр.)",4,Нет
1066,rus,Да,Мужчина,Старше 46,3 - 6,Аналитика (бизнес аналитик / системный аналитик),Senior,Fintech,Алматы,Хочу работать только на иностранную компанию (удаленно из Казахстана),"Репутация компании на рынке (обсуждение в чатах, пабликах, каналах), Рекомендации и отзывы сотрудников (нынешних или бывших), Впечатление от общения с HR или ИТ-рекрутером компании",3,Да
1067,rus,Нет,Мужчина,32 - 36,7 - 10,Data Science | Аналитик данных,Senior,Агрегатор / Платформа,Астана,Хочу работать только на иностранную компанию (удаленно из Казахстана),"Рекомендации и отзывы сотрудников (нынешних или бывших), Корпоративные профили на специализированных платформах (LinkedIn, hh.kz и пр.), Личный бренд основателя или руководителя компании",2,-
1068,rus,Нет,Женщина,27 - 31,3 - 6,ИТ архитектура,Senior,E-commerce | Логистика,Алматы,Только иностранная компания (в Казахстане),"Рейтинги, Рекомендации и отзывы сотрудников (нынешних или бывших), Впечатление от общения с HR или ИТ-рекрутером компании",5,Нет
1069,rus,Да,Женщина,42 - 46,7 - 10,Продакт менеджмент,Team Lead,Телекоммуникации,Алматы,Не вижу разницы,"Личный опыт использования цифрового продукта или услуги компании, Впечатление от общения с HR или ИТ-рекрутером компании",5,Да
1070,rus,Нет,Мужчина,22 - 26,3 - 6,Backend разработка,Middle,Разработка ПО | IT Outsourcing,Алматы,Хочу работать только на иностранную компанию (удаленно из Казахстана),"Рекомендации и отзывы сотрудников (нынешних или бывших), Репутация компании на рынке (обсуждение в чатах, пабликах, каналах)",5,Нет
1071,rus,Нет,Мужчина,27 - 31,Менее 2 лет,Маркетинг | SMM | SEO,Senior,Образование / EdTech,Актау,Хочу работать только на иностранную компанию (удаленно из Казахстана),"Личный опыт использования цифрового продукта или услуги компании, Рейтинги, Реклама компании на профессиональных мероприятиях и митапах",4,Да
1072,rus,Нет,Мужчина,32 - 36,3 - 6,AI | ML | VR/AR,Middle,Разработка ПО | IT Outsourcing,Алматы,Не вижу разницы,"Впечатление от общения с HR или ИТ-рекрутером компании, Рекомендации и отзывы сотрудников (нынешних или бывших), Репутация компании на рынке (обсуждение в чатах, пабликах, каналах)",5,Да
1073,rus,Да,Женщина,37 - 41,3 - 6,Продакт менеджмент,Senior,Телекоммуникации,Алматы,Хочу работать только на иностранную компанию (удаленно из Казахстана),"Репутация компании на рынке (обсуждение в чатах, пабликах, каналах), Впечатление от общения с HR или ИТ-рекрутером компании, Рекомендации и отзывы сотрудников (нынешних или бывших)",5,Да
1074,rus,Нет,Мужчина,22 - 26,3 - 6,ИТ безопасность,Middle,Телекоммуникации,Астана,Хочу работать только на иностранную компанию (удаленно из Казахстана),"Рекомендации и отзывы сотрудников (нынешних или бывших), Репутация компании на рынке (обсуждение в чатах, пабликах, каналах), Впечатление от общения с HR или ИТ-рекрутером компании",3,Да
1075,rus,Нет,Женщина,37 - 41,15 - 19,Data Science | Аналитик данных,Senior,Телекоммуникации,Алматы,Не вижу разницы,"Репутация компании на рынке (обсуждение в чатах, пабликах, каналах), Рекомендации и отзывы сотрудников (нынешних или бывших), Личный опыт использования цифрового продукта или услуги компании",4,Нет
1076,rus,Нет,Женщина,22 - 26,Менее 2 лет,Продакт менеджмент,Middle,Телекоммуникации,Алматы,Не вижу разницы,"Рекомендации и отзывы сотрудников (нынешних или бывших), Репутация компании на рынке (обсуждение в чатах, пабликах, каналах), Рейтинги",3,Да
1077,rus,Нет,Мужчина,27 - 31,3 - 6,ИТ архитектура,Middle,E-commerce | Логистика,Астана,Только иностранная компания (в Казахстане),"Личный бренд основателя или руководителя компании, Официальный сайт компании, Личный опыт использования цифрового продукта или услуги компании",5,Да
1078,rus,Нет,Мужчина,32 - 36,7 - 10,Проектный менеджмент,Senior,Строительство / Инжиниринг / Сервис,Астана,Только казахстанская компания,"Репутация компании на рынке (обсуждение в чатах, пабликах, каналах), Личный опыт использования цифрового продукта или услуги компании, Рекомендации и отзывы сотрудников (нынешних или бывших)",4,Нет
1079,rus,Нет,Женщина,22 - 26,3 - 6,QA тестирование,Middle,Строительство / Инжиниринг / Сервис,Астана,Хочу работать только на иностранную компанию (удаленно из Казахстана),"Рекомендации и отзывы сотрудников (нынешних или бывших), Впечатление от общения с HR или ИТ-рекрутером компании, Репутация компании на рынке (обсуждение в чатах, пабликах, каналах)",5,Нет
1080,rus,Нет,Женщина,32 - 36,11 - 14,Аналитика (бизнес аналитик / системный аналитик),Middle,ИТ продуктовая компания,Астана,Не вижу разницы,"Рекомендации и отзывы сотрудников (нынешних или бывших), Репутация компании на рынке (обсуждение в чатах, пабликах, каналах), Рейтинги",5,Да
1081,rus,Нет,Женщина,32 - 36,7 - 10,Web-design | UX/UI,Senior,Образование / EdTech,Алматы,Только казахстанская компания,"Корпоративные профили на специализированных платформах (LinkedIn, hh.kz и пр.), Репутация компании на рынке (обсуждение в чатах, пабликах, каналах), Рекомендации и отзывы сотрудников (нынешних или бывших)",5,Да
1082,kaz,Да,Мужчина,27 - 31,3 - 6,Backend разработка,Senior,Образование / EdTech,Астана,Не вижу разницы,"Впечатление от общения с HR или ИТ-рекрутером компании, Личный опыт использования цифрового продукта или услуги компании, Реклама компании на профессиональных мероприятиях и митапах",5,Да
1083,rus,Нет,Женщина,22 - 26,Менее 2 лет,QA тестирование,Junior,Образование / EdTech,Алматы,Хочу работать только на иностранную компанию (удаленно из Казахстана),"Корпоративные профили на специализированных платформах (LinkedIn, hh.kz и пр.), Официальный сайт компании, Репутация компании на рынке (обсуждение в чатах, пабликах, каналах)",4,Да
1084,rus,Нет,Мужчина,32 - 36,11 - 14,QA тестирование,Team Lead,Образование / EdTech,Астана,Хочу работать только на иностранную компанию (удаленно из Казахстана),"Личный опыт использования цифрового продукта или услуги компании, Рекомендации и отзывы сотрудников (нынешних или бывших), Репутация компании на рынке (обсуждение в чатах, пабликах, каналах)",4,Нет
1085,rus,Нет,Мужчина,32 - 36,11 - 14,Backend разработка,Senior,Разработка ПО | IT Outsourcing,Алматы,Не вижу разницы,Рекомендации и отзывы сотрудников (нынешних или бывших),5,Да
1086,rus,Да,Мужчина,37 - 41,11 - 14,Продакт менеджмент,C-level,ИТ продуктовая компания,Алматы,Не вижу разницы,"Рекомендации и отзывы сотрудников (нынешних или бывших), Впечатление от общения с HR или ИТ-рекрутером компании, Реклама компании на профессиональных мероприятиях и митапах",4,Да
1087,rus,Нет,Женщина,32 - 36,3 - 6,Проектный менеджмент,Middle,ИТ продуктовая компания,Алматы,Не вижу разницы,"Впечатление от общения с HR или ИТ-рекрутером компании, Репутация компании на рынке (обсуждение в чатах, пабликах, каналах), Личный опыт использования цифрового продукта или услуги компании",5,Да
1088,rus,Нет,Женщина,22 - 26,3 - 6,Аналитика (бизнес аналитик / системный аналитик),Middle,ИТ продуктовая компания,Алматы,Не вижу разницы,"Официальный сайт компании, Репутация компании на рынке (обсуждение в чатах, пабликах, каналах), Корпоративные профили на специализированных платформах (LinkedIn, hh.kz и пр.)",5,Да
1089,rus,Нет,Мужчина,27 - 31,7 - 10,Backend разработка,Senior,ИТ продуктовая компания,Алматы,Не вижу разницы,"Рекомендации и отзывы сотрудников (нынешних или бывших), Репутация компании на рынке (обсуждение в чатах, пабликах, каналах), Впечатление от общения с HR или ИТ-рекрутером компании",5,Да
1090,rus,Да,Женщина,32 - 36,7 - 10,Маркетинг | SMM | SEO,C-level (CEO + CEO-1),Агрегатор / Платформа,Алматы,Не вижу разницы,"Впечатление от общения с HR или ИТ-рекрутером компании, Личный бренд основателя или руководителя компании, Рекомендации и отзывы сотрудников (нынешних или бывших)",5,Нет
1091,rus,Нет,Женщина,27 - 31,Менее 2 лет,Проектный менеджмент,Middle,Финансовый сектор (банк / брокер / страховая компания),Алматы,Только иностранная компания (в Казахстане),"Рейтинги, Рекомендации и отзывы сотрудников (нынешних или бывших), Репутация компании на рынке (обсуждение в чатах, пабликах, каналах)",5,Да
1092,rus,Да,Мужчина,37 - 41,15 - 19,ИТ безопасность,Tribe Leader,Другое,Алматы,Не вижу разницы,"Личный бренд основателя или руководителя компании, Рекомендации и отзывы сотрудников (нынешних или бывших), Репутация компании на рынке (обсуждение в чатах, пабликах, каналах)",3,Да
1093,rus,Нет,Женщина,37 - 41,7 - 10,Высший менеджмент (CEO/CIO/CTO/CMO/CPO/CISO/CTIO/CAIO/CDO),C-level (CEO + CEO-1),Телекоммуникации,Алматы,Только иностранная компания (в Казахстане),"Рекомендации и отзывы сотрудников (нынешних или бывших), Впечатление от общения с HR или ИТ-рекрутером компании, Личный опыт использования цифрового продукта или услуги компании",5,Да
1094,kaz,Нет,Женщина,27 - 31,3 - 6,QA тестирование,Senior,Телекоммуникации,Алматы,Не вижу разницы,"Рекомендации и отзывы сотрудников (нынешних или бывших), Впечатление от общения с HR или ИТ-рекрутером компании, Личный опыт использования цифрового продукта или услуги компании",4,Нет
1095,rus,Нет,Женщина,37 - 41,15 - 19,Web-design | UX/UI,Tribe Leader,ИТ продуктовая компания,Астана,Не вижу разницы,"Рекомендации и отзывы сотрудников (нынешних или бывших), Личный опыт использования цифрового продукта или услуги компании, Впечатление от общения с HR или ИТ-рекрутером компании",3,Да
1096,rus,Нет,Мужчина,22 - 26,3 - 6,QA тестирование,Middle,Разработка ПО | IT Outsourcing,Астана,Не вижу разницы,"Рекомендации и отзывы сотрудников (нынешних или бывших), Впечатление от общения с HR или ИТ-рекрутером компании, Репутация компании на рынке (обсуждение в чатах, пабликах, каналах)",5,Да
1097,rus,Нет,Женщина,37 - 41,11 - 14,HR | ИТ подбор,C-level,Строительство / Инжиниринг / Сервис,Алматы,Не вижу разницы,"Репутация компании на рынке (обсуждение в чатах, пабликах, каналах), Впечатление от общения с HR или ИТ-рекрутером компании, Другое: Общение с руководителем",4,Нет
1098,rus,Нет,Мужчина,27 - 31,3 - 6,Frontend разработка,Senior,Финансовый сектор (банк / брокер / страховая компания),Алматы,Не вижу разницы,"Впечатление от общения с HR или ИТ-рекрутером компании, Рекомендации и отзывы сотрудников (нынешних или бывших), Рейтинги",4,Да
1099,rus,Да,Женщина,42 - 46,Менее 2 лет,HR | ИТ подбор,C-level,Строительство / Инжиниринг / Сервис,Алматы,Не вижу разницы,"Репутация компании на рынке (обсуждение в чатах, пабликах, каналах), Официальный сайт компании, Рейтинги",5,Да
1100,rus,Нет,Мужчина,27 - 31,Менее 2 лет,QA тестирование,Junior,Разработка ПО | IT Outsourcing,Астана,Только иностранная компания (в Казахстане),"Рекомендации и отзывы сотрудников (нынешних или бывших), Официальный сайт компании",5,Да
1101,rus,Да,Женщина,27 - 31,7 - 10,ИТ безопасность,Middle,Разработка ПО | IT Outsourcing,Астана,Хочу работать только на иностранную компанию (удаленно из Казахстана),"Реклама компании на профессиональных мероприятиях и митапах, Репутация компании на рынке (обсуждение в чатах, пабликах, каналах), Рекомендации и отзывы сотрудников (нынешних или бывших)",5,Да
1102,rus,Да,Мужчина,37 - 41,15 - 19,Продакт менеджмент,C-level,Финансовый сектор (банк / брокер / страховая компания),Алматы,Не вижу разницы,"Личный опыт использования цифрового продукта или услуги компании, Личный бренд основателя или руководителя компании, Рекомендации и отзывы сотрудников (нынешних или бывших)",3,Да
1103,rus,Нет,Женщина,42 - 46,3 - 6,Проектный менеджмент,Team Lead,Финансовый сектор (банк / брокер / страховая компания),Алматы,Не вижу разницы,"Рекомендации и отзывы сотрудников (нынешних или бывших), Личный опыт использования цифрового продукта или услуги компании, Репутация компании на рынке (обсуждение в чатах, пабликах, каналах)",4,Нет
1104,rus,Нет,Женщина,22 - 26,3 - 6,Проектный менеджмент,Middle,Fintech,Алматы,Не вижу разницы,"Рекомендации и отзывы сотрудников (нынешних или бывших), Корпоративные профили на специализированных платформах (LinkedIn, hh.kz и пр.), Впечатление от общения с HR или ИТ-рекрутером компании",5,Нет
1105,rus,Да,Мужчина,42 - 46,Более 20 лет,Backend разработка,Team Lead,Финансовый сектор (банк / брокер / страховая компания),Алматы,Не вижу разницы,"Репутация компании на рынке (обсуждение в чатах, пабликах, каналах), Рекомендации и отзывы сотрудников (нынешних или бывших), Впечатление от общения с HR или ИТ-рекрутером компании",4,Да
1106,rus,Нет,Мужчина,32 - 36,3 - 6,Проектный менеджмент,Middle,Финансовый сектор (банк / брокер / страховая компания),Алматы,Только иностранная компания (в Казахстане),"Рекомендации и отзывы сотрудников (нынешних или бывших), Личный бренд основателя или руководителя компании, Репутация компании на рынке (обсуждение в чатах, пабликах, каналах)",4,Нет
1107,rus,Да,Мужчина,42 - 46,Более 20 лет,Высший менеджмент (CEO/CIO/CTO/CMO/CPO/CISO/CTIO/CAIO/CDO),C-level,Разработка ПО | IT Outsourcing,Алматы,Только иностранная компания (в Казахстане),"Репутация компании на рынке (обсуждение в чатах, пабликах, каналах), Рекомендации и отзывы сотрудников (нынешних или бывших), Впечатление от общения с HR или ИТ-рекрутером компании",4,Нет
1108,rus,Нет,Мужчина,22 - 26,3 - 6,Backend разработка,Junior,ИТ продуктовая компания,Алматы,Не вижу разницы,"Рекомендации и отзывы сотрудников (нынешних или бывших), Репутация компании на рынке (обсуждение в чатах, пабликах, каналах), Рейтинги",5,Да
1109,rus,Да,Женщина,37 - 41,7 - 10,HR | ИТ подбор,C-level,Телекоммуникации,Алматы,Только иностранная компания (в Казахстане),"Корпоративные профили на специализированных платформах (LinkedIn, hh.kz и пр.), Реклама компании на профессиональных мероприятиях и митапах, Впечатление от общения с HR или ИТ-рекрутером компании",5,Да
1110,rus,Да,Мужчина,27 - 31,3 - 6,QA тестирование,Senior,ИТ продуктовая компания,Астана,Хочу работать только на иностранную компанию (удаленно из Казахстана),"Личный бренд основателя или руководителя компании, Репутация компании на рынке (обсуждение в чатах, пабликах, каналах), Рекомендации и отзывы сотрудников (нынешних или бывших)",5,Нет
1111,rus,Нет,Мужчина,42 - 46,Более 20 лет,Проектный менеджмент,Tribe Leader,Разработка ПО | IT Outsourcing,Караганда,Только иностранная компания (в Казахстане),"Репутация компании на рынке (обсуждение в чатах, пабликах, каналах), Рейтинги, Рекомендации и отзывы сотрудников (нынешних или бывших)",1,-
